{
  "last_node_id": 75,
  "last_link_id": 133,
  "nodes": [
    {
      "id": 2,
      "type": "LoadImage",
      "pos": [
        -186,
        538
      ],
      "size": [
        315,
        314.0000305175781
      ],
      "flags": {},
      "order": 0,
      "mode": 0,
      "outputs": [
        {
          "name": "IMAGE",
          "type": "IMAGE",
          "links": [
            1
          ],
          "shape": 3,
          "slot_index": 0
        },
        {
          "name": "MASK",
          "type": "MASK",
          "links": null,
          "shape": 3
        }
      ],
      "properties": {
        "Node name for S&R": "LoadImage"
      },
      "widgets_values": [
        "00166-3223693003.png",
        "image"
      ]
    },
    {
      "id": 4,
      "type": "VAEEncode",
      "pos": [
        210,
        662
      ],
      "size": {
        "0": 210,
        "1": 46
      },
      "flags": {},
      "order": 7,
      "mode": 0,
      "inputs": [
        {
          "name": "pixels",
          "type": "IMAGE",
          "link": 1
        },
        {
          "name": "vae",
          "type": "VAE",
          "link": 11
        }
      ],
      "outputs": [
        {
          "name": "LATENT",
          "type": "LATENT",
          "links": [
            3
          ],
          "shape": 3,
          "slot_index": 0
        }
      ],
      "properties": {
        "Node name for S&R": "VAEEncode"
      }
    },
    {
      "id": 7,
      "type": "LoadImage",
      "pos": [
        -180,
        970
      ],
      "size": {
        "0": 315,
        "1": 314.0000305175781
      },
      "flags": {},
      "order": 1,
      "mode": 0,
      "outputs": [
        {
          "name": "IMAGE",
          "type": "IMAGE",
          "links": [
            5
          ],
          "shape": 3,
          "slot_index": 0
        },
        {
          "name": "MASK",
          "type": "MASK",
          "links": null,
          "shape": 3
        }
      ],
      "properties": {
        "Node name for S&R": "LoadImage"
      },
      "widgets_values": [
        "00005-4162639744.png",
        "image"
      ]
    },
    {
      "id": 8,
      "type": "VAEEncode",
      "pos": [
        204,
        992
      ],
      "size": {
        "0": 210,
        "1": 46
      },
      "flags": {},
      "order": 8,
      "mode": 0,
      "inputs": [
        {
          "name": "pixels",
          "type": "IMAGE",
          "link": 5
        },
        {
          "name": "vae",
          "type": "VAE",
          "link": 12
        }
      ],
      "outputs": [
        {
          "name": "LATENT",
          "type": "LATENT",
          "links": [
            6
          ],
          "shape": 3,
          "slot_index": 0
        }
      ],
      "properties": {
        "Node name for S&R": "VAEEncode"
      }
    },
    {
      "id": 11,
      "type": "PreviewImage",
      "pos": [
        872.5547180175781,
        940.3593444824219
      ],
      "size": [
        210,
        246
      ],
      "flags": {},
      "order": 17,
      "mode": 0,
      "inputs": [
        {
          "name": "images",
          "type": "IMAGE",
          "link": 9
        }
      ],
      "properties": {
        "Node name for S&R": "PreviewImage"
      }
    },
    {
      "id": 9,
      "type": "VAEDecode",
      "pos": [
        849,
        814
      ],
      "size": {
        "0": 210,
        "1": 46
      },
      "flags": {},
      "order": 12,
      "mode": 0,
      "inputs": [
        {
          "name": "samples",
          "type": "LATENT",
          "link": 7
        },
        {
          "name": "vae",
          "type": "VAE",
          "link": 10,
          "slot_index": 1
        }
      ],
      "outputs": [
        {
          "name": "IMAGE",
          "type": "IMAGE",
          "links": [
            9
          ],
          "shape": 3,
          "slot_index": 0
        }
      ],
      "properties": {
        "Node name for S&R": "VAEDecode"
      }
    },
    {
      "id": 12,
      "type": "VAELoader",
      "pos": [
        509,
        639
      ],
      "size": {
        "0": 315,
        "1": 58
      },
      "flags": {},
      "order": 2,
      "mode": 0,
      "outputs": [
        {
          "name": "VAE",
          "type": "VAE",
          "links": [
            10,
            11,
            12
          ],
          "shape": 3,
          "slot_index": 0
        }
      ],
      "properties": {
        "Node name for S&R": "VAELoader"
      },
      "widgets_values": [
        "vae-ft-mse-840000-ema-pruned.ckpt"
      ]
    },
    {
      "id": 1,
      "type": "LatentBlend",
      "pos": [
        471,
        829
      ],
      "size": {
        "0": 315,
        "1": 78
      },
      "flags": {},
      "order": 10,
      "mode": 0,
      "inputs": [
        {
          "name": "samples1",
          "type": "LATENT",
          "link": 3
        },
        {
          "name": "samples2",
          "type": "LATENT",
          "link": 6
        }
      ],
      "outputs": [
        {
          "name": "LATENT",
          "type": "LATENT",
          "links": [
            7
          ],
          "shape": 3,
          "slot_index": 0
        }
      ],
      "properties": {
        "Node name for S&R": "LatentBlend"
      },
      "widgets_values": [
        0.2
      ]
    },
    {
      "id": 17,
      "type": "EmptyLatentImage",
      "pos": [
        514.9968427483591,
        1890.819601237311
      ],
      "size": {
        "0": 315,
        "1": 106
      },
      "flags": {},
      "order": 3,
      "mode": 0,
      "outputs": [
        {
          "name": "LATENT",
          "type": "LATENT",
          "links": [
            18
          ],
          "shape": 3
        }
      ],
      "properties": {
        "Node name for S&R": "EmptyLatentImage"
      },
      "widgets_values": [
        1024,
        768,
        1
      ],
      "color": "#323",
      "bgcolor": "#535"
    },
    {
      "id": 20,
      "type": "PreviewImage",
      "pos": [
        1219.9968427483611,
        1828.819601237311
      ],
      "size": [
        267.76862464843634,
        246
      ],
      "flags": {},
      "order": 30,
      "mode": 0,
      "inputs": [
        {
          "name": "images",
          "type": "IMAGE",
          "link": 21
        }
      ],
      "properties": {
        "Node name for S&R": "PreviewImage"
      }
    },
    {
      "id": 30,
      "type": "Pipe from any [Crystools]",
      "pos": [
        479.8307599007034,
        2100.4058993313747
      ],
      "size": {
        "0": 216.59999084472656,
        "1": 146
      },
      "flags": {},
      "order": 13,
      "mode": 0,
      "inputs": [
        {
          "name": "CPipeAny",
          "type": "CPipeAny",
          "link": 33
        }
      ],
      "outputs": [
        {
          "name": "CPipeAny",
          "type": "CPipeAny",
          "links": null,
          "shape": 3
        },
        {
          "name": "any_1",
          "type": "*",
          "links": [
            34
          ],
          "shape": 3,
          "label": "MODEL",
          "slot_index": 1
        },
        {
          "name": "any_2",
          "type": "*",
          "links": [
            36
          ],
          "shape": 3,
          "label": "CLIP",
          "slot_index": 2
        },
        {
          "name": "any_3",
          "type": "*",
          "links": [
            39
          ],
          "shape": 3,
          "label": "VAE",
          "slot_index": 3
        },
        {
          "name": "any_4",
          "type": "*",
          "links": [
            35
          ],
          "shape": 3,
          "label": "NAG",
          "slot_index": 4
        },
        {
          "name": "any_5",
          "type": "*",
          "links": null,
          "shape": 3
        },
        {
          "name": "any_6",
          "type": "*",
          "links": null,
          "shape": 3
        }
      ],
      "properties": {
        "Node name for S&R": "Pipe from any [Crystools]"
      },
      "color": "#432",
      "bgcolor": "#653"
    },
    {
      "id": 34,
      "type": "VAEDecode",
      "pos": [
        1243.4562054429944,
        2477.8505431412955
      ],
      "size": {
        "0": 210,
        "1": 46
      },
      "flags": {},
      "order": 26,
      "mode": 0,
      "inputs": [
        {
          "name": "samples",
          "type": "LATENT",
          "link": 45
        },
        {
          "name": "vae",
          "type": "VAE",
          "link": 46
        }
      ],
      "outputs": [
        {
          "name": "IMAGE",
          "type": "IMAGE",
          "links": [
            47
          ],
          "shape": 3,
          "slot_index": 0
        }
      ],
      "properties": {
        "Node name for S&R": "VAEDecode"
      }
    },
    {
      "id": 35,
      "type": "PreviewImage",
      "pos": [
        1233.4562054429944,
        2587.8505431412955
      ],
      "size": {
        "0": 267.76861572265625,
        "1": 246
      },
      "flags": {},
      "order": 31,
      "mode": 0,
      "inputs": [
        {
          "name": "images",
          "type": "IMAGE",
          "link": 47
        }
      ],
      "properties": {
        "Node name for S&R": "PreviewImage"
      }
    },
    {
      "id": 33,
      "type": "EmptyLatentImage",
      "pos": [
        523.4562054429942,
        2647.8505431412955
      ],
      "size": {
        "0": 315,
        "1": 106
      },
      "flags": {},
      "order": 4,
      "mode": 0,
      "outputs": [
        {
          "name": "LATENT",
          "type": "LATENT",
          "links": [
            44
          ],
          "shape": 3
        }
      ],
      "properties": {
        "Node name for S&R": "EmptyLatentImage"
      },
      "widgets_values": [
        512,
        768,
        1
      ],
      "color": "#323",
      "bgcolor": "#535"
    },
    {
      "id": 19,
      "type": "VAEDecode",
      "pos": [
        1229,
        1721
      ],
      "size": {
        "0": 210,
        "1": 46
      },
      "flags": {},
      "order": 25,
      "mode": 0,
      "inputs": [
        {
          "name": "samples",
          "type": "LATENT",
          "link": 20
        },
        {
          "name": "vae",
          "type": "VAE",
          "link": 39
        }
      ],
      "outputs": [
        {
          "name": "IMAGE",
          "type": "IMAGE",
          "links": [
            21
          ],
          "shape": 3,
          "slot_index": 0
        }
      ],
      "properties": {
        "Node name for S&R": "VAEDecode"
      }
    },
    {
      "id": 36,
      "type": "Pipe from any [Crystools]",
      "pos": [
        493.7062356025944,
        2857.3506034604948
      ],
      "size": {
        "0": 216.59999084472656,
        "1": 146
      },
      "flags": {},
      "order": 14,
      "mode": 0,
      "inputs": [
        {
          "name": "CPipeAny",
          "type": "CPipeAny",
          "link": 48
        }
      ],
      "outputs": [
        {
          "name": "CPipeAny",
          "type": "CPipeAny",
          "links": null,
          "shape": 3
        },
        {
          "name": "any_1",
          "type": "*",
          "links": [
            41
          ],
          "shape": 3,
          "label": "MODEL",
          "slot_index": 1
        },
        {
          "name": "any_2",
          "type": "*",
          "links": [
            40
          ],
          "shape": 3,
          "label": "CLIP",
          "slot_index": 2
        },
        {
          "name": "any_3",
          "type": "*",
          "links": [
            46
          ],
          "shape": 3,
          "label": "VAE",
          "slot_index": 3
        },
        {
          "name": "any_4",
          "type": "*",
          "links": [
            43
          ],
          "shape": 3,
          "label": "NAG",
          "slot_index": 4
        },
        {
          "name": "any_5",
          "type": "*",
          "links": null,
          "shape": 3
        },
        {
          "name": "any_6",
          "type": "*",
          "links": null,
          "shape": 3
        }
      ],
      "properties": {
        "Node name for S&R": "Pipe from any [Crystools]"
      },
      "color": "#432",
      "bgcolor": "#653"
    },
    {
      "id": 14,
      "type": "CLIPTextEncode",
      "pos": [
        518.9968427483591,
        1731.819601237311
      ],
      "size": [
        305.67124800248575,
        107.48259943181824
      ],
      "flags": {},
      "order": 18,
      "mode": 0,
      "inputs": [
        {
          "name": "clip",
          "type": "CLIP",
          "link": 36
        }
      ],
      "outputs": [
        {
          "name": "CONDITIONING",
          "type": "CONDITIONING",
          "links": [
            22,
            58
          ],
          "shape": 3,
          "slot_index": 0
        }
      ],
      "properties": {
        "Node name for S&R": "CLIPTextEncode"
      },
      "widgets_values": [
        "sandy beach with palm trees"
      ],
      "color": "#232",
      "bgcolor": "#353"
    },
    {
      "id": 44,
      "type": "SaveImage",
      "pos": [
        2960.856337226249,
        2257.7185911656256
      ],
      "size": [
        324.0209683593739,
        363.46873886718686
      ],
      "flags": {},
      "order": 41,
      "mode": 0,
      "inputs": [
        {
          "name": "images",
          "type": "IMAGE",
          "link": 62
        }
      ],
      "properties": {},
      "widgets_values": [
        "ComfyUI"
      ]
    },
    {
      "id": 31,
      "type": "CLIPTextEncode",
      "pos": [
        533.4562054429942,
        2487.8505431412955
      ],
      "size": {
        "0": 305.6712341308594,
        "1": 107.48259735107422
      },
      "flags": {},
      "order": 19,
      "mode": 0,
      "inputs": [
        {
          "name": "clip",
          "type": "CLIP",
          "link": 40
        }
      ],
      "outputs": [
        {
          "name": "CONDITIONING",
          "type": "CONDITIONING",
          "links": [
            42,
            59
          ],
          "shape": 3,
          "slot_index": 0
        }
      ],
      "properties": {
        "Node name for S&R": "CLIPTextEncode"
      },
      "widgets_values": [
        "a woman in a dress on the beach"
      ],
      "color": "#232",
      "bgcolor": "#353"
    },
    {
      "id": 32,
      "type": "KSampler",
      "pos": [
        863.4562054429942,
        2477.8505431412955
      ],
      "size": {
        "0": 315,
        "1": 262
      },
      "flags": {},
      "order": 22,
      "mode": 0,
      "inputs": [
        {
          "name": "model",
          "type": "MODEL",
          "link": 41
        },
        {
          "name": "positive",
          "type": "CONDITIONING",
          "link": 42
        },
        {
          "name": "negative",
          "type": "CONDITIONING",
          "link": 43
        },
        {
          "name": "latent_image",
          "type": "LATENT",
          "link": 44,
          "slot_index": 3
        }
      ],
      "outputs": [
        {
          "name": "LATENT",
          "type": "LATENT",
          "links": [
            45,
            51
          ],
          "shape": 3,
          "slot_index": 0
        }
      ],
      "properties": {
        "Node name for S&R": "KSampler"
      },
      "widgets_values": [
        394631306768377,
        "fixed",
        20,
        7,
        "dpmpp_2m_sde_gpu",
        "karras",
        1
      ]
    },
    {
      "id": 16,
      "type": "KSampler",
      "pos": [
        855,
        1720
      ],
      "size": {
        "0": 315,
        "1": 262
      },
      "flags": {},
      "order": 21,
      "mode": 0,
      "inputs": [
        {
          "name": "model",
          "type": "MODEL",
          "link": 34
        },
        {
          "name": "positive",
          "type": "CONDITIONING",
          "link": 22
        },
        {
          "name": "negative",
          "type": "CONDITIONING",
          "link": 35
        },
        {
          "name": "latent_image",
          "type": "LATENT",
          "link": 18,
          "slot_index": 3
        }
      ],
      "outputs": [
        {
          "name": "LATENT",
          "type": "LATENT",
          "links": [
            20,
            50
          ],
          "shape": 3,
          "slot_index": 0
        }
      ],
      "properties": {
        "Node name for S&R": "KSampler"
      },
      "widgets_values": [
        1104854673145825,
        "fixed",
        20,
        7,
        "dpmpp_2m_sde_gpu",
        "karras",
        1
      ]
    },
    {
      "id": 29,
      "type": "Pipe to/edit any [Crystools]",
      "pos": [
        -50.14682503417969,
        2661.3958999062497
      ],
      "size": {
        "0": 216.59999084472656,
        "1": 146
      },
      "flags": {},
      "order": 11,
      "mode": 0,
      "inputs": [
        {
          "name": "CPipeAny",
          "type": "CPipeAny",
          "link": null
        },
        {
          "name": "any_1",
          "type": "*",
          "link": 29,
          "label": "MODEL"
        },
        {
          "name": "any_2",
          "type": "*",
          "link": 30,
          "label": "CLIP"
        },
        {
          "name": "any_3",
          "type": "*",
          "link": 31,
          "label": "VAE"
        },
        {
          "name": "any_4",
          "type": "*",
          "link": 32,
          "label": "NEG"
        },
        {
          "name": "any_5",
          "type": "*",
          "link": null
        },
        {
          "name": "any_6",
          "type": "*",
          "link": null
        }
      ],
      "outputs": [
        {
          "name": "CPipeAny",
          "type": "CPipeAny",
          "links": [
            33,
            48,
            54,
            78
          ],
          "shape": 3,
          "slot_index": 0
        }
      ],
      "properties": {
        "Node name for S&R": "Pipe to/edit any [Crystools]"
      },
      "color": "#432",
      "bgcolor": "#653"
    },
    {
      "id": 50,
      "type": "EmptyLatentImage",
      "pos": [
        520,
        3418.006584384303
      ],
      "size": {
        "0": 315,
        "1": 106
      },
      "flags": {},
      "order": 5,
      "mode": 0,
      "outputs": [
        {
          "name": "LATENT",
          "type": "LATENT",
          "links": [
            74
          ],
          "shape": 3,
          "slot_index": 0
        }
      ],
      "properties": {
        "Node name for S&R": "EmptyLatentImage"
      },
      "widgets_values": [
        512,
        512,
        1
      ],
      "color": "#323",
      "bgcolor": "#535"
    },
    {
      "id": 51,
      "type": "VAEDecode",
      "pos": [
        1240,
        3248.006584384303
      ],
      "size": {
        "0": 210,
        "1": 46
      },
      "flags": {},
      "order": 29,
      "mode": 0,
      "inputs": [
        {
          "name": "samples",
          "type": "LATENT",
          "link": 112
        },
        {
          "name": "vae",
          "type": "VAE",
          "link": 76
        }
      ],
      "outputs": [
        {
          "name": "IMAGE",
          "type": "IMAGE",
          "links": [
            106
          ],
          "shape": 3,
          "slot_index": 0
        }
      ],
      "properties": {
        "Node name for S&R": "VAEDecode"
      }
    },
    {
      "id": 53,
      "type": "Pipe from any [Crystools]",
      "pos": [
        490,
        3628.006584384303
      ],
      "size": {
        "0": 216.59999084472656,
        "1": 146
      },
      "flags": {},
      "order": 16,
      "mode": 0,
      "inputs": [
        {
          "name": "CPipeAny",
          "type": "CPipeAny",
          "link": 78
        }
      ],
      "outputs": [
        {
          "name": "CPipeAny",
          "type": "CPipeAny",
          "links": null,
          "shape": 3
        },
        {
          "name": "any_1",
          "type": "*",
          "links": [
            71
          ],
          "shape": 3,
          "label": "MODEL",
          "slot_index": 1
        },
        {
          "name": "any_2",
          "type": "*",
          "links": [
            70
          ],
          "shape": 3,
          "label": "CLIP",
          "slot_index": 2
        },
        {
          "name": "any_3",
          "type": "*",
          "links": [
            76,
            118
          ],
          "shape": 3,
          "label": "VAE",
          "slot_index": 3
        },
        {
          "name": "any_4",
          "type": "*",
          "links": [
            73
          ],
          "shape": 3,
          "label": "NAG",
          "slot_index": 4
        },
        {
          "name": "any_5",
          "type": "*",
          "links": null,
          "shape": 3
        },
        {
          "name": "any_6",
          "type": "*",
          "links": null,
          "shape": 3
        }
      ],
      "properties": {
        "Node name for S&R": "Pipe from any [Crystools]"
      },
      "color": "#432",
      "bgcolor": "#653"
    },
    {
      "id": 66,
      "type": "VAEEncode",
      "pos": [
        1547,
        3452.006584384303
      ],
      "size": {
        "0": 210,
        "1": 46
      },
      "flags": {},
      "order": 33,
      "mode": 0,
      "inputs": [
        {
          "name": "pixels",
          "type": "IMAGE",
          "link": 113
        },
        {
          "name": "vae",
          "type": "VAE",
          "link": 118
        }
      ],
      "outputs": [
        {
          "name": "LATENT",
          "type": "LATENT",
          "links": [
            117
          ],
          "shape": 3,
          "slot_index": 0
        }
      ],
      "properties": {
        "Node name for S&R": "VAEEncode"
      }
    },
    {
      "id": 67,
      "type": "PreviewImage",
      "pos": [
        1550,
        3552.006584384303
      ],
      "size": [
        210,
        246
      ],
      "flags": {},
      "order": 34,
      "mode": 0,
      "inputs": [
        {
          "name": "images",
          "type": "IMAGE",
          "link": 114
        }
      ],
      "properties": {
        "Node name for S&R": "PreviewImage"
      }
    },
    {
      "id": 69,
      "type": "PreviewImage",
      "pos": [
        2975.856337226249,
        2723.7185911656256
      ],
      "size": [
        210,
        246
      ],
      "flags": {},
      "order": 39,
      "mode": 0,
      "inputs": [
        {
          "name": "images",
          "type": "IMAGE",
          "link": 120
        }
      ],
      "properties": {
        "Node name for S&R": "PreviewImage"
      }
    },
    {
      "id": 68,
      "type": "VAEDecode",
      "pos": [
        2726.856337226249,
        2735.7185911656256
      ],
      "size": {
        "0": 210,
        "1": 46
      },
      "flags": {},
      "order": 37,
      "mode": 0,
      "inputs": [
        {
          "name": "samples",
          "type": "LATENT",
          "link": 119
        },
        {
          "name": "vae",
          "type": "VAE",
          "link": 121
        }
      ],
      "outputs": [
        {
          "name": "IMAGE",
          "type": "IMAGE",
          "links": [
            120
          ],
          "shape": 3,
          "slot_index": 0
        }
      ],
      "properties": {
        "Node name for S&R": "VAEDecode"
      }
    },
    {
      "id": 13,
      "type": "CheckpointLoaderSimple",
      "pos": [
        -202,
        2497
      ],
      "size": {
        "0": 315,
        "1": 98
      },
      "flags": {},
      "order": 6,
      "mode": 0,
      "outputs": [
        {
          "name": "MODEL",
          "type": "MODEL",
          "links": [
            29
          ],
          "shape": 3,
          "slot_index": 0
        },
        {
          "name": "CLIP",
          "type": "CLIP",
          "links": [
            14,
            30
          ],
          "shape": 3,
          "slot_index": 1
        },
        {
          "name": "VAE",
          "type": "VAE",
          "links": [
            31
          ],
          "shape": 3,
          "slot_index": 2
        }
      ],
      "properties": {
        "Node name for S&R": "CheckpointLoaderSimple"
      },
      "widgets_values": [
        "SDXL\\realvisxlV40_v40Bakedvae.safetensors"
      ],
      "color": "#223",
      "bgcolor": "#335"
    },
    {
      "id": 15,
      "type": "CLIPTextEncode",
      "pos": [
        -212,
        2257
      ],
      "size": [
        339.7655066601561,
        171.25519906249997
      ],
      "flags": {},
      "order": 9,
      "mode": 0,
      "inputs": [
        {
          "name": "clip",
          "type": "CLIP",
          "link": 14
        }
      ],
      "outputs": [
        {
          "name": "CONDITIONING",
          "type": "CONDITIONING",
          "links": [
            32
          ],
          "shape": 3,
          "slot_index": 0
        }
      ],
      "properties": {
        "Node name for S&R": "CLIPTextEncode"
      },
      "widgets_values": [
        "(deformed, distorted, disfigured:1.3), stacked torsos, totem pole, poorly drawn, bad anatomy, wrong anatomy, extra limb, missing limb, floating limbs, (mutated hands and fingers:1.4), disconnected limbs, mutation, mutated, ugly, disgusting, blurry, amputation"
      ],
      "color": "#322",
      "bgcolor": "#533"
    },
    {
      "id": 54,
      "type": "LatentComposite",
      "pos": [
        2091,
        2265
      ],
      "size": {
        "0": 315,
        "1": 126
      },
      "flags": {},
      "order": 35,
      "mode": 0,
      "inputs": [
        {
          "name": "samples_to",
          "type": "LATENT",
          "link": 79
        },
        {
          "name": "samples_from",
          "type": "LATENT",
          "link": 117
        }
      ],
      "outputs": [
        {
          "name": "LATENT",
          "type": "LATENT",
          "links": [
            81,
            119
          ],
          "shape": 3,
          "slot_index": 0
        }
      ],
      "properties": {
        "Node name for S&R": "LatentComposite"
      },
      "widgets_values": [
        48,
        304,
        48
      ],
      "color": "#323",
      "bgcolor": "#535"
    },
    {
      "id": 49,
      "type": "KSampler",
      "pos": [
        860,
        3248.006584384303
      ],
      "size": {
        "0": 315,
        "1": 262
      },
      "flags": {},
      "order": 24,
      "mode": 0,
      "inputs": [
        {
          "name": "model",
          "type": "MODEL",
          "link": 71
        },
        {
          "name": "positive",
          "type": "CONDITIONING",
          "link": 72
        },
        {
          "name": "negative",
          "type": "CONDITIONING",
          "link": 73
        },
        {
          "name": "latent_image",
          "type": "LATENT",
          "link": 74,
          "slot_index": 3
        }
      ],
      "outputs": [
        {
          "name": "LATENT",
          "type": "LATENT",
          "links": [
            112
          ],
          "shape": 3,
          "slot_index": 0
        }
      ],
      "properties": {
        "Node name for S&R": "KSampler"
      },
      "widgets_values": [
        860882173809624,
        "fixed",
        20,
        7,
        "euler",
        "normal",
        1
      ]
    },
    {
      "id": 47,
      "type": "LatentUpscaleBy",
      "pos": [
        2396,
        2564
      ],
      "size": {
        "0": 315,
        "1": 82
      },
      "flags": {},
      "order": 36,
      "mode": 4,
      "inputs": [
        {
          "name": "samples",
          "type": "LATENT",
          "link": 81
        }
      ],
      "outputs": [
        {
          "name": "LATENT",
          "type": "LATENT",
          "links": [
            69
          ],
          "shape": 3,
          "slot_index": 0
        }
      ],
      "properties": {
        "Node name for S&R": "LatentUpscaleBy"
      },
      "widgets_values": [
        "bilinear",
        2
      ],
      "color": "#323",
      "bgcolor": "#535"
    },
    {
      "id": 43,
      "type": "VAEDecode",
      "pos": [
        2956.856337226249,
        2130.7185911656256
      ],
      "size": {
        "0": 210,
        "1": 46
      },
      "flags": {},
      "order": 40,
      "mode": 0,
      "inputs": [
        {
          "name": "samples",
          "type": "LATENT",
          "link": 61
        },
        {
          "name": "vae",
          "type": "VAE",
          "link": 64
        }
      ],
      "outputs": [
        {
          "name": "IMAGE",
          "type": "IMAGE",
          "links": [
            62,
            122
          ],
          "shape": 3,
          "slot_index": 0
        }
      ],
      "properties": {
        "Node name for S&R": "VAEDecode"
      }
    },
    {
      "id": 70,
      "type": "ImageScaleBy",
      "pos": [
        3405,
        2162
      ],
      "size": {
        "0": 315,
        "1": 82
      },
      "flags": {},
      "order": 42,
      "mode": 0,
      "inputs": [
        {
          "name": "image",
          "type": "IMAGE",
          "link": 122
        }
      ],
      "outputs": [
        {
          "name": "IMAGE",
          "type": "IMAGE",
          "links": [
            123
          ],
          "shape": 3,
          "slot_index": 0
        }
      ],
      "properties": {
        "Node name for S&R": "ImageScaleBy"
      },
      "widgets_values": [
        "lanczos",
        2
      ]
    },
    {
      "id": 39,
      "type": "KSamplerAdvanced",
      "pos": [
        2558,
        2137
      ],
      "size": {
        "0": 315,
        "1": 334
      },
      "flags": {},
      "order": 38,
      "mode": 0,
      "inputs": [
        {
          "name": "model",
          "type": "MODEL",
          "link": 55
        },
        {
          "name": "positive",
          "type": "CONDITIONING",
          "link": 91
        },
        {
          "name": "negative",
          "type": "CONDITIONING",
          "link": 56
        },
        {
          "name": "latent_image",
          "type": "LATENT",
          "link": 69
        }
      ],
      "outputs": [
        {
          "name": "LATENT",
          "type": "LATENT",
          "links": [
            61
          ],
          "shape": 3,
          "slot_index": 0
        }
      ],
      "properties": {
        "Node name for S&R": "KSamplerAdvanced"
      },
      "widgets_values": [
        "enable",
        995430630343174,
        "fixed",
        20,
        7,
        "dpmpp_2m_sde_gpu",
        "karras",
        8,
        10000,
        "disable"
      ]
    },
    {
      "id": 71,
      "type": "VAEEncode",
      "pos": [
        3784.84130859375,
        2198.0927734375
      ],
      "size": {
        "0": 210,
        "1": 46
      },
      "flags": {},
      "order": 43,
      "mode": 0,
      "inputs": [
        {
          "name": "pixels",
          "type": "IMAGE",
          "link": 123
        },
        {
          "name": "vae",
          "type": "VAE",
          "link": 132
        }
      ],
      "outputs": [
        {
          "name": "LATENT",
          "type": "LATENT",
          "links": [
            128
          ],
          "shape": 3,
          "slot_index": 0
        }
      ],
      "properties": {
        "Node name for S&R": "VAEEncode"
      }
    },
    {
      "id": 73,
      "type": "VAEDecode",
      "pos": [
        4073.0617480468745,
        2401.20728515625
      ],
      "size": {
        "0": 210,
        "1": 46
      },
      "flags": {},
      "order": 45,
      "mode": 0,
      "inputs": [
        {
          "name": "samples",
          "type": "LATENT",
          "link": 129
        },
        {
          "name": "vae",
          "type": "VAE",
          "link": 133
        }
      ],
      "outputs": [
        {
          "name": "IMAGE",
          "type": "IMAGE",
          "links": [
            131
          ],
          "shape": 3,
          "slot_index": 0
        }
      ],
      "properties": {
        "Node name for S&R": "VAEDecode"
      }
    },
    {
      "id": 75,
      "type": "PreviewImage",
      "pos": [
        3347,
        2330
      ],
      "size": [
        290.4617480468746,
        291.4272851562496
      ],
      "flags": {},
      "order": 46,
      "mode": 0,
      "inputs": [
        {
          "name": "images",
          "type": "IMAGE",
          "link": 131
        }
      ],
      "properties": {
        "Node name for S&R": "PreviewImage"
      }
    },
    {
      "id": 41,
      "type": "Pipe from any [Crystools]",
      "pos": [
        2100.8563372262506,
        2457.7185911656256
      ],
      "size": {
        "0": 216.59999084472656,
        "1": 146
      },
      "flags": {},
      "order": 15,
      "mode": 0,
      "inputs": [
        {
          "name": "CPipeAny",
          "type": "CPipeAny",
          "link": 54
        }
      ],
      "outputs": [
        {
          "name": "CPipeAny",
          "type": "CPipeAny",
          "links": null,
          "shape": 3
        },
        {
          "name": "any_1",
          "type": "*",
          "links": [
            55,
            124
          ],
          "shape": 3,
          "label": "MODEL",
          "slot_index": 1
        },
        {
          "name": "any_2",
          "type": "*",
          "links": [],
          "shape": 3,
          "label": "CLIP",
          "slot_index": 2
        },
        {
          "name": "any_3",
          "type": "*",
          "links": [
            64,
            121,
            132,
            133
          ],
          "shape": 3,
          "label": "VAE",
          "slot_index": 3
        },
        {
          "name": "any_4",
          "type": "*",
          "links": [
            56,
            126
          ],
          "shape": 3,
          "label": "NAG",
          "slot_index": 4
        },
        {
          "name": "any_5",
          "type": "*",
          "links": null,
          "shape": 3
        },
        {
          "name": "any_6",
          "type": "*",
          "links": null,
          "shape": 3
        }
      ],
      "properties": {
        "Node name for S&R": "Pipe from any [Crystools]"
      },
      "color": "#432",
      "bgcolor": "#653"
    },
    {
      "id": 72,
      "type": "KSamplerAdvanced",
      "pos": [
        3695,
        2341
      ],
      "size": {
        "0": 315,
        "1": 334
      },
      "flags": {},
      "order": 44,
      "mode": 0,
      "inputs": [
        {
          "name": "model",
          "type": "MODEL",
          "link": 124
        },
        {
          "name": "positive",
          "type": "CONDITIONING",
          "link": 125
        },
        {
          "name": "negative",
          "type": "CONDITIONING",
          "link": 126
        },
        {
          "name": "latent_image",
          "type": "LATENT",
          "link": 128
        }
      ],
      "outputs": [
        {
          "name": "LATENT",
          "type": "LATENT",
          "links": [
            129
          ],
          "shape": 3,
          "slot_index": 0
        }
      ],
      "properties": {
        "Node name for S&R": "KSamplerAdvanced"
      },
      "widgets_values": [
        "enable",
        995430630343174,
        "fixed",
        20,
        7,
        "dpmpp_2m_sde_gpu",
        "karras",
        12,
        10000,
        "disable"
      ]
    },
    {
      "id": 56,
      "type": "ConditioningCombine",
      "pos": [
        2081,
        1967
      ],
      "size": {
        "0": 342.5999755859375,
        "1": 46
      },
      "flags": {},
      "order": 28,
      "mode": 0,
      "inputs": [
        {
          "name": "conditioning_1",
          "type": "CONDITIONING",
          "link": 89
        },
        {
          "name": "conditioning_2",
          "type": "CONDITIONING",
          "link": 90
        }
      ],
      "outputs": [
        {
          "name": "CONDITIONING",
          "type": "CONDITIONING",
          "links": [
            91,
            125
          ],
          "shape": 3,
          "slot_index": 0
        }
      ],
      "properties": {
        "Node name for S&R": "ConditioningCombine"
      },
      "color": "#232",
      "bgcolor": "#353"
    },
    {
      "id": 42,
      "type": "ConditioningCombine",
      "pos": [
        2083,
        1860
      ],
      "size": {
        "0": 342.5999755859375,
        "1": 46
      },
      "flags": {},
      "order": 23,
      "mode": 0,
      "inputs": [
        {
          "name": "conditioning_1",
          "type": "CONDITIONING",
          "link": 58
        },
        {
          "name": "conditioning_2",
          "type": "CONDITIONING",
          "link": 59
        }
      ],
      "outputs": [
        {
          "name": "CONDITIONING",
          "type": "CONDITIONING",
          "links": [
            89
          ],
          "shape": 3,
          "slot_index": 0
        }
      ],
      "properties": {
        "Node name for S&R": "ConditioningCombine"
      },
      "color": "#232",
      "bgcolor": "#353"
    },
    {
      "id": 37,
      "type": "LatentComposite",
      "pos": [
        2088,
        2085
      ],
      "size": {
        "0": 315,
        "1": 126
      },
      "flags": {},
      "order": 27,
      "mode": 0,
      "inputs": [
        {
          "name": "samples_to",
          "type": "LATENT",
          "link": 50
        },
        {
          "name": "samples_from",
          "type": "LATENT",
          "link": 51
        }
      ],
      "outputs": [
        {
          "name": "LATENT",
          "type": "LATENT",
          "links": [
            79
          ],
          "shape": 3,
          "slot_index": 0
        }
      ],
      "properties": {
        "Node name for S&R": "LatentComposite"
      },
      "widgets_values": [
        512,
        0,
        160
      ],
      "color": "#323",
      "bgcolor": "#535"
    },
    {
      "id": 64,
      "type": "ImageScale",
      "pos": [
        1529,
        3263
      ],
      "size": [
        230.39444580078134,
        130
      ],
      "flags": {},
      "order": 32,
      "mode": 0,
      "inputs": [
        {
          "name": "image",
          "type": "IMAGE",
          "link": 106
        }
      ],
      "outputs": [
        {
          "name": "IMAGE",
          "type": "IMAGE",
          "links": [
            113,
            114
          ],
          "shape": 3,
          "slot_index": 0
        }
      ],
      "properties": {
        "Node name for S&R": "ImageScale"
      },
      "widgets_values": [
        "lanczos",
        380,
        380,
        "disabled"
      ]
    },
    {
      "id": 48,
      "type": "CLIPTextEncode",
      "pos": [
        530,
        3258.006584384303
      ],
      "size": {
        "0": 305.6712341308594,
        "1": 107.48259735107422
      },
      "flags": {},
      "order": 20,
      "mode": 0,
      "inputs": [
        {
          "name": "clip",
          "type": "CLIP",
          "link": 70
        }
      ],
      "outputs": [
        {
          "name": "CONDITIONING",
          "type": "CONDITIONING",
          "links": [
            72,
            90
          ],
          "shape": 3,
          "slot_index": 0
        }
      ],
      "properties": {
        "Node name for S&R": "CLIPTextEncode"
      },
      "widgets_values": [
        "portrait dog, sand, bushes"
      ],
      "color": "#232",
      "bgcolor": "#353"
    }
  ],
  "links": [
    [
      1,
      2,
      0,
      4,
      0,
      "IMAGE"
    ],
    [
      3,
      4,
      0,
      1,
      0,
      "LATENT"
    ],
    [
      5,
      7,
      0,
      8,
      0,
      "IMAGE"
    ],
    [
      6,
      8,
      0,
      1,
      1,
      "LATENT"
    ],
    [
      7,
      1,
      0,
      9,
      0,
      "LATENT"
    ],
    [
      9,
      9,
      0,
      11,
      0,
      "IMAGE"
    ],
    [
      10,
      12,
      0,
      9,
      1,
      "VAE"
    ],
    [
      11,
      12,
      0,
      4,
      1,
      "VAE"
    ],
    [
      12,
      12,
      0,
      8,
      1,
      "VAE"
    ],
    [
      14,
      13,
      1,
      15,
      0,
      "CLIP"
    ],
    [
      18,
      17,
      0,
      16,
      3,
      "LATENT"
    ],
    [
      20,
      16,
      0,
      19,
      0,
      "LATENT"
    ],
    [
      21,
      19,
      0,
      20,
      0,
      "IMAGE"
    ],
    [
      22,
      14,
      0,
      16,
      1,
      "CONDITIONING"
    ],
    [
      29,
      13,
      0,
      29,
      1,
      "*"
    ],
    [
      30,
      13,
      1,
      29,
      2,
      "*"
    ],
    [
      31,
      13,
      2,
      29,
      3,
      "*"
    ],
    [
      32,
      15,
      0,
      29,
      4,
      "*"
    ],
    [
      33,
      29,
      0,
      30,
      0,
      "CPipeAny"
    ],
    [
      34,
      30,
      1,
      16,
      0,
      "MODEL"
    ],
    [
      35,
      30,
      4,
      16,
      2,
      "CONDITIONING"
    ],
    [
      36,
      30,
      2,
      14,
      0,
      "CLIP"
    ],
    [
      39,
      30,
      3,
      19,
      1,
      "VAE"
    ],
    [
      40,
      36,
      2,
      31,
      0,
      "CLIP"
    ],
    [
      41,
      36,
      1,
      32,
      0,
      "MODEL"
    ],
    [
      42,
      31,
      0,
      32,
      1,
      "CONDITIONING"
    ],
    [
      43,
      36,
      4,
      32,
      2,
      "CONDITIONING"
    ],
    [
      44,
      33,
      0,
      32,
      3,
      "LATENT"
    ],
    [
      45,
      32,
      0,
      34,
      0,
      "LATENT"
    ],
    [
      46,
      36,
      3,
      34,
      1,
      "VAE"
    ],
    [
      47,
      34,
      0,
      35,
      0,
      "IMAGE"
    ],
    [
      48,
      29,
      0,
      36,
      0,
      "CPipeAny"
    ],
    [
      50,
      16,
      0,
      37,
      0,
      "LATENT"
    ],
    [
      51,
      32,
      0,
      37,
      1,
      "LATENT"
    ],
    [
      54,
      29,
      0,
      41,
      0,
      "CPipeAny"
    ],
    [
      55,
      41,
      1,
      39,
      0,
      "MODEL"
    ],
    [
      56,
      41,
      4,
      39,
      2,
      "CONDITIONING"
    ],
    [
      58,
      14,
      0,
      42,
      0,
      "CONDITIONING"
    ],
    [
      59,
      31,
      0,
      42,
      1,
      "CONDITIONING"
    ],
    [
      61,
      39,
      0,
      43,
      0,
      "LATENT"
    ],
    [
      62,
      43,
      0,
      44,
      0,
      "IMAGE"
    ],
    [
      64,
      41,
      3,
      43,
      1,
      "VAE"
    ],
    [
      69,
      47,
      0,
      39,
      3,
      "LATENT"
    ],
    [
      70,
      53,
      2,
      48,
      0,
      "CLIP"
    ],
    [
      71,
      53,
      1,
      49,
      0,
      "MODEL"
    ],
    [
      72,
      48,
      0,
      49,
      1,
      "CONDITIONING"
    ],
    [
      73,
      53,
      4,
      49,
      2,
      "CONDITIONING"
    ],
    [
      74,
      50,
      0,
      49,
      3,
      "LATENT"
    ],
    [
      76,
      53,
      3,
      51,
      1,
      "VAE"
    ],
    [
      78,
      29,
      0,
      53,
      0,
      "CPipeAny"
    ],
    [
      79,
      37,
      0,
      54,
      0,
      "LATENT"
    ],
    [
      81,
      54,
      0,
      47,
      0,
      "LATENT"
    ],
    [
      89,
      42,
      0,
      56,
      0,
      "CONDITIONING"
    ],
    [
      90,
      48,
      0,
      56,
      1,
      "CONDITIONING"
    ],
    [
      91,
      56,
      0,
      39,
      1,
      "CONDITIONING"
    ],
    [
      106,
      51,
      0,
      64,
      0,
      "IMAGE"
    ],
    [
      112,
      49,
      0,
      51,
      0,
      "LATENT"
    ],
    [
      113,
      64,
      0,
      66,
      0,
      "IMAGE"
    ],
    [
      114,
      64,
      0,
      67,
      0,
      "IMAGE"
    ],
    [
      117,
      66,
      0,
      54,
      1,
      "LATENT"
    ],
    [
      118,
      53,
      3,
      66,
      1,
      "VAE"
    ],
    [
      119,
      54,
      0,
      68,
      0,
      "LATENT"
    ],
    [
      120,
      68,
      0,
      69,
      0,
      "IMAGE"
    ],
    [
      121,
      41,
      3,
      68,
      1,
      "VAE"
    ],
    [
      122,
      43,
      0,
      70,
      0,
      "IMAGE"
    ],
    [
      123,
      70,
      0,
      71,
      0,
      "IMAGE"
    ],
    [
      124,
      41,
      1,
      72,
      0,
      "MODEL"
    ],
    [
      125,
      56,
      0,
      72,
      1,
      "CONDITIONING"
    ],
    [
      126,
      41,
      4,
      72,
      2,
      "CONDITIONING"
    ],
    [
      128,
      71,
      0,
      72,
      3,
      "LATENT"
    ],
    [
      129,
      72,
      0,
      73,
      0,
      "LATENT"
    ],
    [
      131,
      73,
      0,
      75,
      0,
      "IMAGE"
    ],
    [
      132,
      41,
      3,
      71,
      1,
      "VAE"
    ],
    [
      133,
      41,
      3,
      73,
      1,
      "VAE"
    ]
  ],
  "groups": [
    {
      "title": "Group",
      "bounding": [
        506,
        1647,
        1000,
        628
      ],
      "color": "#3f789e",
      "font_size": 24
    },
    {
      "title": "Group",
      "bounding": [
        -221,
        2183,
        365,
        670
      ],
      "color": "#3f789e",
      "font_size": 24
    },
    {
      "title": "Group",
      "bounding": [
        484,
        2404,
        1028,
        610
      ],
      "color": "#3f789e",
      "font_size": 24
    },
    {
      "title": "Group",
      "bounding": [
        480,
        3174,
        1343,
        633
      ],
      "color": "#3f789e",
      "font_size": 24
    },
    {
      "title": "Group",
      "bounding": [
        2071,
        1785,
        1224,
        1194
      ],
      "color": "#3f789e",
      "font_size": 24
    }
  ],
  "config": {},
  "extra": {},
  "version": 0.4
}