{
  "last_node_id": 626,
  "last_link_id": 1312,
  "nodes": [
    {
      "id": 254,
      "type": "LoadImage",
      "pos": {
        "0": -1297.7181396484375,
        "1": -785.6737060546875
      },
      "size": {
        "0": 315,
        "1": 314
      },
      "flags": {},
      "order": 0,
      "mode": 0,
      "inputs": [],
      "outputs": [
        {
          "name": "IMAGE",
          "type": "IMAGE",
          "links": [
            832
          ],
          "slot_index": 0,
          "shape": 3
        },
        {
          "name": "MASK",
          "type": "MASK",
          "links": null,
          "shape": 3
        }
      ],
      "properties": {
        "Node name for S&R": "LoadImage"
      },
      "widgets_values": [
        "ComfyUI_00023_.png",
        "image"
      ],
      "color": "#233",
      "bgcolor": "#355"
    },
    {
      "id": 304,
      "type": "LoadImage",
      "pos": {
        "0": -1285.7181396484375,
        "1": -357.6733703613281
      },
      "size": {
        "0": 315,
        "1": 314
      },
      "flags": {},
      "order": 1,
      "mode": 0,
      "inputs": [],
      "outputs": [
        {
          "name": "IMAGE",
          "type": "IMAGE",
          "links": [
            834
          ],
          "slot_index": 0,
          "shape": 3
        },
        {
          "name": "MASK",
          "type": "MASK",
          "links": [],
          "slot_index": 1,
          "shape": 3
        }
      ],
      "properties": {
        "Node name for S&R": "LoadImage"
      },
      "widgets_values": [
        "ComfyUI_00031_.png",
        "image"
      ],
      "color": "#233",
      "bgcolor": "#355"
    },
    {
      "id": 347,
      "type": "CompositorTools3",
      "pos": {
        "0": -813.71923828125,
        "1": -437.6733703613281
      },
      "size": {
        "0": 310.79998779296875,
        "1": 106
      },
      "flags": {},
      "order": 2,
      "mode": 0,
      "inputs": [],
      "outputs": [
        {
          "name": "tools",
          "type": "BOOLEAN",
          "links": [
            807
          ],
          "shape": 3
        }
      ],
      "properties": {
        "Node name for S&R": "CompositorTools3"
      },
      "color": "#233",
      "bgcolor": "#355"
    },
    {
      "id": 345,
      "type": "CompositorConfig3",
      "pos": {
        "0": -820.71923828125,
        "1": -1021.6737670898438
      },
      "size": {
        "0": 315,
        "1": 502
      },
      "flags": {},
      "order": 41,
      "mode": 0,
      "inputs": [
        {
          "name": "image1",
          "type": "IMAGE",
          "link": 821,
          "shape": 7
        },
        {
          "name": "mask1",
          "type": "MASK",
          "link": null,
          "shape": 7
        },
        {
          "name": "image2",
          "type": "IMAGE",
          "link": 833,
          "shape": 7
        },
        {
          "name": "mask2",
          "type": "MASK",
          "link": null,
          "shape": 7
        },
        {
          "name": "image3",
          "type": "IMAGE",
          "link": 835,
          "shape": 7
        },
        {
          "name": "mask3",
          "type": "MASK",
          "link": null,
          "shape": 7
        },
        {
          "name": "image4",
          "type": "IMAGE",
          "link": null,
          "shape": 7
        },
        {
          "name": "mask4",
          "type": "MASK",
          "link": null,
          "shape": 7
        },
        {
          "name": "image5",
          "type": "IMAGE",
          "link": null,
          "shape": 7
        },
        {
          "name": "mask5",
          "type": "MASK",
          "link": null,
          "shape": 7
        },
        {
          "name": "image6",
          "type": "IMAGE",
          "link": null,
          "shape": 7
        },
        {
          "name": "mask6",
          "type": "MASK",
          "link": null,
          "shape": 7
        },
        {
          "name": "image7",
          "type": "IMAGE",
          "link": null,
          "shape": 7
        },
        {
          "name": "mask7",
          "type": "MASK",
          "link": null,
          "shape": 7
        },
        {
          "name": "image8",
          "type": "IMAGE",
          "link": null,
          "shape": 7
        },
        {
          "name": "mask8",
          "type": "MASK",
          "link": null,
          "shape": 7
        }
      ],
      "outputs": [
        {
          "name": "config",
          "type": "COMPOSITOR_CONFIG",
          "links": [
            805
          ],
          "slot_index": 0,
          "shape": 3
        }
      ],
      "properties": {
        "Node name for S&R": "CompositorConfig3"
      },
      "widgets_values": [
        1024,
        768,
        110,
        true,
        true,
        false,
        1729114993521
      ],
      "color": "#233",
      "bgcolor": "#355"
    },
    {
      "id": 379,
      "type": "Reroute",
      "pos": {
        "0": 261.3530578613281,
        "1": -2150.84521484375
      },
      "size": [
        140.8,
        26
      ],
      "flags": {},
      "order": 59,
      "mode": 0,
      "inputs": [
        {
          "name": "",
          "type": "*",
          "link": 951
        }
      ],
      "outputs": [
        {
          "name": "CONDITIONING",
          "type": "CONDITIONING",
          "links": [
            869
          ],
          "slot_index": 0
        }
      ],
      "properties": {
        "showOutputText": true,
        "horizontal": false
      },
      "color": "#232",
      "bgcolor": "#353"
    },
    {
      "id": 380,
      "type": "Reroute",
      "pos": {
        "0": 261.3530578613281,
        "1": -2095.844970703125
      },
      "size": [
        140.8,
        26
      ],
      "flags": {},
      "order": 60,
      "mode": 0,
      "inputs": [
        {
          "name": "",
          "type": "*",
          "link": 952
        }
      ],
      "outputs": [
        {
          "name": "CONDITIONING",
          "type": "CONDITIONING",
          "links": [
            870
          ],
          "slot_index": 0
        }
      ],
      "properties": {
        "showOutputText": true,
        "horizontal": false
      },
      "color": "#322",
      "bgcolor": "#533"
    },
    {
      "id": 377,
      "type": "VAEEncode",
      "pos": {
        "0": 342.35302734375,
        "1": -1990.8460693359375
      },
      "size": {
        "0": 140,
        "1": 46
      },
      "flags": {
        "collapsed": true
      },
      "order": 3,
      "mode": 0,
      "inputs": [
        {
          "name": "pixels",
          "type": "IMAGE",
          "link": null,
          "label": "image"
        },
        {
          "name": "vae",
          "type": "VAE",
          "link": null
        }
      ],
      "outputs": [
        {
          "name": "LATENT",
          "type": "LATENT",
          "links": [
            867
          ],
          "slot_index": 0,
          "shape": 3
        }
      ],
      "properties": {
        "Node name for S&R": "VAEEncode"
      },
      "widgets_values": []
    },
    {
      "id": 417,
      "type": "Anything Everywhere?",
      "pos": {
        "0": 700.9182739257812,
        "1": -1149.080078125
      },
      "size": {
        "0": 315,
        "1": 148
      },
      "flags": {
        "collapsed": true
      },
      "order": 49,
      "mode": 0,
      "inputs": [
        {
          "name": "IMAGE",
          "type": "*",
          "link": 942,
          "color_on": "#64B5F6",
          "shape": 7
        }
      ],
      "outputs": [],
      "properties": {
        "Node name for S&R": "Anything Everywhere?",
        "group_restricted": 0,
        "color_restricted": 0
      },
      "widgets_values": [
        ".*",
        "image$",
        ".*"
      ],
      "color": "#2a363b",
      "bgcolor": "#3f5159"
    },
    {
      "id": 405,
      "type": "PerturbedAttentionGuidance",
      "pos": {
        "0": 274,
        "1": -2193
      },
      "size": {
        "0": 233.59620666503906,
        "1": 58
      },
      "flags": {
        "collapsed": true
      },
      "order": 35,
      "mode": 0,
      "inputs": [
        {
          "name": "model",
          "type": "MODEL",
          "link": 953
        }
      ],
      "outputs": [
        {
          "name": "MODEL",
          "type": "MODEL",
          "links": [
            920
          ],
          "slot_index": 0,
          "shape": 3
        }
      ],
      "properties": {
        "Node name for S&R": "PerturbedAttentionGuidance"
      },
      "widgets_values": [
        3
      ],
      "color": "#223",
      "bgcolor": "#335"
    },
    {
      "id": 367,
      "type": "Anything Everywhere",
      "pos": {
        "0": -6.3239874839782715,
        "1": -1599.337890625
      },
      "size": {
        "0": 239.40000915527344,
        "1": 26
      },
      "flags": {
        "collapsed": true
      },
      "order": 39,
      "mode": 0,
      "inputs": [
        {
          "name": "CLIP",
          "type": "*",
          "link": 850,
          "color_on": "#FFD500",
          "shape": 7
        }
      ],
      "outputs": [],
      "properties": {
        "Node name for S&R": "Anything Everywhere",
        "group_restricted": 0,
        "color_restricted": 0
      },
      "widgets_values": [],
      "color": "#432",
      "bgcolor": "#653"
    },
    {
      "id": 366,
      "type": "Anything Everywhere",
      "pos": {
        "0": -6.3239874839782715,
        "1": -1649.337890625
      },
      "size": {
        "0": 239.40000915527344,
        "1": 26
      },
      "flags": {
        "collapsed": true
      },
      "order": 38,
      "mode": 0,
      "inputs": [
        {
          "name": "VAE",
          "type": "*",
          "link": 849,
          "color_on": "#FF6E6E",
          "shape": 7
        }
      ],
      "outputs": [],
      "properties": {
        "Node name for S&R": "Anything Everywhere",
        "group_restricted": 0,
        "color_restricted": 0
      },
      "widgets_values": [],
      "color": "#322",
      "bgcolor": "#533"
    },
    {
      "id": 509,
      "type": "Note",
      "pos": {
        "0": 3057.102294921875,
        "1": -1911.7608642578125
      },
      "size": {
        "0": 321.30194091796875,
        "1": 119.56729888916016
      },
      "flags": {},
      "order": 4,
      "mode": 4,
      "inputs": [],
      "outputs": [],
      "properties": {
        "text": ""
      },
      "widgets_values": [
        "strength:\n0.8 - тонкие элементы текстуры\n0,6 - крупные элементы текстуры и больше изменений\n\nend percent:\n1 - максимальная точность\n0.7 - сильные изменения (креативность)"
      ],
      "color": "#4a96e7",
      "bgcolor": "#3682d3"
    },
    {
      "id": 496,
      "type": "Reroute",
      "pos": {
        "0": 2517.102294921875,
        "1": -2111.76025390625
      },
      "size": [
        75,
        26
      ],
      "flags": {},
      "order": 75,
      "mode": 4,
      "inputs": [
        {
          "name": "",
          "type": "*",
          "link": 1069,
          "label": "IMG"
        }
      ],
      "outputs": [
        {
          "name": "",
          "type": "IMAGE",
          "links": [
            1083
          ]
        }
      ],
      "properties": {
        "showOutputText": false,
        "horizontal": false
      }
    },
    {
      "id": 489,
      "type": "Reroute",
      "pos": {
        "0": 2107.102294921875,
        "1": -2174.76025390625
      },
      "size": [
        75,
        26
      ],
      "flags": {},
      "order": 5,
      "mode": 4,
      "inputs": [
        {
          "name": "",
          "type": "*",
          "link": null
        }
      ],
      "outputs": [
        {
          "name": "CLIP",
          "type": "*",
          "links": [
            1099
          ],
          "slot_index": 0
        }
      ],
      "properties": {
        "showOutputText": true,
        "horizontal": false
      }
    },
    {
      "id": 490,
      "type": "Reroute",
      "pos": {
        "0": 2090.10205078125,
        "1": -2111.76025390625
      },
      "size": [
        75,
        26
      ],
      "flags": {},
      "order": 6,
      "mode": 4,
      "inputs": [
        {
          "name": "",
          "type": "*",
          "link": null
        }
      ],
      "outputs": [
        {
          "name": "VAE",
          "type": "*",
          "links": [
            1100
          ],
          "slot_index": 0
        }
      ],
      "properties": {
        "showOutputText": true,
        "horizontal": false
      }
    },
    {
      "id": 518,
      "type": "Reroute",
      "pos": {
        "0": 2635.250732421875,
        "1": -1609.2734375
      },
      "size": [
        75,
        26
      ],
      "flags": {},
      "order": 7,
      "mode": 4,
      "inputs": [
        {
          "name": "",
          "type": "*",
          "link": null
        }
      ],
      "outputs": [
        {
          "name": "VAE",
          "type": "*",
          "links": [
            1103
          ],
          "slot_index": 0
        }
      ],
      "properties": {
        "showOutputText": true,
        "horizontal": false
      }
    },
    {
      "id": 519,
      "type": "Reroute",
      "pos": {
        "0": 2631.250732421875,
        "1": -1572.2734375
      },
      "size": [
        75,
        26
      ],
      "flags": {},
      "order": 8,
      "mode": 4,
      "inputs": [
        {
          "name": "",
          "type": "*",
          "link": null
        }
      ],
      "outputs": [
        {
          "name": "CLIP",
          "type": "*",
          "links": [
            1104
          ],
          "slot_index": 0
        }
      ],
      "properties": {
        "showOutputText": true,
        "horizontal": false
      }
    },
    {
      "id": 520,
      "type": "Reroute",
      "pos": {
        "0": 2628.250732421875,
        "1": -1528.2734375
      },
      "size": [
        82,
        26
      ],
      "flags": {},
      "order": 9,
      "mode": 4,
      "inputs": [
        {
          "name": "",
          "type": "*",
          "link": null
        }
      ],
      "outputs": [
        {
          "name": "IMAGE",
          "type": "*",
          "links": [
            1105
          ],
          "slot_index": 0
        }
      ],
      "properties": {
        "showOutputText": true,
        "horizontal": false
      }
    },
    {
      "id": 557,
      "type": "VAEEncode",
      "pos": {
        "0": -1228.36474609375,
        "1": -2748.6025390625
      },
      "size": {
        "0": 322.5628356933594,
        "1": 46.817630767822266
      },
      "flags": {},
      "order": 40,
      "mode": 0,
      "inputs": [
        {
          "name": "pixels",
          "type": "IMAGE",
          "link": null,
          "label": "image"
        },
        {
          "name": "vae",
          "type": "VAE",
          "link": 1152
        }
      ],
      "outputs": [
        {
          "name": "LATENT",
          "type": "LATENT",
          "links": [
            1150
          ]
        }
      ],
      "properties": {
        "Node name for S&R": "VAEEncode"
      },
      "widgets_values": [],
      "color": "#323",
      "bgcolor": "#535"
    },
    {
      "id": 556,
      "type": "LotusSampler",
      "pos": {
        "0": -878.36474609375,
        "1": -2898.6025390625
      },
      "size": {
        "0": 262.7066650390625,
        "1": 150
      },
      "flags": {},
      "order": 45,
      "mode": 0,
      "inputs": [
        {
          "name": "lotus_unet",
          "type": "LOTUSUNET",
          "link": 1149
        },
        {
          "name": "samples",
          "type": "LATENT",
          "link": 1150
        }
      ],
      "outputs": [
        {
          "name": "samples",
          "type": "LATENT",
          "links": [
            1153
          ],
          "slot_index": 0
        }
      ],
      "properties": {
        "Node name for S&R": "LotusSampler"
      },
      "widgets_values": [
        3599967422,
        "fixed",
        4,
        false
      ],
      "color": "#323",
      "bgcolor": "#535"
    },
    {
      "id": 563,
      "type": "ImageInvert",
      "pos": {
        "0": -868.36474609375,
        "1": -2598.6025390625
      },
      "size": {
        "0": 210,
        "1": 26
      },
      "flags": {},
      "order": 54,
      "mode": 0,
      "inputs": [
        {
          "name": "image",
          "type": "IMAGE",
          "link": 1156
        }
      ],
      "outputs": [
        {
          "name": "IMAGE",
          "type": "IMAGE",
          "links": [
            1163,
            1164
          ],
          "slot_index": 0
        }
      ],
      "properties": {
        "Node name for S&R": "ImageInvert"
      },
      "widgets_values": [],
      "color": "#323",
      "bgcolor": "#535"
    },
    {
      "id": 198,
      "type": "PreviewImage",
      "pos": {
        "0": -590.36474609375,
        "1": -2888.6025390625
      },
      "size": {
        "0": 284.6716003417969,
        "1": 334.6012268066406
      },
      "flags": {},
      "order": 55,
      "mode": 0,
      "inputs": [
        {
          "name": "images",
          "type": "IMAGE",
          "link": 1163
        }
      ],
      "outputs": [],
      "properties": {
        "Node name for S&R": "PreviewImage"
      },
      "widgets_values": [],
      "color": "#432",
      "bgcolor": "#653"
    },
    {
      "id": 375,
      "type": "Reroute",
      "pos": {
        "0": -1318.36474609375,
        "1": -2558.6025390625
      },
      "size": [
        140.8,
        26
      ],
      "flags": {},
      "order": 36,
      "mode": 0,
      "inputs": [
        {
          "name": "",
          "type": "*",
          "link": 861
        }
      ],
      "outputs": [
        {
          "name": "CONDITIONING",
          "type": "CONDITIONING",
          "links": [
            859
          ]
        }
      ],
      "properties": {
        "showOutputText": true,
        "horizontal": false
      },
      "color": "#232",
      "bgcolor": "#353"
    },
    {
      "id": 373,
      "type": "Reroute",
      "pos": {
        "0": -29.36474609375,
        "1": -2491.6025390625
      },
      "size": [
        140.8,
        26
      ],
      "flags": {},
      "order": 57,
      "mode": 0,
      "inputs": [
        {
          "name": "",
          "type": "*",
          "link": 857
        }
      ],
      "outputs": [
        {
          "name": "CONDITIONING",
          "type": "CONDITIONING",
          "links": [
            951
          ],
          "slot_index": 0
        }
      ],
      "properties": {
        "showOutputText": true,
        "horizontal": false
      },
      "color": "#232",
      "bgcolor": "#353"
    },
    {
      "id": 374,
      "type": "Reroute",
      "pos": {
        "0": -23.36474609375,
        "1": -2446.6025390625
      },
      "size": [
        140.8,
        26
      ],
      "flags": {},
      "order": 58,
      "mode": 0,
      "inputs": [
        {
          "name": "",
          "type": "*",
          "link": 858
        }
      ],
      "outputs": [
        {
          "name": "CONDITIONING",
          "type": "CONDITIONING",
          "links": [
            952
          ],
          "slot_index": 0
        }
      ],
      "properties": {
        "showOutputText": true,
        "horizontal": false
      },
      "color": "#322",
      "bgcolor": "#533"
    },
    {
      "id": 364,
      "type": "ControlNetApplySD3",
      "pos": {
        "0": -258.36474609375,
        "1": -2905.6025390625
      },
      "size": {
        "0": 315,
        "1": 186
      },
      "flags": {},
      "order": 56,
      "mode": 0,
      "inputs": [
        {
          "name": "positive",
          "type": "CONDITIONING",
          "link": 859
        },
        {
          "name": "negative",
          "type": "CONDITIONING",
          "link": 860
        },
        {
          "name": "control_net",
          "type": "CONTROL_NET",
          "link": 1258
        },
        {
          "name": "vae",
          "type": "VAE",
          "link": null
        },
        {
          "name": "image",
          "type": "IMAGE",
          "link": 1164
        }
      ],
      "outputs": [
        {
          "name": "positive",
          "type": "CONDITIONING",
          "links": [
            857
          ],
          "slot_index": 0,
          "shape": 3
        },
        {
          "name": "negative",
          "type": "CONDITIONING",
          "links": [
            858
          ],
          "slot_index": 1,
          "shape": 3
        }
      ],
      "properties": {
        "Node name for S&R": "ControlNetApplySD3"
      },
      "widgets_values": [
        0.8,
        0,
        0.8
      ],
      "color": "#432",
      "bgcolor": "#653"
    },
    {
      "id": 565,
      "type": "PreviewImage",
      "pos": {
        "0": 524,
        "1": 133
      },
      "size": {
        "0": 210,
        "1": 246
      },
      "flags": {},
      "order": 50,
      "mode": 0,
      "inputs": [
        {
          "name": "images",
          "type": "IMAGE",
          "link": 1168
        }
      ],
      "outputs": [],
      "properties": {
        "Node name for S&R": "PreviewImage"
      },
      "widgets_values": []
    },
    {
      "id": 546,
      "type": "StringFunction|pysssss",
      "pos": {
        "0": 1595.2496337890625,
        "1": -2091.27392578125
      },
      "size": {
        "0": 391.586669921875,
        "1": 313.9450988769531
      },
      "flags": {
        "collapsed": true
      },
      "order": 10,
      "mode": 4,
      "inputs": [
        {
          "name": "text_b",
          "type": "STRING",
          "link": null,
          "widget": {
            "name": "text_b"
          },
          "label": "positive0"
        }
      ],
      "outputs": [
        {
          "name": "STRING",
          "type": "STRING",
          "links": [
            1142
          ],
          "slot_index": 0,
          "shape": 3
        }
      ],
      "properties": {
        "Node name for S&R": "StringFunction|pysssss"
      },
      "widgets_values": [
        "append",
        "yes",
        "realistic skin, photo, hight quality, cinematic",
        "",
        "",
        true,
        true,
        true,
        "realistic skin, photo, hight quality, cinematic, anime artwork The image shows a man sitting on a couch next to a robot, with a child standing beside him. The man is holding a book in his hand, and the robot is standing on the left side of the image. In the background, there are trees, mountains, and a clear blue sky. . anime style, key visual, vibrant, studio anime, highly detailed"
      ],
      "color": "#232",
      "bgcolor": "#353"
    },
    {
      "id": 576,
      "type": "Reroute",
      "pos": {
        "0": 1132,
        "1": -980
      },
      "size": [
        82,
        26
      ],
      "flags": {},
      "order": 63,
      "mode": 4,
      "inputs": [
        {
          "name": "",
          "type": "*",
          "link": 1195
        }
      ],
      "outputs": [
        {
          "name": "IMAGE",
          "type": "IMAGE",
          "links": [
            1208
          ],
          "slot_index": 0
        }
      ],
      "properties": {
        "showOutputText": true,
        "horizontal": false
      },
      "color": "#233",
      "bgcolor": "#355"
    },
    {
      "id": 596,
      "type": "SaveImage",
      "pos": {
        "0": 2160,
        "1": -950
      },
      "size": {
        "0": 364.865234375,
        "1": 442.2350769042969
      },
      "flags": {
        "collapsed": false
      },
      "order": 69,
      "mode": 4,
      "inputs": [
        {
          "name": "images",
          "type": "IMAGE",
          "link": 1210
        }
      ],
      "outputs": [],
      "properties": {
        "Node name for S&R": "SaveImage"
      },
      "widgets_values": [
        "ComfyUI"
      ],
      "color": "#233",
      "bgcolor": "#355"
    },
    {
      "id": 600,
      "type": "VAEEncode",
      "pos": {
        "0": 1532,
        "1": -945
      },
      "size": {
        "0": 210,
        "1": 46
      },
      "flags": {
        "collapsed": true
      },
      "order": 65,
      "mode": 4,
      "inputs": [
        {
          "name": "pixels",
          "type": "IMAGE",
          "link": 1215
        },
        {
          "name": "vae",
          "type": "VAE",
          "link": 1217
        }
      ],
      "outputs": [
        {
          "name": "LATENT",
          "type": "LATENT",
          "links": [
            1216
          ],
          "slot_index": 0,
          "shape": 3
        }
      ],
      "properties": {
        "Node name for S&R": "VAEEncode"
      },
      "widgets_values": []
    },
    {
      "id": 598,
      "type": "CLIPTextEncodeFlux",
      "pos": {
        "0": 1536,
        "1": -892
      },
      "size": {
        "0": 245.1999969482422,
        "1": 108
      },
      "flags": {
        "collapsed": true
      },
      "order": 31,
      "mode": 4,
      "inputs": [
        {
          "name": "clip",
          "type": "CLIP",
          "link": 1236
        },
        {
          "name": "clip_l",
          "type": "STRING",
          "link": null,
          "widget": {
            "name": "clip_l"
          },
          "label": "positive0 clip-l"
        },
        {
          "name": "t5xxl",
          "type": "STRING",
          "link": null,
          "widget": {
            "name": "t5xxl"
          },
          "label": "positive0 T5"
        }
      ],
      "outputs": [
        {
          "name": "CONDITIONING",
          "type": "CONDITIONING",
          "links": [
            1211
          ],
          "slot_index": 0,
          "shape": 3
        }
      ],
      "properties": {
        "Node name for S&R": "CLIPTextEncodeFlux"
      },
      "widgets_values": [
        "",
        "",
        3.5,
        true,
        true
      ],
      "color": "#232",
      "bgcolor": "#353"
    },
    {
      "id": 597,
      "type": "CLIPTextEncode",
      "pos": {
        "0": 1553,
        "1": -837
      },
      "size": {
        "0": 210,
        "1": 101
      },
      "flags": {
        "collapsed": true
      },
      "order": 32,
      "mode": 4,
      "inputs": [
        {
          "name": "clip",
          "type": "CLIP",
          "link": 1237
        }
      ],
      "outputs": [
        {
          "name": "CONDITIONING",
          "type": "CONDITIONING",
          "links": [
            1212
          ],
          "slot_index": 0,
          "shape": 3
        }
      ],
      "properties": {
        "Node name for S&R": "CLIPTextEncode"
      },
      "widgets_values": [
        "",
        true
      ],
      "color": "#322",
      "bgcolor": "#533"
    },
    {
      "id": 404,
      "type": "easy showAnything",
      "pos": {
        "0": -1565.60400390625,
        "1": -1606.6292724609375
      },
      "size": {
        "0": 333.4920959472656,
        "1": 167.70188903808594
      },
      "flags": {},
      "order": 43,
      "mode": 0,
      "inputs": [
        {
          "name": "anything",
          "type": "*",
          "link": 919,
          "shape": 7
        }
      ],
      "outputs": [
        {
          "name": "output",
          "type": "*",
          "links": null,
          "shape": 3
        }
      ],
      "properties": {
        "Node name for S&R": "easy showAnything"
      },
      "widgets_values": [
        "The image shows a man sitting on a couch next to a robot, with a child standing beside him. The man is holding a book in his hand, and the robot is standing on the left side of the image. In the background, there are trees, mountains, and a clear blue sky."
      ],
      "color": "#52895f",
      "bgcolor": "#3e754b"
    },
    {
      "id": 603,
      "type": "easy cleanGpuUsed",
      "pos": {
        "0": -493.1051940917969,
        "1": -2046.6473388671875
      },
      "size": {
        "0": 144.04080200195312,
        "1": 26
      },
      "flags": {},
      "order": 52,
      "mode": 0,
      "inputs": [
        {
          "name": "anything",
          "type": "*",
          "link": 1222
        }
      ],
      "outputs": [
        {
          "name": "output",
          "type": "*",
          "links": null,
          "shape": 3
        }
      ],
      "properties": {
        "Node name for S&R": "easy cleanGpuUsed"
      },
      "widgets_values": [],
      "color": "#232",
      "bgcolor": "#353"
    },
    {
      "id": 430,
      "type": "Anything Everywhere?",
      "pos": {
        "0": -484.1051330566406,
        "1": -1634.6474609375
      },
      "size": {
        "0": 315,
        "1": 148
      },
      "flags": {
        "collapsed": true
      },
      "order": 51,
      "mode": 0,
      "inputs": [
        {
          "name": "STRING",
          "type": "*",
          "link": 962,
          "color_on": "",
          "shape": 7
        }
      ],
      "outputs": [],
      "properties": {
        "Node name for S&R": "Anything Everywhere?",
        "group_restricted": 0,
        "color_restricted": 0
      },
      "widgets_values": [
        ".*",
        "positive0",
        ".*"
      ],
      "color": "#232",
      "bgcolor": "#353"
    },
    {
      "id": 431,
      "type": "Anything Everywhere?",
      "pos": {
        "0": -487.0001220703125,
        "1": -1583.0003662109375
      },
      "size": {
        "0": 315,
        "1": 148
      },
      "flags": {
        "collapsed": true
      },
      "order": 53,
      "mode": 0,
      "inputs": [
        {
          "name": "STRING",
          "type": "*",
          "link": 963,
          "color_on": "",
          "shape": 7
        }
      ],
      "outputs": [],
      "properties": {
        "Node name for S&R": "Anything Everywhere?",
        "group_restricted": 0,
        "color_restricted": 0
      },
      "widgets_values": [
        ".*",
        "negative0",
        ".*"
      ],
      "color": "#322",
      "bgcolor": "#533"
    },
    {
      "id": 378,
      "type": "SaveImage",
      "pos": {
        "0": 896,
        "1": -2185
      },
      "size": {
        "0": 550.1895141601562,
        "1": 527.205322265625
      },
      "flags": {},
      "order": 62,
      "mode": 0,
      "inputs": [
        {
          "name": "images",
          "type": "IMAGE",
          "link": 868
        }
      ],
      "outputs": [],
      "properties": {
        "Node name for S&R": "SaveImage"
      },
      "widgets_values": [
        "ComfyUI"
      ],
      "color": "#233",
      "bgcolor": "#355"
    },
    {
      "id": 350,
      "type": "LoadImage",
      "pos": {
        "0": -1292.177978515625,
        "1": -1172.21826171875
      },
      "size": {
        "0": 315,
        "1": 314
      },
      "flags": {},
      "order": 11,
      "mode": 0,
      "inputs": [],
      "outputs": [
        {
          "name": "IMAGE",
          "type": "IMAGE",
          "links": [
            821
          ],
          "slot_index": 0,
          "shape": 3
        },
        {
          "name": "MASK",
          "type": "MASK",
          "links": null,
          "shape": 3
        }
      ],
      "properties": {
        "Node name for S&R": "LoadImage"
      },
      "widgets_values": [
        "rgthree.compare._temp_qhups_00001_.png",
        "image"
      ],
      "color": "#233",
      "bgcolor": "#355"
    },
    {
      "id": 608,
      "type": "Any Switch (rgthree)",
      "pos": {
        "0": -707.10546875,
        "1": -2068.648681640625
      },
      "size": {
        "0": 168,
        "1": 106
      },
      "flags": {},
      "order": 44,
      "mode": 0,
      "inputs": [
        {
          "name": "any_01",
          "type": "STRING",
          "link": 1239,
          "dir": 3
        },
        {
          "name": "any_02",
          "type": "STRING",
          "link": 1240,
          "dir": 3
        },
        {
          "name": "any_03",
          "type": "STRING",
          "link": null,
          "dir": 3
        },
        {
          "name": "any_04",
          "type": "STRING",
          "link": null,
          "dir": 3
        },
        {
          "name": "any_05",
          "type": "STRING",
          "link": null,
          "dir": 3
        }
      ],
      "outputs": [
        {
          "name": "*",
          "type": "STRING",
          "links": [
            1253
          ],
          "slot_index": 0,
          "shape": 3,
          "dir": 4,
          "label": "STRING"
        }
      ],
      "properties": {},
      "widgets_values": [],
      "color": "#232",
      "bgcolor": "#353"
    },
    {
      "id": 606,
      "type": "Label (rgthree)",
      "pos": {
        "0": 2069,
        "1": -2403
      },
      "size": {
        "0": 33.369140625,
        "1": 60
      },
      "flags": {
        "allow_interaction": true
      },
      "order": 12,
      "mode": 0,
      "inputs": [],
      "outputs": [],
      "title": "2",
      "properties": {
        "fontSize": 60,
        "fontFamily": "Arial",
        "fontColor": "#ffffff",
        "textAlign": "left",
        "backgroundColor": "transparent",
        "padding": 0,
        "borderRadius": 0
      },
      "color": "#fff0",
      "bgcolor": "#fff0"
    },
    {
      "id": 605,
      "type": "Label (rgthree)",
      "pos": {
        "0": 1537,
        "1": -1199
      },
      "size": {
        "0": 33.369140625,
        "1": 60
      },
      "flags": {
        "allow_interaction": true
      },
      "order": 13,
      "mode": 0,
      "inputs": [],
      "outputs": [],
      "title": "1",
      "properties": {
        "fontSize": 60,
        "fontFamily": "Arial",
        "fontColor": "#ffffff",
        "textAlign": "left",
        "backgroundColor": "transparent",
        "padding": 0,
        "borderRadius": 0
      },
      "color": "#fff0",
      "bgcolor": "#fff0"
    },
    {
      "id": 590,
      "type": "DualCLIPLoaderGGUF",
      "pos": {
        "0": 1240,
        "1": -630
      },
      "size": {
        "0": 307.9733581542969,
        "1": 106
      },
      "flags": {},
      "order": 14,
      "mode": 4,
      "inputs": [],
      "outputs": [
        {
          "name": "CLIP",
          "type": "CLIP",
          "links": [
            1236,
            1237
          ],
          "slot_index": 0,
          "shape": 3
        }
      ],
      "properties": {
        "Node name for S&R": "DualCLIPLoaderGGUF"
      },
      "widgets_values": [
        "clip_l.safetensors",
        "t5-v1_1-xxl-encoder-Q4_K_S.gguf",
        "flux"
      ],
      "color": "#223",
      "bgcolor": "#335"
    },
    {
      "id": 589,
      "type": "VAELoader",
      "pos": {
        "0": 1240,
        "1": -460
      },
      "size": {
        "0": 315,
        "1": 58
      },
      "flags": {},
      "order": 15,
      "mode": 4,
      "inputs": [],
      "outputs": [
        {
          "name": "VAE",
          "type": "VAE",
          "links": [
            1217,
            1218
          ],
          "slot_index": 0,
          "shape": 3
        }
      ],
      "properties": {
        "Node name for S&R": "VAELoader"
      },
      "widgets_values": [
        "ae.safetensors"
      ],
      "color": "#223",
      "bgcolor": "#335"
    },
    {
      "id": 507,
      "type": "CLIPVisionLoader",
      "pos": {
        "0": 2647.102294921875,
        "1": -2161.76025390625
      },
      "size": {
        "0": 315,
        "1": 58
      },
      "flags": {},
      "order": 16,
      "mode": 4,
      "inputs": [],
      "outputs": [
        {
          "name": "CLIP_VISION",
          "type": "CLIP_VISION",
          "links": [
            1084
          ],
          "slot_index": 0,
          "shape": 3
        }
      ],
      "properties": {
        "Node name for S&R": "CLIPVisionLoader"
      },
      "widgets_values": [
        "ipadapter_image_encoder_sd15.safetensors"
      ],
      "color": "#323",
      "bgcolor": "#535"
    },
    {
      "id": 506,
      "type": "IPAdapterModelLoader",
      "pos": {
        "0": 2637.102294921875,
        "1": -2041.7598876953125
      },
      "size": {
        "0": 315,
        "1": 58
      },
      "flags": {},
      "order": 17,
      "mode": 4,
      "inputs": [],
      "outputs": [
        {
          "name": "IPADAPTER",
          "type": "IPADAPTER",
          "links": [
            1082
          ],
          "slot_index": 0,
          "shape": 3
        }
      ],
      "properties": {
        "Node name for S&R": "IPAdapterModelLoader"
      },
      "widgets_values": [
        "ip-adapter-plus_sd15.safetensors"
      ],
      "color": "#323",
      "bgcolor": "#535"
    },
    {
      "id": 499,
      "type": "easy controlnetLoaderADV",
      "pos": {
        "0": 3067,
        "1": -2162
      },
      "size": {
        "0": 317.7527770996094,
        "1": 194
      },
      "flags": {},
      "order": 79,
      "mode": 4,
      "inputs": [
        {
          "name": "pipe",
          "type": "PIPE_LINE",
          "link": 1072
        },
        {
          "name": "image",
          "type": "IMAGE",
          "link": 1143
        },
        {
          "name": "control_net",
          "type": "CONTROL_NET",
          "link": null,
          "shape": 7
        }
      ],
      "outputs": [
        {
          "name": "pipe",
          "type": "PIPE_LINE",
          "links": [
            1074
          ],
          "slot_index": 0,
          "shape": 3
        },
        {
          "name": "positive",
          "type": "CONDITIONING",
          "links": [],
          "slot_index": 1,
          "shape": 3
        },
        {
          "name": "negative",
          "type": "CONDITIONING",
          "links": [],
          "slot_index": 2,
          "shape": 3
        }
      ],
      "properties": {
        "Node name for S&R": "easy controlnetLoaderADV"
      },
      "widgets_values": [
        "control_v11p_sd15_inpaint_fp16.safetensors",
        0.7000000000000001,
        0,
        0.9,
        1
      ],
      "color": "#47a1e5",
      "bgcolor": "#338dd1"
    },
    {
      "id": 612,
      "type": "DownloadAndLoadFlorence2Model",
      "pos": {
        "0": -1565,
        "1": -2192
      },
      "size": {
        "0": 324.664306640625,
        "1": 106
      },
      "flags": {},
      "order": 18,
      "mode": 0,
      "inputs": [
        {
          "name": "lora",
          "type": "PEFTLORA",
          "link": null,
          "shape": 7
        }
      ],
      "outputs": [
        {
          "name": "florence2_model",
          "type": "FL2MODEL",
          "links": [
            1252
          ]
        }
      ],
      "properties": {
        "Node name for S&R": "DownloadAndLoadFlorence2Model"
      },
      "widgets_values": [
        "microsoft/Florence-2-base",
        "fp16",
        "sdpa"
      ],
      "color": "#232",
      "bgcolor": "#353"
    },
    {
      "id": 361,
      "type": "InspyrenetRembg",
      "pos": {
        "0": -1139.177978515625,
        "1": -419.21807861328125
      },
      "size": {
        "0": 210,
        "1": 78
      },
      "flags": {
        "collapsed": true
      },
      "order": 28,
      "mode": 0,
      "inputs": [
        {
          "name": "image",
          "type": "IMAGE",
          "link": 832
        }
      ],
      "outputs": [
        {
          "name": "IMAGE",
          "type": "IMAGE",
          "links": [
            833
          ],
          "slot_index": 0,
          "shape": 3
        },
        {
          "name": "MASK",
          "type": "MASK",
          "links": [],
          "slot_index": 1,
          "shape": 3
        }
      ],
      "properties": {
        "Node name for S&R": "InspyrenetRembg"
      },
      "widgets_values": [
        "default"
      ],
      "color": "#233",
      "bgcolor": "#355"
    },
    {
      "id": 362,
      "type": "InspyrenetRembg",
      "pos": {
        "0": -1129.177978515625,
        "1": 15.781929016113281
      },
      "size": {
        "0": 210,
        "1": 78
      },
      "flags": {
        "collapsed": true
      },
      "order": 29,
      "mode": 0,
      "inputs": [
        {
          "name": "image",
          "type": "IMAGE",
          "link": 834
        }
      ],
      "outputs": [
        {
          "name": "IMAGE",
          "type": "IMAGE",
          "links": [
            835
          ],
          "slot_index": 0,
          "shape": 3
        },
        {
          "name": "MASK",
          "type": "MASK",
          "links": [],
          "slot_index": 1,
          "shape": 3
        }
      ],
      "properties": {
        "Node name for S&R": "InspyrenetRembg"
      },
      "widgets_values": [
        "default"
      ],
      "color": "#233",
      "bgcolor": "#355"
    },
    {
      "id": 194,
      "type": "ControlNetLoader",
      "pos": {
        "0": -251,
        "1": -2656
      },
      "size": {
        "0": 305.3882141113281,
        "1": 58
      },
      "flags": {},
      "order": 19,
      "mode": 0,
      "inputs": [],
      "outputs": [
        {
          "name": "CONTROL_NET",
          "type": "CONTROL_NET",
          "links": [
            1223,
            1258
          ],
          "slot_index": 0,
          "shape": 3
        }
      ],
      "properties": {
        "Node name for S&R": "ControlNetLoader"
      },
      "widgets_values": [
        "SDXL\\controlnet-depth-sdxl-1.0\\diffusion_pytorch_model.safetensors"
      ],
      "color": "#432",
      "bgcolor": "#653"
    },
    {
      "id": 381,
      "type": "Florence2Run",
      "pos": {
        "0": -1564.60400390625,
        "1": -2015.6292724609375
      },
      "size": {
        "0": 331.7339172363281,
        "1": 357
      },
      "flags": {},
      "order": 33,
      "mode": 0,
      "inputs": [
        {
          "name": "image",
          "type": "IMAGE",
          "link": null
        },
        {
          "name": "florence2_model",
          "type": "FL2MODEL",
          "link": 1252
        }
      ],
      "outputs": [
        {
          "name": "image",
          "type": "IMAGE",
          "links": null,
          "shape": 3
        },
        {
          "name": "mask",
          "type": "MASK",
          "links": null,
          "shape": 3
        },
        {
          "name": "caption",
          "type": "STRING",
          "links": [
            919,
            1239
          ],
          "slot_index": 2,
          "shape": 3
        },
        {
          "name": "data",
          "type": "JSON",
          "links": null,
          "shape": 3
        }
      ],
      "properties": {
        "Node name for S&R": "Florence2Run"
      },
      "widgets_values": [
        "",
        "detailed_caption",
        true,
        false,
        1024,
        5,
        true,
        "",
        91185949770924,
        "fixed",
        true
      ],
      "color": "#52895f",
      "bgcolor": "#3e754b"
    },
    {
      "id": 371,
      "type": "GoogleTranslateTextNode",
      "pos": {
        "0": -1138,
        "1": -1846
      },
      "size": {
        "0": 352.59027099609375,
        "1": 290.3316650390625
      },
      "flags": {},
      "order": 20,
      "mode": 4,
      "inputs": [],
      "outputs": [
        {
          "name": "text",
          "type": "STRING",
          "links": [
            1240
          ],
          "slot_index": 0,
          "shape": 3
        }
      ],
      "properties": {
        "Node name for S&R": "GoogleTranslateTextNode"
      },
      "widgets_values": [
        "auto",
        "en",
        false,
        "Manual Trasnlate",
        "космонафт и гном на переднем плане и мальчик читающий книгу на заднем плане. Мультфильм. Иллюстрация. Фантастический сюжет",
        true
      ],
      "color": "#232",
      "bgcolor": "#353"
    },
    {
      "id": 610,
      "type": "Fast Groups Bypasser (rgthree)",
      "pos": {
        "0": -1145,
        "1": -2188
      },
      "size": {
        "0": 348.5792236328125,
        "1": 106
      },
      "flags": {},
      "order": 21,
      "mode": 0,
      "inputs": [],
      "outputs": [
        {
          "name": "OPT_CONNECTION",
          "type": "*",
          "links": null
        }
      ],
      "properties": {
        "matchColors": "",
        "matchTitle": "Prompt",
        "showNav": true,
        "sort": "position",
        "customSortAlphabet": "",
        "toggleRestriction": "always one"
      },
      "color": "#319bc8",
      "bgcolor": "#1d87b4"
    },
    {
      "id": 592,
      "type": "UnetLoaderGGUF",
      "pos": {
        "0": 1246,
        "1": -761
      },
      "size": {
        "0": 300.6277770996094,
        "1": 58
      },
      "flags": {},
      "order": 22,
      "mode": 4,
      "inputs": [],
      "outputs": [
        {
          "name": "MODEL",
          "type": "MODEL",
          "links": [
            1235
          ],
          "slot_index": 0,
          "shape": 3
        }
      ],
      "properties": {
        "Node name for S&R": "UnetLoaderGGUF"
      },
      "widgets_values": [
        "flux-hyp8-Q4_0.gguf"
      ],
      "color": "#223",
      "bgcolor": "#335"
    },
    {
      "id": 514,
      "type": "SaveImage",
      "pos": {
        "0": 4736,
        "1": -2120
      },
      "size": {
        "0": 210,
        "1": 270
      },
      "flags": {
        "collapsed": false
      },
      "order": 84,
      "mode": 4,
      "inputs": [
        {
          "name": "images",
          "type": "IMAGE",
          "link": 1290
        }
      ],
      "outputs": [],
      "properties": {
        "Node name for S&R": "SaveImage"
      },
      "widgets_values": [
        "stabledif"
      ],
      "color": "#233",
      "bgcolor": "#355"
    },
    {
      "id": 369,
      "type": "Efficient Loader",
      "pos": {
        "0": -246.32398986816406,
        "1": -2159.337890625
      },
      "size": {
        "0": 400,
        "1": 462
      },
      "flags": {},
      "order": 23,
      "mode": 0,
      "inputs": [
        {
          "name": "lora_stack",
          "type": "LORA_STACK",
          "link": null,
          "shape": 7
        },
        {
          "name": "cnet_stack",
          "type": "CONTROL_NET_STACK",
          "link": null,
          "shape": 7
        },
        {
          "name": "positive",
          "type": "STRING",
          "link": null,
          "widget": {
            "name": "positive"
          },
          "label": "positive0"
        },
        {
          "name": "negative",
          "type": "STRING",
          "link": null,
          "widget": {
            "name": "negative"
          },
          "label": "negative0"
        }
      ],
      "outputs": [
        {
          "name": "MODEL",
          "type": "MODEL",
          "links": [
            953
          ],
          "slot_index": 0,
          "shape": 3
        },
        {
          "name": "CONDITIONING+",
          "type": "CONDITIONING",
          "links": [
            861
          ],
          "slot_index": 1,
          "shape": 3
        },
        {
          "name": "CONDITIONING-",
          "type": "CONDITIONING",
          "links": [
            862
          ],
          "slot_index": 2,
          "shape": 3
        },
        {
          "name": "LATENT",
          "type": "LATENT",
          "links": null,
          "shape": 3
        },
        {
          "name": "VAE",
          "type": "VAE",
          "links": [
            849
          ],
          "slot_index": 4,
          "shape": 3
        },
        {
          "name": "CLIP",
          "type": "CLIP",
          "links": [
            850
          ],
          "slot_index": 5,
          "shape": 3
        },
        {
          "name": "DEPENDENCIES",
          "type": "DEPENDENCIES",
          "links": null,
          "shape": 3
        }
      ],
      "properties": {
        "Node name for S&R": "Efficient Loader"
      },
      "widgets_values": [
        "realvisxlV40_v40Bakedvae.safetensors",
        "Baked VAE",
        -1,
        "None",
        1,
        1,
        "CLIP_POSITIVE",
        "CLIP_NEGATIVE",
        "none",
        "comfy",
        512,
        512,
        1,
        true,
        true
      ],
      "color": "#223",
      "bgcolor": "#335",
      "shape": 1
    },
    {
      "id": 372,
      "type": "SDXLPromptStyler",
      "pos": {
        "0": -695.0003662109375,
        "1": -1889.0003662109375
      },
      "size": {
        "0": 341.92742919921875,
        "1": 202
      },
      "flags": {},
      "order": 47,
      "mode": 0,
      "inputs": [
        {
          "name": "text_positive",
          "type": "STRING",
          "link": 1253,
          "widget": {
            "name": "text_positive"
          }
        }
      ],
      "outputs": [
        {
          "name": "text_positive",
          "type": "STRING",
          "links": [
            962,
            1222
          ],
          "slot_index": 0,
          "shape": 3
        },
        {
          "name": "text_negative",
          "type": "STRING",
          "links": [
            963
          ],
          "slot_index": 1,
          "shape": 3
        }
      ],
      "properties": {
        "Node name for S&R": "SDXLPromptStyler"
      },
      "widgets_values": [
        "",
        "blury, low quality",
        "sai-anime",
        false,
        true,
        true,
        true,
        true
      ],
      "color": "#232",
      "bgcolor": "#353"
    },
    {
      "id": 344,
      "type": "Compositor3",
      "pos": {
        "0": -408.08233642578125,
        "1": -1080.080078125
      },
      "size": [
        1265,
        1079
      ],
      "flags": {},
      "order": 46,
      "mode": 0,
      "inputs": [
        {
          "name": "config",
          "type": "COMPOSITOR_CONFIG",
          "link": 805
        },
        {
          "name": "tools",
          "type": "BOOLEAN",
          "link": 807,
          "widget": {
            "name": "tools"
          }
        }
      ],
      "outputs": [
        {
          "name": "transforms",
          "type": "STRING",
          "links": [],
          "shape": 3
        },
        {
          "name": "image",
          "type": "IMAGE",
          "links": [
            942,
            1168
          ],
          "slot_index": 1,
          "shape": 3
        }
      ],
      "properties": {
        "Node name for S&R": "Compositor3"
      },
      "widgets_values": [
        "{\"width\":1024,\"height\":768,\"padding\":110,\"transforms\":[{\"left\":670.0444117994882,\"top\":306.85524093262353,\"scaleX\":1.5375051520185892,\"scaleY\":1.530115271160077,\"angle\":0,\"flipX\":false,\"flipY\":false,\"originX\":\"top\",\"originY\":\"left\",\"xwidth\":768,\"xheight\":768,\"skewY\":0,\"skewX\":0},{\"left\":477.7398261590481,\"top\":518.9219486283237,\"scaleX\":1.2791165969759213,\"scaleY\":1.2791165969759213,\"angle\":0,\"flipX\":false,\"flipY\":false,\"originX\":\"top\",\"originY\":\"left\",\"xwidth\":768,\"xheight\":768,\"skewY\":0,\"skewX\":0},{\"left\":855.5190064630616,\"top\":550.7265921668636,\"scaleX\":0.42995488035514134,\"scaleY\":0.42995488035514134,\"angle\":0.29575808900507655,\"flipX\":false,\"flipY\":false,\"originX\":\"top\",\"originY\":\"left\",\"xwidth\":768,\"xheight\":768,\"skewY\":0,\"skewX\":0},{\"left\":0,\"top\":0,\"scaleX\":1,\"scaleY\":1,\"angle\":0,\"flipX\":false,\"flipY\":false,\"originX\":\"top\",\"originY\":\"left\",\"xwidth\":0,\"xheight\":0,\"skewY\":0,\"skewX\":0},{\"left\":0,\"top\":0,\"scaleX\":1,\"scaleY\":1,\"angle\":0,\"flipX\":false,\"flipY\":false,\"originX\":\"top\",\"originY\":\"left\",\"xwidth\":0,\"xheight\":0,\"skewY\":0,\"skewX\":0},{\"left\":0,\"top\":0,\"scaleX\":1,\"scaleY\":1,\"angle\":0,\"flipX\":false,\"flipY\":false,\"originX\":\"top\",\"originY\":\"left\",\"xwidth\":0,\"xheight\":0,\"skewY\":0,\"skewX\":0},{\"left\":0,\"top\":0,\"scaleX\":1,\"scaleY\":1,\"angle\":0,\"flipX\":false,\"flipY\":false,\"originX\":\"top\",\"originY\":\"left\",\"xwidth\":0,\"xheight\":0,\"skewY\":0,\"skewX\":0},{\"left\":0,\"top\":0,\"scaleX\":1,\"scaleY\":1,\"angle\":0,\"flipX\":false,\"flipY\":false,\"originX\":\"top\",\"originY\":\"left\",\"xwidth\":0,\"xheight\":0,\"skewY\":0,\"skewX\":0}],\"bboxes\":[{\"left\":79.64243342434997,\"top\":-280.709023192846,\"xwidth\":1175.128528250939,\"xheight\":1180.8039567502765},{\"left\":-13.440947079705666,\"top\":27.74117538956989,\"xwidth\":982.3615464775075,\"xheight\":982.3615464775075},{\"left\":689.5662836775366,\"top\":384.7738693813386,\"xwidth\":331.90544557105,\"xheight\":331.90544557105},{\"left\":0,\"top\":0,\"xwidth\":0,\"xheight\":0},{\"left\":0,\"top\":0,\"xwidth\":0,\"xheight\":0},{\"left\":0,\"top\":0,\"xwidth\":0,\"xheight\":0},{\"left\":0,\"top\":0,\"xwidth\":0,\"xheight\":0},{\"left\":0,\"top\":0,\"xwidth\":0,\"xheight\":0}]}",
        "compositor/1729115379239.png [temp]",
        true,
        null,
        "continue"
      ],
      "color": "#233",
      "bgcolor": "#355"
    },
    {
      "id": 495,
      "type": "Reroute",
      "pos": {
        "0": 2526,
        "1": -2159
      },
      "size": [
        82,
        26
      ],
      "flags": {},
      "order": 42,
      "mode": 4,
      "inputs": [
        {
          "name": "",
          "type": "*",
          "link": 1068,
          "label": " "
        }
      ],
      "outputs": [
        {
          "name": "MODEL",
          "type": "MODEL",
          "links": [
            1081
          ]
        }
      ],
      "properties": {
        "showOutputText": true,
        "horizontal": false
      }
    },
    {
      "id": 511,
      "type": "easy pipeIn",
      "pos": {
        "0": 2756,
        "1": -1595
      },
      "size": {
        "0": 210,
        "1": 186
      },
      "flags": {
        "collapsed": false
      },
      "order": 78,
      "mode": 4,
      "inputs": [
        {
          "name": "pipe",
          "type": "PIPE_LINE",
          "link": 1086,
          "shape": 7
        },
        {
          "name": "model",
          "type": "MODEL",
          "link": 1087,
          "shape": 7
        },
        {
          "name": "pos",
          "type": "CONDITIONING",
          "link": null,
          "shape": 7
        },
        {
          "name": "neg",
          "type": "CONDITIONING",
          "link": null,
          "shape": 7
        },
        {
          "name": "latent",
          "type": "LATENT",
          "link": null,
          "shape": 7
        },
        {
          "name": "vae",
          "type": "VAE",
          "link": 1103,
          "shape": 7
        },
        {
          "name": "clip",
          "type": "CLIP",
          "link": 1104,
          "shape": 7
        },
        {
          "name": "image",
          "type": "IMAGE",
          "link": 1105,
          "shape": 7
        },
        {
          "name": "xyPlot",
          "type": "XYPLOT",
          "link": null,
          "shape": 7
        }
      ],
      "outputs": [
        {
          "name": "pipe",
          "type": "PIPE_LINE",
          "links": [
            1072
          ],
          "slot_index": 0,
          "shape": 3
        }
      ],
      "properties": {
        "Node name for S&R": "easy pipeIn"
      },
      "widgets_values": [],
      "color": "#323",
      "bgcolor": "#535"
    },
    {
      "id": 376,
      "type": "Reroute",
      "pos": {
        "0": -1311,
        "1": -2510
      },
      "size": [
        140.8,
        26
      ],
      "flags": {},
      "order": 37,
      "mode": 0,
      "inputs": [
        {
          "name": "",
          "type": "*",
          "link": 862
        }
      ],
      "outputs": [
        {
          "name": "CONDITIONING",
          "type": "CONDITIONING",
          "links": [
            860
          ]
        }
      ],
      "properties": {
        "showOutputText": true,
        "horizontal": false
      },
      "color": "#322",
      "bgcolor": "#533"
    },
    {
      "id": 555,
      "type": "LoadLotusModel",
      "pos": {
        "0": -1219,
        "1": -2885
      },
      "size": {
        "0": 315,
        "1": 82
      },
      "flags": {},
      "order": 24,
      "mode": 0,
      "inputs": [],
      "outputs": [
        {
          "name": "lotus_unet",
          "type": "LOTUSUNET",
          "links": [
            1149
          ],
          "slot_index": 0
        }
      ],
      "properties": {
        "Node name for S&R": "LoadLotusModel"
      },
      "widgets_values": [
        "lotus-depth-g-v1-0-fp16.safetensors",
        "fp16"
      ],
      "color": "#323",
      "bgcolor": "#535"
    },
    {
      "id": 559,
      "type": "VAELoader",
      "pos": {
        "0": -1225,
        "1": -2647
      },
      "size": {
        "0": 315,
        "1": 58
      },
      "flags": {},
      "order": 25,
      "mode": 0,
      "inputs": [],
      "outputs": [
        {
          "name": "VAE",
          "type": "VAE",
          "links": [
            1152,
            1154
          ]
        }
      ],
      "properties": {
        "Node name for S&R": "VAELoader"
      },
      "widgets_values": [
        "vae-ft-mse-840000-ema-pruned.safetensors"
      ],
      "color": "#323",
      "bgcolor": "#535"
    },
    {
      "id": 561,
      "type": "VAEDecode",
      "pos": {
        "0": -871,
        "1": -2699
      },
      "size": {
        "0": 210,
        "1": 46
      },
      "flags": {},
      "order": 48,
      "mode": 0,
      "inputs": [
        {
          "name": "samples",
          "type": "LATENT",
          "link": 1153
        },
        {
          "name": "vae",
          "type": "VAE",
          "link": 1154
        }
      ],
      "outputs": [
        {
          "name": "IMAGE",
          "type": "IMAGE",
          "links": [
            1156
          ],
          "slot_index": 0
        }
      ],
      "properties": {
        "Node name for S&R": "VAEDecode"
      },
      "widgets_values": [],
      "color": "#323",
      "bgcolor": "#535"
    },
    {
      "id": 604,
      "type": "easy cleanGpuUsed",
      "pos": {
        "0": -339,
        "1": -2440
      },
      "size": {
        "0": 210,
        "1": 26
      },
      "flags": {},
      "order": 34,
      "mode": 0,
      "inputs": [
        {
          "name": "anything",
          "type": "*",
          "link": 1223
        }
      ],
      "outputs": [
        {
          "name": "output",
          "type": "*",
          "links": null,
          "shape": 3
        }
      ],
      "properties": {
        "Node name for S&R": "easy cleanGpuUsed"
      },
      "widgets_values": [],
      "color": "#232",
      "bgcolor": "#353"
    },
    {
      "id": 599,
      "type": "KSampler (Efficient)",
      "pos": {
        "0": 1790,
        "1": -950
      },
      "size": {
        "0": 325,
        "1": 586
      },
      "flags": {},
      "order": 68,
      "mode": 4,
      "inputs": [
        {
          "name": "model",
          "type": "MODEL",
          "link": 1235
        },
        {
          "name": "positive",
          "type": "CONDITIONING",
          "link": 1211
        },
        {
          "name": "negative",
          "type": "CONDITIONING",
          "link": 1212
        },
        {
          "name": "latent_image",
          "type": "LATENT",
          "link": 1216
        },
        {
          "name": "optional_vae",
          "type": "VAE",
          "link": 1218,
          "shape": 7
        },
        {
          "name": "script",
          "type": "SCRIPT",
          "link": null,
          "shape": 7
        }
      ],
      "outputs": [
        {
          "name": "MODEL",
          "type": "MODEL",
          "links": null,
          "shape": 3
        },
        {
          "name": "CONDITIONING+",
          "type": "CONDITIONING",
          "links": null,
          "shape": 3
        },
        {
          "name": "CONDITIONING-",
          "type": "CONDITIONING",
          "links": null,
          "shape": 3
        },
        {
          "name": "LATENT",
          "type": "LATENT",
          "links": null,
          "shape": 3
        },
        {
          "name": "VAE",
          "type": "VAE",
          "links": null,
          "shape": 3
        },
        {
          "name": "IMAGE",
          "type": "IMAGE",
          "links": [
            1210,
            1238
          ],
          "slot_index": 5,
          "shape": 3
        }
      ],
      "properties": {
        "Node name for S&R": "KSampler (Efficient)"
      },
      "widgets_values": [
        760124298211402,
        "fixed",
        10,
        1,
        "euler",
        "beta",
        0.4,
        "auto",
        "true (tiled)",
        null
      ],
      "color": "#233",
      "bgcolor": "#355",
      "shape": 1
    },
    {
      "id": 513,
      "type": "Image Comparer (rgthree)",
      "pos": {
        "0": 4195,
        "1": -2122
      },
      "size": {
        "0": 529.79638671875,
        "1": 555.1854248046875
      },
      "flags": {},
      "order": 83,
      "mode": 4,
      "inputs": [
        {
          "name": "image_a",
          "type": "IMAGE",
          "link": 1289,
          "dir": 3
        },
        {
          "name": "image_b",
          "type": "IMAGE",
          "link": 1167,
          "dir": 3,
          "label": "image"
        }
      ],
      "outputs": [],
      "properties": {
        "comparer_mode": "Slide"
      },
      "widgets_values": [
        [
          {
            "name": "A",
            "selected": true,
            "url": "/api/view?filename=rgthree.compare._temp_dhptm_00007_.png&type=temp&subfolder=&rand=0.21809136598374113"
          },
          {
            "name": "B",
            "selected": true,
            "url": "/api/view?filename=rgthree.compare._temp_dhptm_00008_.png&type=temp&subfolder=&rand=0.3299253041361463"
          }
        ]
      ],
      "color": "#233",
      "bgcolor": "#355"
    },
    {
      "id": 602,
      "type": "easy cleanGpuUsed",
      "pos": {
        "0": 1773,
        "1": -1620
      },
      "size": {
        "0": 210,
        "1": 26
      },
      "flags": {},
      "order": 72,
      "mode": 4,
      "inputs": [
        {
          "name": "anything",
          "type": "*",
          "link": 1294
        }
      ],
      "outputs": [
        {
          "name": "output",
          "type": "*",
          "links": null,
          "shape": 3
        }
      ],
      "properties": {
        "Node name for S&R": "easy cleanGpuUsed"
      },
      "widgets_values": [],
      "color": "#232",
      "bgcolor": "#353"
    },
    {
      "id": 616,
      "type": "easy clearCacheAll",
      "pos": {
        "0": 1777,
        "1": -1526
      },
      "size": {
        "0": 210,
        "1": 26
      },
      "flags": {},
      "order": 73,
      "mode": 4,
      "inputs": [
        {
          "name": "anything",
          "type": "*",
          "link": 1295
        }
      ],
      "outputs": [
        {
          "name": "output",
          "type": "*",
          "links": null
        }
      ],
      "properties": {
        "Node name for S&R": "easy clearCacheAll"
      },
      "widgets_values": []
    },
    {
      "id": 508,
      "type": "ImageScale",
      "pos": {
        "0": 1601,
        "1": -2163
      },
      "size": {
        "0": 242.69741821289062,
        "1": 130
      },
      "flags": {
        "collapsed": false
      },
      "order": 70,
      "mode": 4,
      "inputs": [
        {
          "name": "image",
          "type": "IMAGE",
          "link": 1238
        }
      ],
      "outputs": [
        {
          "name": "IMAGE",
          "type": "IMAGE",
          "links": [
            1071,
            1167,
            1292,
            1294,
            1295
          ],
          "slot_index": 0,
          "shape": 3
        }
      ],
      "properties": {
        "Node name for S&R": "ImageScale"
      },
      "widgets_values": [
        "lanczos",
        1024,
        0,
        "disabled"
      ]
    },
    {
      "id": 601,
      "type": "easy cleanGpuUsed",
      "pos": {
        "0": 2178,
        "1": -457
      },
      "size": {
        "0": 210,
        "1": 26
      },
      "flags": {},
      "order": 66,
      "mode": 4,
      "inputs": [
        {
          "name": "anything",
          "type": "*",
          "link": 1296
        }
      ],
      "outputs": [
        {
          "name": "output",
          "type": "*",
          "links": null,
          "shape": 3
        }
      ],
      "properties": {
        "Node name for S&R": "easy cleanGpuUsed"
      },
      "widgets_values": [],
      "color": "#232",
      "bgcolor": "#353"
    },
    {
      "id": 615,
      "type": "easy clearCacheAll",
      "pos": {
        "0": 2182,
        "1": -384
      },
      "size": {
        "0": 210,
        "1": 26
      },
      "flags": {},
      "order": 67,
      "mode": 4,
      "inputs": [
        {
          "name": "anything",
          "type": "*",
          "link": 1297
        }
      ],
      "outputs": [
        {
          "name": "output",
          "type": "*",
          "links": null
        }
      ],
      "properties": {
        "Node name for S&R": "easy clearCacheAll"
      },
      "widgets_values": []
    },
    {
      "id": 585,
      "type": "ImageScale",
      "pos": {
        "0": 1239,
        "1": -958
      },
      "size": {
        "0": 247.20245361328125,
        "1": 130
      },
      "flags": {},
      "order": 64,
      "mode": 4,
      "inputs": [
        {
          "name": "image",
          "type": "IMAGE",
          "link": 1208
        }
      ],
      "outputs": [
        {
          "name": "IMAGE",
          "type": "IMAGE",
          "links": [
            1215,
            1296,
            1297
          ],
          "slot_index": 0
        }
      ],
      "properties": {
        "Node name for S&R": "ImageScale"
      },
      "widgets_values": [
        "lanczos",
        1024,
        0,
        "disabled"
      ],
      "color": "#233",
      "bgcolor": "#355"
    },
    {
      "id": 498,
      "type": "CR Upscale Image",
      "pos": {
        "0": 1672,
        "1": -1965
      },
      "size": {
        "0": 335.20831298828125,
        "1": 222
      },
      "flags": {},
      "order": 71,
      "mode": 4,
      "inputs": [
        {
          "name": "image",
          "type": "IMAGE",
          "link": 1071
        }
      ],
      "outputs": [
        {
          "name": "IMAGE",
          "type": "IMAGE",
          "links": [
            1076
          ],
          "slot_index": 0,
          "shape": 3
        },
        {
          "name": "show_help",
          "type": "STRING",
          "links": null,
          "shape": 3
        }
      ],
      "properties": {
        "Node name for S&R": "CR Upscale Image"
      },
      "widgets_values": [
        "4x_NMKD-Siax_200k.pth",
        "resize",
        3,
        2500,
        "lanczos",
        "true",
        8
      ],
      "color": "#2a363b",
      "bgcolor": "#3f5159"
    },
    {
      "id": 501,
      "type": "Reroute",
      "pos": {
        "0": 2376,
        "1": -1534
      },
      "size": [
        82,
        26
      ],
      "flags": {},
      "order": 74,
      "mode": 4,
      "inputs": [
        {
          "name": "",
          "type": "*",
          "link": 1076
        }
      ],
      "outputs": [
        {
          "name": "IMAGE",
          "type": "IMAGE",
          "links": [
            1069,
            1143,
            1144,
            1301
          ],
          "slot_index": 0
        }
      ],
      "properties": {
        "showOutputText": true,
        "horizontal": false
      }
    },
    {
      "id": 500,
      "type": "easy controlnetLoaderADV",
      "pos": {
        "0": 3436,
        "1": -2169
      },
      "size": {
        "0": 329.17413330078125,
        "1": 194
      },
      "flags": {},
      "order": 80,
      "mode": 4,
      "inputs": [
        {
          "name": "pipe",
          "type": "PIPE_LINE",
          "link": 1074
        },
        {
          "name": "image",
          "type": "IMAGE",
          "link": 1144
        },
        {
          "name": "control_net",
          "type": "CONTROL_NET",
          "link": null,
          "shape": 7
        }
      ],
      "outputs": [
        {
          "name": "pipe",
          "type": "PIPE_LINE",
          "links": [
            1088
          ],
          "slot_index": 0,
          "shape": 3
        },
        {
          "name": "positive",
          "type": "CONDITIONING",
          "links": [
            1298
          ],
          "slot_index": 1,
          "shape": 3
        },
        {
          "name": "negative",
          "type": "CONDITIONING",
          "links": [
            1299
          ],
          "slot_index": 2,
          "shape": 3
        }
      ],
      "properties": {
        "Node name for S&R": "easy controlnetLoaderADV"
      },
      "widgets_values": [
        "control_v11u_sd15_tile_fp16.safetensors",
        0.6,
        0,
        0.6,
        1
      ],
      "color": "#432",
      "bgcolor": "#653"
    },
    {
      "id": 505,
      "type": "IPAdapterAdvanced",
      "pos": {
        "0": 2637.102294921875,
        "1": -1921.7608642578125
      },
      "size": {
        "0": 315,
        "1": 278
      },
      "flags": {},
      "order": 77,
      "mode": 4,
      "inputs": [
        {
          "name": "model",
          "type": "MODEL",
          "link": 1081
        },
        {
          "name": "ipadapter",
          "type": "IPADAPTER",
          "link": 1082
        },
        {
          "name": "image",
          "type": "IMAGE",
          "link": 1083
        },
        {
          "name": "image_negative",
          "type": "IMAGE",
          "link": null,
          "shape": 7
        },
        {
          "name": "attn_mask",
          "type": "MASK",
          "link": null,
          "shape": 7
        },
        {
          "name": "clip_vision",
          "type": "CLIP_VISION",
          "link": 1084,
          "shape": 7
        }
      ],
      "outputs": [
        {
          "name": "MODEL",
          "type": "MODEL",
          "links": [
            1087,
            1300
          ],
          "slot_index": 0,
          "shape": 3
        }
      ],
      "properties": {
        "Node name for S&R": "IPAdapterAdvanced"
      },
      "widgets_values": [
        1,
        "style and composition",
        "concat",
        0,
        0.8,
        "K+V w/ C penalty"
      ],
      "color": "#323",
      "bgcolor": "#535"
    },
    {
      "id": 512,
      "type": "easy fullkSampler",
      "pos": {
        "0": 3809,
        "1": -2160
      },
      "size": {
        "0": 315,
        "1": 386
      },
      "flags": {},
      "order": 81,
      "mode": 4,
      "inputs": [
        {
          "name": "pipe",
          "type": "PIPE_LINE",
          "link": 1088
        },
        {
          "name": "model",
          "type": "MODEL",
          "link": 1300,
          "shape": 7
        },
        {
          "name": "positive",
          "type": "CONDITIONING",
          "link": 1298,
          "shape": 7
        },
        {
          "name": "negative",
          "type": "CONDITIONING",
          "link": 1299,
          "shape": 7
        },
        {
          "name": "latent",
          "type": "LATENT",
          "link": 1303,
          "shape": 7
        },
        {
          "name": "vae",
          "type": "VAE",
          "link": 1101,
          "shape": 7
        },
        {
          "name": "clip",
          "type": "CLIP",
          "link": 1102,
          "shape": 7
        },
        {
          "name": "xyPlot",
          "type": "XYPLOT",
          "link": null,
          "shape": 7
        },
        {
          "name": "image",
          "type": "IMAGE",
          "link": null,
          "shape": 7
        }
      ],
      "outputs": [
        {
          "name": "pipe",
          "type": "PIPE_LINE",
          "links": null,
          "shape": 3
        },
        {
          "name": "image",
          "type": "IMAGE",
          "links": [
            1291
          ],
          "slot_index": 1,
          "shape": 3
        },
        {
          "name": "model",
          "type": "MODEL",
          "links": null,
          "shape": 3
        },
        {
          "name": "positive",
          "type": "CONDITIONING",
          "links": null,
          "shape": 3
        },
        {
          "name": "negative",
          "type": "CONDITIONING",
          "links": null,
          "shape": 3
        },
        {
          "name": "latent",
          "type": "LATENT",
          "links": [],
          "slot_index": 5,
          "shape": 3
        },
        {
          "name": "vae",
          "type": "VAE",
          "links": [],
          "slot_index": 6,
          "shape": 3
        },
        {
          "name": "clip",
          "type": "CLIP",
          "links": null,
          "shape": 3
        },
        {
          "name": "seed",
          "type": "INT",
          "links": null,
          "shape": 3
        }
      ],
      "properties": {
        "Node name for S&R": "easy fullkSampler"
      },
      "widgets_values": [
        18,
        7.5,
        "dpmpp_2m",
        "gits",
        1,
        "Hide",
        0,
        "ComfyUI",
        392284043001963,
        "fixed"
      ],
      "color": "#233",
      "bgcolor": "#355"
    },
    {
      "id": 493,
      "type": "easy fullLoader",
      "pos": {
        "0": 2055,
        "1": -2171
      },
      "size": {
        "0": 388.41693115234375,
        "1": 592
      },
      "flags": {},
      "order": 30,
      "mode": 4,
      "inputs": [
        {
          "name": "model_override",
          "type": "MODEL",
          "link": null,
          "shape": 7
        },
        {
          "name": "clip_override",
          "type": "CLIP",
          "link": 1099,
          "shape": 7
        },
        {
          "name": "vae_override",
          "type": "VAE",
          "link": 1100,
          "shape": 7
        },
        {
          "name": "optional_lora_stack",
          "type": "LORA_STACK",
          "link": null,
          "shape": 7
        },
        {
          "name": "optional_controlnet_stack",
          "type": "CONTROL_NET_STACK",
          "link": null,
          "shape": 7
        },
        {
          "name": "positive",
          "type": "STRING",
          "link": 1142,
          "widget": {
            "name": "positive"
          },
          "label": "positive0"
        }
      ],
      "outputs": [
        {
          "name": "pipe",
          "type": "PIPE_LINE",
          "links": [
            1086
          ],
          "slot_index": 0,
          "shape": 3
        },
        {
          "name": "model",
          "type": "MODEL",
          "links": [
            1068
          ],
          "slot_index": 1,
          "shape": 3
        },
        {
          "name": "vae",
          "type": "VAE",
          "links": [
            1101,
            1302
          ],
          "slot_index": 2,
          "shape": 3
        },
        {
          "name": "clip",
          "type": "CLIP",
          "links": [
            1102
          ],
          "slot_index": 3,
          "shape": 3
        },
        {
          "name": "positive",
          "type": "CONDITIONING",
          "links": [],
          "slot_index": 4,
          "shape": 3
        },
        {
          "name": "negative",
          "type": "CONDITIONING",
          "links": [],
          "slot_index": 5,
          "shape": 3
        },
        {
          "name": "latent",
          "type": "LATENT",
          "links": null,
          "shape": 3
        }
      ],
      "properties": {
        "Node name for S&R": "easy fullLoader"
      },
      "widgets_values": [
        "juggernaut_reborn.safetensors",
        "Default",
        "Baked VAE",
        -1,
        "more_details.safetensors",
        1,
        1,
        "768 x 768",
        512,
        512,
        " bronze statue on a red background",
        "none",
        "comfy",
        "blurry, simplified, low resolution, frickles, moles, veins",
        "none",
        "comfy",
        1,
        false,
        true,
        true
      ],
      "color": "#223",
      "bgcolor": "#335"
    },
    {
      "id": 623,
      "type": "VAEEncode",
      "pos": {
        "0": 3539,
        "1": -1900
      },
      "size": {
        "0": 210,
        "1": 46
      },
      "flags": {},
      "order": 76,
      "mode": 4,
      "inputs": [
        {
          "name": "pixels",
          "type": "IMAGE",
          "link": 1301
        },
        {
          "name": "vae",
          "type": "VAE",
          "link": 1302
        }
      ],
      "outputs": [
        {
          "name": "LATENT",
          "type": "LATENT",
          "links": [
            1303
          ],
          "slot_index": 0
        }
      ],
      "properties": {
        "Node name for S&R": "VAEEncode"
      }
    },
    {
      "id": 370,
      "type": "KSampler (Efficient)",
      "pos": {
        "0": 500,
        "1": -2135
      },
      "size": {
        "0": 325,
        "1": 586
      },
      "flags": {},
      "order": 61,
      "mode": 0,
      "inputs": [
        {
          "name": "model",
          "type": "MODEL",
          "link": 920
        },
        {
          "name": "positive",
          "type": "CONDITIONING",
          "link": 869
        },
        {
          "name": "negative",
          "type": "CONDITIONING",
          "link": 870
        },
        {
          "name": "latent_image",
          "type": "LATENT",
          "link": 867
        },
        {
          "name": "optional_vae",
          "type": "VAE",
          "link": null,
          "shape": 7
        },
        {
          "name": "script",
          "type": "SCRIPT",
          "link": null,
          "shape": 7
        }
      ],
      "outputs": [
        {
          "name": "MODEL",
          "type": "MODEL",
          "links": null,
          "shape": 3
        },
        {
          "name": "CONDITIONING+",
          "type": "CONDITIONING",
          "links": [],
          "slot_index": 1,
          "shape": 3
        },
        {
          "name": "CONDITIONING-",
          "type": "CONDITIONING",
          "links": [],
          "slot_index": 2,
          "shape": 3
        },
        {
          "name": "LATENT",
          "type": "LATENT",
          "links": null,
          "shape": 3
        },
        {
          "name": "VAE",
          "type": "VAE",
          "links": null,
          "shape": 3
        },
        {
          "name": "IMAGE",
          "type": "IMAGE",
          "links": [
            868,
            1195
          ],
          "slot_index": 5,
          "shape": 3
        }
      ],
      "properties": {
        "Node name for S&R": "KSampler (Efficient)"
      },
      "widgets_values": [
        632836266948391,
        "fixed",
        20,
        6,
        "dpmpp_2m",
        "beta",
        1,
        "auto",
        "true (tiled)",
        null
      ],
      "color": "#2a363b",
      "bgcolor": "#3f5159",
      "shape": 1
    },
    {
      "id": 620,
      "type": "easy imageColorMatch",
      "pos": {
        "0": 4200,
        "1": -2178
      },
      "size": {
        "0": 315,
        "1": 126
      },
      "flags": {
        "collapsed": true
      },
      "order": 82,
      "mode": 4,
      "inputs": [
        {
          "name": "image_ref",
          "type": "IMAGE",
          "link": 1292
        },
        {
          "name": "image_target",
          "type": "IMAGE",
          "link": 1291
        }
      ],
      "outputs": [
        {
          "name": "image",
          "type": "IMAGE",
          "links": [
            1289,
            1290
          ],
          "slot_index": 0
        }
      ],
      "properties": {
        "Node name for S&R": "easy imageColorMatch"
      },
      "widgets_values": [
        "wavelet",
        "Hide",
        "ComfyUI"
      ]
    },
    {
      "id": 547,
      "type": "Fast Groups Bypasser (rgthree)",
      "pos": {
        "0": 1677,
        "1": -2393
      },
      "size": {
        "0": 348.5792236328125,
        "1": 97.95061492919922
      },
      "flags": {},
      "order": 26,
      "mode": 0,
      "inputs": [],
      "outputs": [
        {
          "name": "OPT_CONNECTION",
          "type": "*",
          "links": null
        }
      ],
      "properties": {
        "matchColors": "",
        "matchTitle": "upscale",
        "showNav": true,
        "sort": "position",
        "customSortAlphabet": "",
        "toggleRestriction": "default"
      },
      "color": "#319bc8",
      "bgcolor": "#1d87b4"
    },
    {
      "id": 422,
      "type": "Fast Groups Bypasser (rgthree)",
      "pos": {
        "0": 1160,
        "1": -1178
      },
      "size": {
        "0": 348.5792236328125,
        "1": 97.95061492919922
      },
      "flags": {},
      "order": 27,
      "mode": 0,
      "inputs": [],
      "outputs": [
        {
          "name": "OPT_CONNECTION",
          "type": "*",
          "links": null
        }
      ],
      "properties": {
        "matchColors": "",
        "matchTitle": "Flux",
        "showNav": true,
        "sort": "position",
        "customSortAlphabet": "",
        "toggleRestriction": "default"
      },
      "color": "#319bc8",
      "bgcolor": "#1d87b4"
    }
  ],
  "links": [
    [
      805,
      345,
      0,
      344,
      0,
      "COMPOSITOR_CONFIG"
    ],
    [
      807,
      347,
      0,
      344,
      1,
      "BOOLEAN"
    ],
    [
      821,
      350,
      0,
      345,
      0,
      "IMAGE"
    ],
    [
      832,
      254,
      0,
      361,
      0,
      "IMAGE"
    ],
    [
      833,
      361,
      0,
      345,
      2,
      "IMAGE"
    ],
    [
      834,
      304,
      0,
      362,
      0,
      "IMAGE"
    ],
    [
      835,
      362,
      0,
      345,
      4,
      "IMAGE"
    ],
    [
      849,
      369,
      4,
      366,
      0,
      "VAE"
    ],
    [
      850,
      369,
      5,
      367,
      0,
      "CLIP"
    ],
    [
      857,
      364,
      0,
      373,
      0,
      "*"
    ],
    [
      858,
      364,
      1,
      374,
      0,
      "*"
    ],
    [
      859,
      375,
      0,
      364,
      0,
      "CONDITIONING"
    ],
    [
      860,
      376,
      0,
      364,
      1,
      "CONDITIONING"
    ],
    [
      861,
      369,
      1,
      375,
      0,
      "*"
    ],
    [
      862,
      369,
      2,
      376,
      0,
      "*"
    ],
    [
      867,
      377,
      0,
      370,
      3,
      "LATENT"
    ],
    [
      868,
      370,
      5,
      378,
      0,
      "IMAGE"
    ],
    [
      869,
      379,
      0,
      370,
      1,
      "CONDITIONING"
    ],
    [
      870,
      380,
      0,
      370,
      2,
      "CONDITIONING"
    ],
    [
      878,
      369,
      4,
      377,
      1,
      "VAE"
    ],
    [
      879,
      369,
      4,
      364,
      3,
      "VAE"
    ],
    [
      880,
      369,
      4,
      370,
      4,
      "VAE"
    ],
    [
      919,
      381,
      2,
      404,
      0,
      "*"
    ],
    [
      920,
      405,
      0,
      370,
      0,
      "MODEL"
    ],
    [
      942,
      344,
      1,
      417,
      0,
      "IMAGE"
    ],
    [
      951,
      373,
      0,
      379,
      0,
      "*"
    ],
    [
      952,
      374,
      0,
      380,
      0,
      "*"
    ],
    [
      953,
      369,
      0,
      405,
      0,
      "MODEL"
    ],
    [
      962,
      372,
      0,
      430,
      0,
      "STRING"
    ],
    [
      963,
      372,
      1,
      431,
      0,
      "STRING"
    ],
    [
      986,
      344,
      1,
      197,
      0,
      "IMAGE"
    ],
    [
      987,
      344,
      1,
      381,
      0,
      "IMAGE"
    ],
    [
      988,
      344,
      1,
      377,
      0,
      "IMAGE"
    ],
    [
      989,
      369,
      4,
      377,
      1,
      "VAE"
    ],
    [
      990,
      369,
      4,
      364,
      3,
      "VAE"
    ],
    [
      991,
      369,
      4,
      370,
      4,
      "VAE"
    ],
    [
      992,
      372,
      0,
      369,
      2,
      "STRING"
    ],
    [
      993,
      372,
      1,
      369,
      3,
      "STRING"
    ],
    [
      1068,
      493,
      1,
      495,
      0,
      "*"
    ],
    [
      1069,
      501,
      0,
      496,
      0,
      "*"
    ],
    [
      1071,
      508,
      0,
      498,
      0,
      "IMAGE"
    ],
    [
      1072,
      511,
      0,
      499,
      0,
      "PIPE_LINE"
    ],
    [
      1074,
      499,
      0,
      500,
      0,
      "PIPE_LINE"
    ],
    [
      1076,
      498,
      0,
      501,
      0,
      "*"
    ],
    [
      1081,
      495,
      0,
      505,
      0,
      "MODEL"
    ],
    [
      1082,
      506,
      0,
      505,
      1,
      "IPADAPTER"
    ],
    [
      1083,
      496,
      0,
      505,
      2,
      "IMAGE"
    ],
    [
      1084,
      507,
      0,
      505,
      5,
      "CLIP_VISION"
    ],
    [
      1086,
      493,
      0,
      511,
      0,
      "PIPE_LINE"
    ],
    [
      1087,
      505,
      0,
      511,
      1,
      "MODEL"
    ],
    [
      1088,
      500,
      0,
      512,
      0,
      "PIPE_LINE"
    ],
    [
      1099,
      489,
      0,
      493,
      1,
      "CLIP"
    ],
    [
      1100,
      490,
      0,
      493,
      2,
      "VAE"
    ],
    [
      1101,
      493,
      2,
      512,
      5,
      "VAE"
    ],
    [
      1102,
      493,
      3,
      512,
      6,
      "CLIP"
    ],
    [
      1103,
      518,
      0,
      511,
      5,
      "VAE"
    ],
    [
      1104,
      519,
      0,
      511,
      6,
      "CLIP"
    ],
    [
      1105,
      520,
      0,
      511,
      7,
      "IMAGE"
    ],
    [
      1142,
      546,
      0,
      493,
      5,
      "STRING"
    ],
    [
      1143,
      501,
      0,
      499,
      1,
      "IMAGE"
    ],
    [
      1144,
      501,
      0,
      500,
      1,
      "IMAGE"
    ],
    [
      1149,
      555,
      0,
      556,
      0,
      "LOTUSUNET"
    ],
    [
      1150,
      557,
      0,
      556,
      1,
      "LATENT"
    ],
    [
      1152,
      559,
      0,
      557,
      1,
      "VAE"
    ],
    [
      1153,
      556,
      0,
      561,
      0,
      "LATENT"
    ],
    [
      1154,
      559,
      0,
      561,
      1,
      "VAE"
    ],
    [
      1156,
      561,
      0,
      563,
      0,
      "IMAGE"
    ],
    [
      1163,
      563,
      0,
      198,
      0,
      "IMAGE"
    ],
    [
      1164,
      563,
      0,
      364,
      4,
      "IMAGE"
    ],
    [
      1167,
      508,
      0,
      513,
      1,
      "IMAGE"
    ],
    [
      1168,
      344,
      1,
      565,
      0,
      "IMAGE"
    ],
    [
      1195,
      370,
      5,
      576,
      0,
      "*"
    ],
    [
      1208,
      576,
      0,
      585,
      0,
      "IMAGE"
    ],
    [
      1210,
      599,
      5,
      596,
      0,
      "IMAGE"
    ],
    [
      1211,
      598,
      0,
      599,
      1,
      "CONDITIONING"
    ],
    [
      1212,
      597,
      0,
      599,
      2,
      "CONDITIONING"
    ],
    [
      1215,
      585,
      0,
      600,
      0,
      "IMAGE"
    ],
    [
      1216,
      600,
      0,
      599,
      3,
      "LATENT"
    ],
    [
      1217,
      589,
      0,
      600,
      1,
      "VAE"
    ],
    [
      1218,
      589,
      0,
      599,
      4,
      "VAE"
    ],
    [
      1222,
      372,
      0,
      603,
      0,
      "*"
    ],
    [
      1223,
      194,
      0,
      604,
      0,
      "*"
    ],
    [
      1224,
      344,
      1,
      377,
      0,
      "IMAGE"
    ],
    [
      1225,
      369,
      4,
      377,
      1,
      "VAE"
    ],
    [
      1226,
      372,
      0,
      369,
      2,
      "STRING"
    ],
    [
      1227,
      372,
      1,
      369,
      3,
      "STRING"
    ],
    [
      1228,
      344,
      1,
      381,
      0,
      "IMAGE"
    ],
    [
      1229,
      344,
      1,
      557,
      0,
      "IMAGE"
    ],
    [
      1230,
      369,
      4,
      364,
      3,
      "VAE"
    ],
    [
      1231,
      372,
      0,
      598,
      1,
      "STRING"
    ],
    [
      1232,
      372,
      0,
      598,
      2,
      "STRING"
    ],
    [
      1233,
      369,
      4,
      370,
      4,
      "VAE"
    ],
    [
      1235,
      592,
      0,
      599,
      0,
      "MODEL"
    ],
    [
      1236,
      590,
      0,
      598,
      0,
      "CLIP"
    ],
    [
      1237,
      590,
      0,
      597,
      0,
      "CLIP"
    ],
    [
      1238,
      599,
      5,
      508,
      0,
      "IMAGE"
    ],
    [
      1239,
      381,
      2,
      608,
      0,
      "*"
    ],
    [
      1240,
      371,
      0,
      608,
      1,
      "STRING"
    ],
    [
      1241,
      344,
      1,
      377,
      0,
      "IMAGE"
    ],
    [
      1242,
      369,
      4,
      377,
      1,
      "VAE"
    ],
    [
      1243,
      372,
      0,
      369,
      2,
      "STRING"
    ],
    [
      1244,
      372,
      1,
      369,
      3,
      "STRING"
    ],
    [
      1245,
      344,
      1,
      381,
      0,
      "IMAGE"
    ],
    [
      1246,
      344,
      1,
      557,
      0,
      "IMAGE"
    ],
    [
      1247,
      369,
      4,
      364,
      3,
      "VAE"
    ],
    [
      1248,
      372,
      0,
      546,
      0,
      "STRING"
    ],
    [
      1249,
      372,
      0,
      598,
      1,
      "STRING"
    ],
    [
      1250,
      372,
      0,
      598,
      2,
      "STRING"
    ],
    [
      1251,
      369,
      4,
      370,
      4,
      "VAE"
    ],
    [
      1252,
      612,
      0,
      381,
      1,
      "FL2MODEL"
    ],
    [
      1253,
      608,
      0,
      372,
      0,
      "STRING"
    ],
    [
      1258,
      194,
      0,
      364,
      2,
      "CONTROL_NET"
    ],
    [
      1259,
      344,
      1,
      377,
      0,
      "IMAGE"
    ],
    [
      1260,
      369,
      4,
      377,
      1,
      "VAE"
    ],
    [
      1261,
      344,
      1,
      557,
      0,
      "IMAGE"
    ],
    [
      1262,
      369,
      4,
      364,
      3,
      "VAE"
    ],
    [
      1263,
      344,
      1,
      381,
      0,
      "IMAGE"
    ],
    [
      1264,
      372,
      0,
      369,
      2,
      "STRING"
    ],
    [
      1265,
      372,
      1,
      369,
      3,
      "STRING"
    ],
    [
      1266,
      369,
      4,
      370,
      4,
      "VAE"
    ],
    [
      1289,
      620,
      0,
      513,
      0,
      "IMAGE"
    ],
    [
      1290,
      620,
      0,
      514,
      0,
      "IMAGE"
    ],
    [
      1291,
      512,
      1,
      620,
      1,
      "IMAGE"
    ],
    [
      1292,
      508,
      0,
      620,
      0,
      "IMAGE"
    ],
    [
      1294,
      508,
      0,
      602,
      0,
      "*"
    ],
    [
      1295,
      508,
      0,
      616,
      0,
      "*"
    ],
    [
      1296,
      585,
      0,
      601,
      0,
      "*"
    ],
    [
      1297,
      585,
      0,
      615,
      0,
      "*"
    ],
    [
      1298,
      500,
      1,
      512,
      2,
      "CONDITIONING"
    ],
    [
      1299,
      500,
      2,
      512,
      3,
      "CONDITIONING"
    ],
    [
      1300,
      505,
      0,
      512,
      1,
      "MODEL"
    ],
    [
      1301,
      501,
      0,
      623,
      0,
      "IMAGE"
    ],
    [
      1302,
      493,
      2,
      623,
      1,
      "VAE"
    ],
    [
      1303,
      623,
      0,
      512,
      4,
      "LATENT"
    ],
    [
      1305,
      344,
      1,
      377,
      0,
      "IMAGE"
    ],
    [
      1306,
      369,
      4,
      377,
      1,
      "VAE"
    ],
    [
      1307,
      344,
      1,
      557,
      0,
      "IMAGE"
    ],
    [
      1308,
      369,
      4,
      364,
      3,
      "VAE"
    ],
    [
      1309,
      344,
      1,
      381,
      0,
      "IMAGE"
    ],
    [
      1310,
      372,
      0,
      369,
      2,
      "STRING"
    ],
    [
      1311,
      372,
      1,
      369,
      3,
      "STRING"
    ],
    [
      1312,
      369,
      4,
      370,
      4,
      "VAE"
    ]
  ],
  "groups": [
    {
      "title": "Lotus Depth",
      "bounding": [
        -1248,
        -2975,
        1335,
        575
      ],
      "color": "#b58b2a",
      "font_size": 24,
      "flags": {}
    },
    {
      "title": "Prompt Auto (stabledif.ru)",
      "bounding": [
        -1594,
        -2289,
        391,
        869
      ],
      "color": "#8A8",
      "font_size": 24,
      "flags": {}
    },
    {
      "title": "NEW STYLE (stabledif.ru)",
      "bounding": [
        304,
        -2269,
        1158,
        756
      ],
      "color": "#8AA",
      "font_size": 24,
      "flags": {}
    },
    {
      "title": "Upscale (stabledif.ru)",
      "bounding": [
        1648,
        -2258,
        3310,
        861
      ],
      "color": "#3f789e",
      "font_size": 24,
      "flags": {}
    },
    {
      "title": "Load Model (stabledif.ru)",
      "bounding": [
        -256,
        -2233,
        433,
        644
      ],
      "color": "#3f789e",
      "font_size": 24,
      "flags": {}
    },
    {
      "title": "STYLES",
      "bounding": [
        -717,
        -2143,
        380,
        603
      ],
      "color": "#8A8",
      "font_size": 24,
      "flags": {}
    },
    {
      "title": "Prompt Manual (stabledif.ru)",
      "bounding": [
        -1149,
        -1934,
        376,
        412
      ],
      "color": "#8A8",
      "font_size": 24,
      "flags": {}
    },
    {
      "title": "Compositor (stabledif.ru)",
      "bounding": [
        -1308,
        -1246,
        2212,
        1276
      ],
      "color": "#3f789e",
      "font_size": 24,
      "flags": {}
    },
    {
      "title": "Flux Restoration (stabledif.ru)",
      "bounding": [
        1163,
        -1046,
        1384,
        698
      ],
      "color": "#8AA",
      "font_size": 24,
      "flags": {}
    }
  ],
  "config": {},
  "extra": {
    "ds": {
      "scale": 0.23939204936916375,
      "offset": [
        2188.964783087898,
        3843.213141909257
      ]
    },
    "groupNodes": {}
  },
  "version": 0.4
}