{
  "templates": [
    {
      "name": "Pipe-CryTools",
      "data": "{\"nodes\":[{\"type\":\"Pipe to/edit any [Crystools]\",\"pos\":[-24,2686],\"size\":{\"0\":216.59999084472656,\"1\":146},\"flags\":{},\"order\":11,\"mode\":0,\"inputs\":[{\"name\":\"CPipeAny\",\"type\":\"CPipeAny\",\"link\":null},{\"name\":\"any_1\",\"type\":\"*\",\"link\":null,\"label\":\"MODEL\"},{\"name\":\"any_2\",\"type\":\"*\",\"link\":null,\"label\":\"CLIP\"},{\"name\":\"any_3\",\"type\":\"*\",\"link\":null,\"label\":\"VAE\"},{\"name\":\"any_4\",\"type\":\"*\",\"link\":null,\"label\":\"NEG\"},{\"name\":\"any_5\",\"type\":\"*\",\"link\":null},{\"name\":\"any_6\",\"type\":\"*\",\"link\":null}],\"outputs\":[{\"name\":\"CPipeAny\",\"type\":\"CPipeAny\",\"links\":[],\"shape\":3,\"slot_index\":0}],\"properties\":{\"Node name for S&R\":\"Pipe to/edit any [Crystools]\"},\"color\":\"#432\",\"bgcolor\":\"#653\"},{\"type\":\"Pipe from any [Crystools]\",\"pos\":[491,2880],\"size\":{\"0\":216.59999084472656,\"1\":146},\"flags\":{},\"order\":14,\"mode\":0,\"inputs\":[{\"name\":\"CPipeAny\",\"type\":\"CPipeAny\",\"link\":null}],\"outputs\":[{\"name\":\"CPipeAny\",\"type\":\"CPipeAny\",\"links\":null,\"shape\":3},{\"name\":\"any_1\",\"type\":\"*\",\"links\":[],\"shape\":3,\"label\":\"MODEL\",\"slot_index\":1},{\"name\":\"any_2\",\"type\":\"*\",\"links\":[],\"shape\":3,\"label\":\"CLIP\",\"slot_index\":2},{\"name\":\"any_3\",\"type\":\"*\",\"links\":[],\"shape\":3,\"label\":\"VAE\",\"slot_index\":3},{\"name\":\"any_4\",\"type\":\"*\",\"links\":[],\"shape\":3,\"label\":\"NAG\",\"slot_index\":4},{\"name\":\"any_5\",\"type\":\"*\",\"links\":null,\"shape\":3},{\"name\":\"any_6\",\"type\":\"*\",\"links\":null,\"shape\":3}],\"properties\":{\"Node name for S&R\":\"Pipe from any [Crystools]\"},\"color\":\"#432\",\"bgcolor\":\"#653\"}],\"links\":[[null,0,0,1,13],[null,1,0,2,13],[null,2,0,3,13],[null,0,0,4,15],[0,0,1,0,29]]}"
    },
    {
      "name": "GenerateUniversal-1",
      "data": "{\"nodes\":[{\"type\":\"CheckpointLoader|pysssss\",\"pos\":[530,1980],\"size\":{\"0\":429.5270080566406,\"1\":140.56629943847656},\"flags\":{},\"order\":8,\"mode\":0,\"outputs\":[{\"name\":\"MODEL\",\"type\":\"MODEL\",\"links\":[],\"shape\":3,\"slot_index\":0},{\"name\":\"CLIP\",\"type\":\"CLIP\",\"links\":[],\"shape\":3,\"slot_index\":1},{\"name\":\"VAE\",\"type\":\"VAE\",\"links\":[],\"shape\":3,\"slot_index\":2}],\"properties\":{\"Node name for S&R\":\"CheckpointLoader|pysssss\"},\"widgets_values\":[{\"content\":\"SDXL\\\\realvisxlV40_v40Bakedvae.safetensors\",\"image\":null}],\"color\":\"#223\",\"bgcolor\":\"#335\"},{\"type\":\"CLIPSetLastLayer\",\"pos\":[660,1830],\"size\":{\"0\":315,\"1\":58},\"flags\":{},\"order\":19,\"mode\":0,\"inputs\":[{\"name\":\"clip\",\"type\":\"CLIP\",\"link\":null}],\"outputs\":[{\"name\":\"CLIP\",\"type\":\"CLIP\",\"links\":[],\"shape\":3,\"slot_index\":0}],\"properties\":{\"Node name for S&R\":\"CLIPSetLastLayer\"},\"widgets_values\":[-1],\"color\":\"#432\",\"bgcolor\":\"#653\"},{\"id\":-1,\"type\":\"Power Lora Loader (rgthree)\",\"pos\":{\"0\":1060,\"1\":1970,\"2\":0,\"3\":0,\"4\":0,\"5\":0,\"6\":0,\"7\":0,\"8\":0,\"9\":0},\"size\":{\"0\":340.20001220703125,\"1\":142},\"flags\":{},\"order\":14,\"mode\":0,\"inputs\":[{\"name\":\"model\",\"type\":\"MODEL\",\"link\":null,\"dir\":3},{\"name\":\"clip\",\"type\":\"CLIP\",\"link\":null,\"dir\":3}],\"outputs\":[{\"name\":\"MODEL\",\"type\":\"MODEL\",\"links\":[],\"shape\":3,\"dir\":4,\"slot_index\":0},{\"name\":\"CLIP\",\"type\":\"CLIP\",\"links\":[],\"shape\":3,\"dir\":4,\"slot_index\":1}],\"properties\":{\"Show Strengths\":\"Single Strength\"},\"widgets_values\":[null,{\"type\":\"PowerLoraLoaderHeaderWidget\"},{\"on\":true,\"lora\":\"SDXL\\\\add-detail-xl.safetensors\",\"strength\":0.9500000000000002,\"strengthTwo\":null},null,\"\"],\"color\":\"#223\",\"bgcolor\":\"#335\"},{\"type\":\"KSampler\",\"pos\":[1460,1750],\"size\":{\"0\":315,\"1\":262},\"flags\":{},\"order\":24,\"mode\":0,\"inputs\":[{\"name\":\"model\",\"type\":\"MODEL\",\"link\":null},{\"name\":\"positive\",\"type\":\"CONDITIONING\",\"link\":null,\"slot_index\":1},{\"name\":\"negative\",\"type\":\"CONDITIONING\",\"link\":null,\"slot_index\":2},{\"name\":\"latent_image\",\"type\":\"LATENT\",\"link\":null,\"slot_index\":3},{\"name\":\"seed\",\"type\":\"INT\",\"link\":null,\"widget\":{\"name\":\"seed\"},\"slot_index\":4}],\"outputs\":[{\"name\":\"LATENT\",\"type\":\"LATENT\",\"links\":[],\"shape\":3,\"slot_index\":0}],\"properties\":{\"Node name for S&R\":\"KSampler\"},\"widgets_values\":[0,\"randomize\",20,8,\"euler\",\"normal\",1]},{\"type\":\"EmptyLatentImage\",\"pos\":[1090,1800],\"size\":{\"0\":315,\"1\":106},\"flags\":{},\"order\":4,\"mode\":0,\"outputs\":[{\"name\":\"LATENT\",\"type\":\"LATENT\",\"links\":[],\"shape\":3}],\"properties\":{\"Node name for S&R\":\"EmptyLatentImage\"},\"widgets_values\":[1024,1024,1],\"color\":\"#323\",\"bgcolor\":\"#535\"},{\"type\":\"CLIPTextEncode\",\"pos\":[1470,1520],\"size\":{\"0\":283.9934387207031,\"1\":54},\"flags\":{},\"order\":21,\"mode\":0,\"inputs\":[{\"name\":\"clip\",\"type\":\"CLIP\",\"link\":null},{\"name\":\"text\",\"type\":\"STRING\",\"link\":null,\"widget\":{\"name\":\"text\"},\"slot_index\":1}],\"outputs\":[{\"name\":\"CONDITIONING\",\"type\":\"CONDITIONING\",\"links\":[],\"shape\":3}],\"properties\":{\"Node name for S&R\":\"CLIPTextEncode\"},\"widgets_values\":[\"\"],\"color\":\"#232\",\"bgcolor\":\"#353\"},{\"type\":\"CLIPTextEncode\",\"pos\":[1470,1630],\"size\":{\"0\":283.9934387207031,\"1\":54},\"flags\":{},\"order\":22,\"mode\":0,\"inputs\":[{\"name\":\"clip\",\"type\":\"CLIP\",\"link\":null},{\"name\":\"text\",\"type\":\"STRING\",\"link\":null,\"widget\":{\"name\":\"text\"}}],\"outputs\":[{\"name\":\"CONDITIONING\",\"type\":\"CONDITIONING\",\"links\":[],\"shape\":3,\"slot_index\":0}],\"properties\":{\"Node name for S&R\":\"CLIPTextEncode\"},\"widgets_values\":[\"\"],\"color\":\"#322\",\"bgcolor\":\"#533\"},{\"type\":\"PrimitiveNode\",\"pos\":[661,1666],\"size\":{\"0\":305.7796630859375,\"1\":109.70449829101562},\"flags\":{},\"order\":9,\"mode\":0,\"outputs\":[{\"name\":\"STRING\",\"type\":\"STRING\",\"links\":[],\"slot_index\":0,\"widget\":{\"name\":\"text_negative\"}}],\"properties\":{\"Run widget replace on values\":false},\"color\":\"#322\",\"bgcolor\":\"#533\"},{\"type\":\"GoogleTranslateTextNode\",\"pos\":[620,1450],\"size\":{\"0\":371.74114990234375,\"1\":172.00003051757812},\"flags\":{},\"order\":5,\"mode\":0,\"outputs\":[{\"name\":\"text\",\"type\":\"STRING\",\"links\":[],\"shape\":3,\"slot_index\":0}],\"properties\":{\"Node name for S&R\":\"GoogleTranslateTextNode\"},\"widgets_values\":[\"auto\",\"en\",false,\"Manual Trasnlate\",\"\"],\"color\":\"#232\",\"bgcolor\":\"#353\"},{\"type\":\"SDXLPromptStyler\",\"pos\":[1061,1468],\"size\":{\"0\":327.20196533203125,\"1\":182.00003051757812},\"flags\":{},\"order\":15,\"mode\":0,\"inputs\":[{\"name\":\"text_positive\",\"type\":\"STRING\",\"link\":null,\"widget\":{\"name\":\"text_positive\"}},{\"name\":\"text_negative\",\"type\":\"STRING\",\"link\":null,\"widget\":{\"name\":\"text_negative\"},\"slot_index\":1}],\"outputs\":[{\"name\":\"text_positive\",\"type\":\"STRING\",\"links\":[],\"shape\":3,\"slot_index\":0},{\"name\":\"text_negative\",\"type\":\"STRING\",\"links\":[],\"shape\":3,\"slot_index\":1}],\"properties\":{\"Node name for S&R\":\"SDXLPromptStyler\"},\"widgets_values\":[\"\",\"\",\"base\",true,true,true],\"color\":\"#432\",\"bgcolor\":\"#653\"},{\"id\":-1,\"type\":\"Seed (rgthree)\",\"pos\":{\"0\":1820,\"1\":1768,\"2\":0,\"3\":0,\"4\":0,\"5\":0,\"6\":0,\"7\":0,\"8\":0,\"9\":0},\"size\":{\"0\":244.8321533203125,\"1\":130},\"flags\":{},\"order\":7,\"mode\":0,\"inputs\":[],\"outputs\":[{\"name\":\"SEED\",\"type\":\"INT\",\"links\":[],\"shape\":3,\"dir\":4,\"slot_index\":0}],\"properties\":{},\"widgets_values\":[-1,null,null,null],\"color\":\"#332922\",\"bgcolor\":\"#593930\"},{\"type\":\"VAEDecode\",\"pos\":[1839,1448],\"size\":{\"0\":210,\"1\":46},\"flags\":{},\"order\":27,\"mode\":0,\"inputs\":[{\"name\":\"samples\",\"type\":\"LATENT\",\"link\":null},{\"name\":\"vae\",\"type\":\"VAE\",\"link\":null,\"slot_index\":1}],\"outputs\":[{\"name\":\"IMAGE\",\"type\":\"IMAGE\",\"links\":[],\"shape\":3,\"slot_index\":0}],\"properties\":{\"Node name for S&R\":\"VAEDecode\"}},{\"type\":\"SaveImage\",\"pos\":[1812,1960],\"size\":{\"0\":275.764892578125,\"1\":265.22760009765625},\"flags\":{},\"order\":28,\"mode\":0,\"inputs\":[{\"name\":\"images\",\"type\":\"IMAGE\",\"link\":null}],\"properties\":{},\"widgets_values\":[\"ComfyUI\"]},{\"type\":\"Pipe to/edit any [Crystools]\",\"pos\":[1891,1563],\"size\":{\"0\":216.59999084472656,\"1\":146},\"flags\":{},\"order\":25,\"mode\":0,\"inputs\":[{\"name\":\"CPipeAny\",\"type\":\"CPipeAny\",\"link\":null},{\"name\":\"any_1\",\"type\":\"*\",\"link\":null,\"label\":\"MODEL\"},{\"name\":\"any_2\",\"type\":\"*\",\"link\":null,\"label\":\"CLIP\"},{\"name\":\"any_3\",\"type\":\"*\",\"link\":null,\"label\":\"VAE\"},{\"name\":\"any_4\",\"type\":\"*\",\"link\":null,\"label\":\"NEG\"},{\"name\":\"any_5\",\"type\":\"*\",\"link\":null},{\"name\":\"any_6\",\"type\":\"*\",\"link\":null}],\"outputs\":[{\"name\":\"CPipeAny\",\"type\":\"CPipeAny\",\"links\":[],\"shape\":3,\"slot_index\":0}],\"properties\":{\"Node name for S&R\":\"Pipe to/edit any [Crystools]\"},\"color\":\"#432\",\"bgcolor\":\"#653\"}],\"links\":[[2,1,1,0,45],[0,0,2,0,43],[0,1,2,1,43],[2,0,3,0,45],[5,0,3,1,48],[6,0,3,2,49],[4,0,3,3,47],[10,0,3,4,54],[1,0,5,0,44],[9,0,5,1,53],[1,0,6,0,44],[9,1,6,1,53],[8,0,9,0,51],[7,0,9,1,50],[3,0,11,0,46],[0,2,11,1,43],[11,0,12,0,55],[0,0,13,1,43],[1,0,13,2,44],[0,2,13,3,43],[6,0,13,4,49]]}"
    },
    {
      "name": "ClipSeg-1",
      "data": "{\"nodes\":[{\"type\":\"CLIPSeg Masking\",\"pos\":[1716,2920],\"size\":{\"0\":315,\"1\":78},\"flags\":{},\"order\":30,\"mode\":0,\"inputs\":[{\"name\":\"image\",\"type\":\"IMAGE\",\"link\":null,\"slot_index\":0},{\"name\":\"clipseg_model\",\"type\":\"CLIPSEG_MODEL\",\"link\":null,\"slot_index\":1}],\"outputs\":[{\"name\":\"MASK\",\"type\":\"MASK\",\"links\":[],\"shape\":3,\"slot_index\":0},{\"name\":\"MASK_IMAGE\",\"type\":\"IMAGE\",\"links\":[],\"shape\":3,\"slot_index\":1}],\"properties\":{\"Node name for S&R\":\"CLIPSeg Masking\"},\"widgets_values\":[\"hair\"]},{\"type\":\"CLIPSeg Model Loader\",\"pos\":[1714,3055],\"size\":{\"0\":315,\"1\":58},\"flags\":{},\"order\":11,\"mode\":0,\"outputs\":[{\"name\":\"clipseg_model\",\"type\":\"CLIPSEG_MODEL\",\"links\":[],\"shape\":3,\"slot_index\":0}],\"properties\":{\"Node name for S&R\":\"CLIPSeg Model Loader\"},\"widgets_values\":[\"CIDAS/clipseg-rd64-refined\"]},{\"type\":\"PreviewImage\",\"pos\":[2061,3035],\"size\":{\"0\":210,\"1\":246},\"flags\":{},\"order\":38,\"mode\":0,\"inputs\":[{\"name\":\"images\",\"type\":\"IMAGE\",\"link\":null}],\"properties\":{\"Node name for S&R\":\"PreviewImage\"}},{\"type\":\"ThresholdMask\",\"pos\":[2166,2911],\"size\":{\"0\":315,\"1\":58},\"flags\":{},\"order\":37,\"mode\":0,\"inputs\":[{\"name\":\"mask\",\"type\":\"MASK\",\"link\":null,\"slot_index\":0}],\"outputs\":[{\"name\":\"MASK\",\"type\":\"MASK\",\"links\":[],\"shape\":3,\"slot_index\":0}],\"properties\":{\"Node name for S&R\":\"ThresholdMask\"},\"widgets_values\":[0.2]},{\"type\":\"MaskToImage\",\"pos\":[2295.700549370451,3030.6697778211246],\"size\":{\"0\":210,\"1\":26},\"flags\":{\"collapsed\":false},\"order\":43,\"mode\":0,\"inputs\":[{\"name\":\"mask\",\"type\":\"MASK\",\"link\":null,\"slot_index\":0}],\"outputs\":[{\"name\":\"IMAGE\",\"type\":\"IMAGE\",\"links\":[],\"shape\":3,\"slot_index\":0}],\"properties\":{\"Node name for S&R\":\"MaskToImage\"}},{\"type\":\"PreviewImage\",\"pos\":[2305.7005493704514,3110.6697778211246],\"size\":{\"0\":201.50628662109375,\"1\":246},\"flags\":{},\"order\":49,\"mode\":0,\"inputs\":[{\"name\":\"images\",\"type\":\"IMAGE\",\"link\":null,\"slot_index\":0}],\"properties\":{\"Node name for S&R\":\"PreviewImage\"}}],\"links\":[[null,0,0,0,220],[1,0,0,1,223],[0,1,2,0,222],[0,0,3,0,222],[3,0,4,0,225],[4,0,5,0,226]]}"
    },
    {
      "name": "YoloWorld-1",
      "data": "{\"nodes\":[{\"type\":\"Yoloworld_ModelLoader_Zho\",\"pos\":[2100.9136684118976,-1001.784448377939],\"size\":{\"0\":315,\"1\":58},\"flags\":{},\"order\":1,\"mode\":0,\"outputs\":[{\"name\":\"yolo_world_model\",\"type\":\"YOLOWORLDMODEL\",\"links\":[],\"shape\":3,\"slot_index\":0}],\"properties\":{\"Node name for S&R\":\"Yoloworld_ModelLoader_Zho\"},\"widgets_values\":[\"yolo_world/l\"],\"color\":\"#2a363b\",\"bgcolor\":\"#3f5159\"},{\"type\":\"Yoloworld_ESAM_Zho\",\"pos\":[2524,-1004],\"size\":{\"0\":400,\"1\":400},\"flags\":{},\"order\":26,\"mode\":0,\"inputs\":[{\"name\":\"yolo_world_model\",\"type\":\"YOLOWORLDMODEL\",\"link\":null},{\"name\":\"esam_model\",\"type\":\"ESAMMODEL\",\"link\":null,\"slot_index\":1},{\"name\":\"image\",\"type\":\"IMAGE\",\"link\":null},{\"name\":\"categories\",\"type\":\"STRING\",\"link\":null,\"widget\":{\"name\":\"categories\"}}],\"outputs\":[{\"name\":\"IMAGE\",\"type\":\"IMAGE\",\"links\":[],\"shape\":3,\"slot_index\":0},{\"name\":\"MASK\",\"type\":\"MASK\",\"links\":[],\"shape\":3,\"slot_index\":1}],\"properties\":{\"Node name for S&R\":\"Yoloworld_ESAM_Zho\"},\"widgets_values\":[\"spacecraft\",0.01,0.1,2,2,1,true,false,true,false,true,1],\"color\":\"#2a363b\",\"bgcolor\":\"#3f5159\"},{\"type\":\"ESAM_ModelLoader_Zho\",\"pos\":[2107,-870],\"size\":{\"0\":315,\"1\":58},\"flags\":{},\"order\":2,\"mode\":0,\"outputs\":[{\"name\":\"esam_model\",\"type\":\"ESAMMODEL\",\"links\":[],\"shape\":3}],\"properties\":{\"Node name for S&R\":\"ESAM_ModelLoader_Zho\"},\"widgets_values\":[\"CUDA\"],\"color\":\"#2a363b\",\"bgcolor\":\"#3f5159\"},{\"type\":\"PreviewImage\",\"pos\":[2102.740597125014,-466.9812235674417],\"size\":{\"0\":278.6319580078125,\"1\":246},\"flags\":{},\"order\":32,\"mode\":0,\"inputs\":[{\"name\":\"images\",\"type\":\"IMAGE\",\"link\":null}],\"properties\":{\"Node name for S&R\":\"PreviewImage\"}},{\"type\":\"MaskToImage\",\"pos\":[2417.9745064306962,-464.6543483029036],\"size\":{\"0\":210,\"1\":26},\"flags\":{},\"order\":33,\"mode\":0,\"inputs\":[{\"name\":\"mask\",\"type\":\"MASK\",\"link\":null}],\"outputs\":[{\"name\":\"IMAGE\",\"type\":\"IMAGE\",\"links\":[],\"shape\":3,\"slot_index\":0}],\"properties\":{\"Node name for S&R\":\"MaskToImage\"}},{\"type\":\"PreviewImage\",\"pos\":[2658,-465],\"size\":{\"0\":210,\"1\":246},\"flags\":{},\"order\":40,\"mode\":0,\"inputs\":[{\"name\":\"images\",\"type\":\"IMAGE\",\"link\":null}],\"properties\":{\"Node name for S&R\":\"PreviewImage\"}},{\"type\":\"GrowMask\",\"pos\":[3026,-686],\"size\":{\"0\":315,\"1\":82},\"flags\":{},\"order\":34,\"mode\":0,\"inputs\":[{\"name\":\"mask\",\"type\":\"MASK\",\"link\":null}],\"outputs\":[{\"name\":\"MASK\",\"type\":\"MASK\",\"links\":[],\"shape\":3,\"slot_index\":0}],\"properties\":{\"Node name for S&R\":\"GrowMask\"},\"widgets_values\":[20,true],\"color\":\"#223\",\"bgcolor\":\"#335\"},{\"type\":\"MaskToImage\",\"pos\":[3023,-552],\"size\":{\"0\":210,\"1\":26},\"flags\":{},\"order\":41,\"mode\":0,\"inputs\":[{\"name\":\"mask\",\"type\":\"MASK\",\"link\":null}],\"outputs\":[{\"name\":\"IMAGE\",\"type\":\"IMAGE\",\"links\":[],\"shape\":3,\"slot_index\":0}],\"properties\":{\"Node name for S&R\":\"MaskToImage\"},\"color\":\"#223\",\"bgcolor\":\"#335\"},{\"type\":\"PreviewImage\",\"pos\":[3015,-472],\"size\":{\"0\":210,\"1\":246},\"flags\":{},\"order\":45,\"mode\":0,\"inputs\":[{\"name\":\"images\",\"type\":\"IMAGE\",\"link\":null}],\"properties\":{\"Node name for S&R\":\"PreviewImage\"},\"color\":\"#223\",\"bgcolor\":\"#335\"},{\"type\":\"GoogleTranslateTextNode\",\"pos\":[2106.8706246881584,-1338.9569562762613],\"size\":{\"0\":375.621826171875,\"1\":212.16476440429688},\"flags\":{},\"order\":3,\"mode\":0,\"outputs\":[{\"name\":\"text\",\"type\":\"STRING\",\"links\":[],\"shape\":3,\"slot_index\":0}],\"properties\":{\"Node name for S&R\":\"GoogleTranslateTextNode\"},\"widgets_values\":[\"auto\",\"en\",false,\"Manual Trasnlate\",\"персонаж\"],\"color\":\"#232\",\"bgcolor\":\"#353\"},{\"type\":\"PreviewTextNode\",\"pos\":[2529.374412572308,-1330.7057671233322],\"size\":[238.60044860839844,104.25927734375],\"flags\":{},\"order\":15,\"mode\":0,\"inputs\":[{\"name\":\"text\",\"type\":\"STRING\",\"link\":null,\"widget\":{\"name\":\"text\"},\"slot_index\":0}],\"outputs\":[{\"name\":\"STRING\",\"type\":\"STRING\",\"links\":[],\"shape\":3,\"slot_index\":0}],\"properties\":{\"Node name for S&R\":\"PreviewTextNode\"},\"widgets_values\":[\"\",\"character\"],\"color\":\"#232\",\"bgcolor\":\"#353\"},{\"type\":\"Reroute\",\"pos\":[3312.8040295827905,-343.70268097998394],\"size\":[75,26],\"flags\":{},\"order\":27,\"mode\":0,\"inputs\":[{\"name\":\"\",\"type\":\"*\",\"link\":null}],\"outputs\":[{\"name\":\"*\",\"type\":\"*\",\"links\":null}],\"properties\":{\"showOutputText\":true,\"horizontal\":false}},{\"type\":\"Reroute\",\"pos\":[3317.8040295827905,-275.70268097998394],\"size\":[75,26],\"flags\":{},\"order\":42,\"mode\":0,\"inputs\":[{\"name\":\"\",\"type\":\"*\",\"link\":null}],\"outputs\":[{\"name\":\"*\",\"type\":\"*\",\"links\":null}],\"properties\":{\"showOutputText\":true,\"horizontal\":false}},{\"type\":\"Reroute\",\"pos\":[2050.913424271273,-769.6929133658547],\"size\":[75,26],\"flags\":{},\"order\":14,\"mode\":0,\"inputs\":[{\"name\":\"\",\"type\":\"*\",\"link\":null}],\"outputs\":[{\"name\":\"*\",\"type\":\"*\",\"links\":null}],\"properties\":{\"showOutputText\":true,\"horizontal\":false}}],\"links\":[[0,0,1,0,1],[2,0,1,1,4],[13,0,1,2,249],[9,0,1,3,20],[1,0,3,0,3],[1,1,4,0,3],[4,0,5,0,8],[1,1,6,0,3],[6,0,7,0,14],[7,0,8,0,15],[9,0,10,0,20],[13,0,11,0,249],[6,0,12,0,14],[null,0,13,0,5]]}"
    }
  ]
}