{
  "last_node_id": 258,
  "last_link_id": 397,
  "nodes": [
    {
      "id": 7,
      "type": "PreviewImage",
      "pos": [
        2102.740597125014,
        -466.9812235674417
      ],
      "size": {
        "0": 278.6319580078125,
        "1": 246
      },
      "flags": {},
      "order": 32,
      "mode": 0,
      "inputs": [
        {
          "name": "images",
          "type": "IMAGE",
          "link": 5
        }
      ],
      "properties": {
        "Node name for S&R": "PreviewImage"
      }
    },
    {
      "id": 8,
      "type": "MaskToImage",
      "pos": [
        2417.9745064306962,
        -464.6543483029036
      ],
      "size": {
        "0": 210,
        "1": 26
      },
      "flags": {},
      "order": 33,
      "mode": 0,
      "inputs": [
        {
          "name": "mask",
          "type": "MASK",
          "link": 8
        }
      ],
      "outputs": [
        {
          "name": "IMAGE",
          "type": "IMAGE",
          "links": [
            6
          ],
          "slot_index": 0,
          "shape": 3
        }
      ],
      "properties": {
        "Node name for S&R": "MaskToImage"
      }
    },
    {
      "id": 25,
      "type": "Reroute",
      "pos": [
        3312.8040295827905,
        -343.70268097998394
      ],
      "size": [
        82,
        26
      ],
      "flags": {},
      "order": 27,
      "mode": 0,
      "inputs": [
        {
          "name": "",
          "type": "*",
          "link": 384
        }
      ],
      "outputs": [
        {
          "name": "IMAGE",
          "type": "IMAGE",
          "links": [
            274
          ],
          "slot_index": 0
        }
      ],
      "properties": {
        "showOutputText": true,
        "horizontal": false
      }
    },
    {
      "id": 167,
      "type": "Reroute",
      "pos": [
        3501.3539508164704,
        -277.11678006139823
      ],
      "size": [
        75,
        26
      ],
      "flags": {},
      "order": 46,
      "mode": 4,
      "inputs": [
        {
          "name": "",
          "type": "*",
          "link": 271
        }
      ],
      "outputs": [
        {
          "name": "MASK",
          "type": "MASK",
          "links": [
            273
          ],
          "slot_index": 0
        }
      ],
      "properties": {
        "showOutputText": true,
        "horizontal": false
      }
    },
    {
      "id": 166,
      "type": "Reroute",
      "pos": [
        3503.3539508164704,
        -347.11678006139823
      ],
      "size": [
        82,
        26
      ],
      "flags": {},
      "order": 35,
      "mode": 4,
      "inputs": [
        {
          "name": "",
          "type": "*",
          "link": 274
        }
      ],
      "outputs": [
        {
          "name": "IMAGE",
          "type": "IMAGE",
          "links": [
            272
          ],
          "slot_index": 0
        }
      ],
      "properties": {
        "showOutputText": true,
        "horizontal": false
      }
    },
    {
      "id": 170,
      "type": "Reroute",
      "pos": [
        4263.3539508164695,
        -357.11678006139823
      ],
      "size": [
        82,
        26
      ],
      "flags": {},
      "order": 53,
      "mode": 4,
      "inputs": [
        {
          "name": "",
          "type": "*",
          "link": 275
        }
      ],
      "outputs": [
        {
          "name": "IMAGE",
          "type": "IMAGE",
          "links": [
            276,
            280
          ],
          "slot_index": 0
        }
      ],
      "properties": {
        "showOutputText": true,
        "horizontal": false
      }
    },
    {
      "id": 26,
      "type": "Reroute",
      "pos": [
        3317.8040295827905,
        -275.70268097998394
      ],
      "size": [
        75,
        26
      ],
      "flags": {},
      "order": 42,
      "mode": 0,
      "inputs": [
        {
          "name": "",
          "type": "*",
          "link": 170
        }
      ],
      "outputs": [
        {
          "name": "MASK",
          "type": "MASK",
          "links": [
            271,
            277,
            281
          ],
          "slot_index": 0
        }
      ],
      "properties": {
        "showOutputText": true,
        "horizontal": false
      }
    },
    {
      "id": 163,
      "type": "PreviewTextNode",
      "pos": [
        2091.2763866274054,
        1886.2537851015686
      ],
      "size": {
        "0": 223.02261352539062,
        "1": 112.13829040527344
      },
      "flags": {},
      "order": 19,
      "mode": 0,
      "inputs": [
        {
          "name": "text",
          "type": "STRING",
          "link": 264,
          "slot_index": 0,
          "widget": {
            "name": "text"
          }
        }
      ],
      "outputs": [
        {
          "name": "STRING",
          "type": "STRING",
          "links": null,
          "shape": 3
        }
      ],
      "properties": {
        "Node name for S&R": "PreviewTextNode"
      },
      "widgets_values": [
        "",
        ""
      ],
      "color": "#322",
      "bgcolor": "#533"
    },
    {
      "id": 164,
      "type": "PreviewTextNode",
      "pos": [
        2095.2763866274054,
        1616.25378510157
      ],
      "size": {
        "0": 238.60044860839844,
        "1": 104.25927734375
      },
      "flags": {},
      "order": 17,
      "mode": 0,
      "inputs": [
        {
          "name": "text",
          "type": "STRING",
          "link": 265,
          "slot_index": 0,
          "widget": {
            "name": "text"
          }
        }
      ],
      "outputs": [
        {
          "name": "STRING",
          "type": "STRING",
          "links": [],
          "slot_index": 0,
          "shape": 3
        }
      ],
      "properties": {
        "Node name for S&R": "PreviewTextNode"
      },
      "widgets_values": [
        "",
        "superhero"
      ],
      "color": "#232",
      "bgcolor": "#353"
    },
    {
      "id": 173,
      "type": "Reroute",
      "pos": [
        1591.2763866274065,
        1438.25378510157
      ],
      "size": [
        75,
        26
      ],
      "flags": {},
      "order": 48,
      "mode": 0,
      "inputs": [
        {
          "name": "",
          "type": "*",
          "link": 281
        }
      ],
      "outputs": [
        {
          "name": "MASK",
          "type": "MASK",
          "links": [
            283
          ],
          "slot_index": 0
        }
      ],
      "properties": {
        "showOutputText": true,
        "horizontal": false
      }
    },
    {
      "id": 38,
      "type": "PreviewTextNode",
      "pos": [
        2086.2675383041483,
        825.574966069304
      ],
      "size": {
        "0": 238.60044860839844,
        "1": 104.25927734375
      },
      "flags": {},
      "order": 16,
      "mode": 0,
      "inputs": [
        {
          "name": "text",
          "type": "STRING",
          "link": 47,
          "slot_index": 0,
          "widget": {
            "name": "text"
          }
        }
      ],
      "outputs": [
        {
          "name": "STRING",
          "type": "STRING",
          "links": [],
          "slot_index": 0,
          "shape": 3
        }
      ],
      "properties": {
        "Node name for S&R": "PreviewTextNode"
      },
      "widgets_values": [
        "",
        "superhero"
      ],
      "color": "#232",
      "bgcolor": "#353"
    },
    {
      "id": 37,
      "type": "PreviewTextNode",
      "pos": [
        2090.2675383041483,
        1102.574966069304
      ],
      "size": {
        "0": 223.02261352539062,
        "1": 112.13829040527344
      },
      "flags": {},
      "order": 21,
      "mode": 0,
      "inputs": [
        {
          "name": "text",
          "type": "STRING",
          "link": 46,
          "slot_index": 0,
          "widget": {
            "name": "text"
          }
        }
      ],
      "outputs": [
        {
          "name": "STRING",
          "type": "STRING",
          "links": null,
          "shape": 3
        }
      ],
      "properties": {
        "Node name for S&R": "PreviewTextNode"
      },
      "widgets_values": [
        "",
        ""
      ],
      "color": "#322",
      "bgcolor": "#533"
    },
    {
      "id": 33,
      "type": "DifferentialDiffusion",
      "pos": [
        2876.267538304149,
        856.5749660693037
      ],
      "size": {
        "0": 210,
        "1": 26
      },
      "flags": {},
      "order": 29,
      "mode": 0,
      "inputs": [
        {
          "name": "model",
          "type": "MODEL",
          "link": 336
        }
      ],
      "outputs": [
        {
          "name": "MODEL",
          "type": "MODEL",
          "links": [
            41
          ],
          "slot_index": 0,
          "shape": 3
        }
      ],
      "properties": {
        "Node name for S&R": "DifferentialDiffusion"
      },
      "color": "#233",
      "bgcolor": "#355"
    },
    {
      "id": 34,
      "type": "InpaintModelConditioning",
      "pos": [
        2896.267538304149,
        448.57496606930454
      ],
      "size": {
        "0": 216.59999084472656,
        "1": 106
      },
      "flags": {},
      "order": 58,
      "mode": 0,
      "inputs": [
        {
          "name": "positive",
          "type": "CONDITIONING",
          "link": 38
        },
        {
          "name": "negative",
          "type": "CONDITIONING",
          "link": 39
        },
        {
          "name": "vae",
          "type": "VAE",
          "link": 40
        },
        {
          "name": "pixels",
          "type": "IMAGE",
          "link": 395
        },
        {
          "name": "mask",
          "type": "MASK",
          "link": 396
        }
      ],
      "outputs": [
        {
          "name": "positive",
          "type": "CONDITIONING",
          "links": [
            42
          ],
          "slot_index": 0,
          "shape": 3
        },
        {
          "name": "negative",
          "type": "CONDITIONING",
          "links": [
            43
          ],
          "slot_index": 1,
          "shape": 3
        },
        {
          "name": "latent",
          "type": "LATENT",
          "links": [
            44
          ],
          "slot_index": 2,
          "shape": 3
        }
      ],
      "properties": {
        "Node name for S&R": "InpaintModelConditioning"
      },
      "color": "#233",
      "bgcolor": "#355"
    },
    {
      "id": 160,
      "type": "InpaintModelConditioning",
      "pos": [
        2927.603768588674,
        1395.9480994829976
      ],
      "size": {
        "0": 216.59999084472656,
        "1": 106
      },
      "flags": {},
      "order": 57,
      "mode": 0,
      "inputs": [
        {
          "name": "positive",
          "type": "CONDITIONING",
          "link": 254
        },
        {
          "name": "negative",
          "type": "CONDITIONING",
          "link": 255
        },
        {
          "name": "vae",
          "type": "VAE",
          "link": 256
        },
        {
          "name": "pixels",
          "type": "IMAGE",
          "link": 282
        },
        {
          "name": "mask",
          "type": "MASK",
          "link": 283
        }
      ],
      "outputs": [
        {
          "name": "positive",
          "type": "CONDITIONING",
          "links": [
            260
          ],
          "slot_index": 0,
          "shape": 3
        },
        {
          "name": "negative",
          "type": "CONDITIONING",
          "links": [
            261
          ],
          "slot_index": 1,
          "shape": 3
        },
        {
          "name": "latent",
          "type": "LATENT",
          "links": [
            262
          ],
          "slot_index": 2,
          "shape": 3
        }
      ],
      "properties": {
        "Node name for S&R": "InpaintModelConditioning"
      },
      "color": "#233",
      "bgcolor": "#355"
    },
    {
      "id": 159,
      "type": "DifferentialDiffusion",
      "pos": [
        2943.603768588674,
        1671.547887758824
      ],
      "size": {
        "0": 210,
        "1": 26
      },
      "flags": {},
      "order": 36,
      "mode": 0,
      "inputs": [
        {
          "name": "model",
          "type": "MODEL",
          "link": 335
        }
      ],
      "outputs": [
        {
          "name": "MODEL",
          "type": "MODEL",
          "links": [
            259
          ],
          "slot_index": 0,
          "shape": 3
        }
      ],
      "properties": {
        "Node name for S&R": "DifferentialDiffusion"
      },
      "color": "#233",
      "bgcolor": "#355"
    },
    {
      "id": 218,
      "type": "PreviewTextNode",
      "pos": [
        2115.7005493704514,
        2690.6697778211246
      ],
      "size": {
        "0": 223.02261352539062,
        "1": 112.13829040527344
      },
      "flags": {},
      "order": 25,
      "mode": 0,
      "inputs": [
        {
          "name": "text",
          "type": "STRING",
          "link": 337,
          "slot_index": 0,
          "widget": {
            "name": "text"
          }
        }
      ],
      "outputs": [
        {
          "name": "STRING",
          "type": "STRING",
          "links": null,
          "shape": 3
        }
      ],
      "properties": {
        "Node name for S&R": "PreviewTextNode"
      },
      "widgets_values": [
        "",
        ""
      ],
      "color": "#322",
      "bgcolor": "#533"
    },
    {
      "id": 172,
      "type": "Reroute",
      "pos": [
        1589.6037685886752,
        1386.547887758824
      ],
      "size": [
        82,
        26
      ],
      "flags": {},
      "order": 55,
      "mode": 0,
      "inputs": [
        {
          "name": "",
          "type": "*",
          "link": 280
        }
      ],
      "outputs": [
        {
          "name": "IMAGE",
          "type": "IMAGE",
          "links": [
            282
          ],
          "slot_index": 0
        }
      ],
      "properties": {
        "showOutputText": true,
        "horizontal": false
      }
    },
    {
      "id": 226,
      "type": "MaskToImage",
      "pos": [
        2295.700549370451,
        3030.6697778211246
      ],
      "size": {
        "0": 210,
        "1": 26
      },
      "flags": {
        "collapsed": false
      },
      "order": 43,
      "mode": 0,
      "inputs": [
        {
          "name": "mask",
          "type": "MASK",
          "link": 344,
          "slot_index": 0
        }
      ],
      "outputs": [
        {
          "name": "IMAGE",
          "type": "IMAGE",
          "links": [
            345
          ],
          "slot_index": 0,
          "shape": 3
        }
      ],
      "properties": {
        "Node name for S&R": "MaskToImage"
      }
    },
    {
      "id": 227,
      "type": "PreviewImage",
      "pos": [
        2305.7005493704514,
        3110.6697778211246
      ],
      "size": {
        "0": 201.50628662109375,
        "1": 246
      },
      "flags": {},
      "order": 49,
      "mode": 0,
      "inputs": [
        {
          "name": "images",
          "type": "IMAGE",
          "link": 345,
          "slot_index": 0
        }
      ],
      "properties": {
        "Node name for S&R": "PreviewImage"
      }
    },
    {
      "id": 231,
      "type": "DifferentialDiffusion",
      "pos": [
        2985.700549370452,
        2870.6697778211246
      ],
      "size": {
        "0": 210,
        "1": 26
      },
      "flags": {},
      "order": 39,
      "mode": 0,
      "inputs": [
        {
          "name": "model",
          "type": "MODEL",
          "link": 353
        }
      ],
      "outputs": [
        {
          "name": "MODEL",
          "type": "MODEL",
          "links": [
            354
          ],
          "slot_index": 0,
          "shape": 3
        }
      ],
      "properties": {
        "Node name for S&R": "DifferentialDiffusion"
      },
      "color": "#233",
      "bgcolor": "#355"
    },
    {
      "id": 220,
      "type": "Reroute",
      "pos": [
        1575.7005493704514,
        2220.6697778211246
      ],
      "size": [
        82,
        26
      ],
      "flags": {},
      "order": 22,
      "mode": 0,
      "inputs": [
        {
          "name": "",
          "type": "*",
          "link": 358
        }
      ],
      "outputs": [
        {
          "name": "IMAGE",
          "type": "IMAGE",
          "links": [
            348,
            349
          ],
          "slot_index": 0
        }
      ],
      "properties": {
        "showOutputText": true,
        "horizontal": false
      }
    },
    {
      "id": 214,
      "type": "PatchModelAddDownscale",
      "pos": [
        2877.9997558593745,
        1796.4038343273492
      ],
      "size": {
        "0": 352.79998779296875,
        "1": 202
      },
      "flags": {},
      "order": 28,
      "mode": 0,
      "inputs": [
        {
          "name": "model",
          "type": "MODEL",
          "link": 334,
          "slot_index": 0
        }
      ],
      "outputs": [
        {
          "name": "MODEL",
          "type": "MODEL",
          "links": [
            335
          ],
          "slot_index": 0,
          "shape": 3
        }
      ],
      "properties": {
        "Node name for S&R": "PatchModelAddDownscale"
      },
      "widgets_values": [
        3,
        2,
        0,
        0.35,
        true,
        "bicubic",
        "bicubic"
      ],
      "color": "#233",
      "bgcolor": "#355"
    },
    {
      "id": 249,
      "type": "Reroute",
      "pos": [
        2050.913424271273,
        -769.6929133658547
      ],
      "size": [
        82,
        26
      ],
      "flags": {},
      "order": 14,
      "mode": 0,
      "inputs": [
        {
          "name": "",
          "type": "*",
          "link": 385
        }
      ],
      "outputs": [
        {
          "name": "IMAGE",
          "type": "IMAGE",
          "links": [
            383,
            384
          ],
          "slot_index": 0
        }
      ],
      "properties": {
        "showOutputText": true,
        "horizontal": false
      }
    },
    {
      "id": 5,
      "type": "LoadImage",
      "pos": [
        1395,
        -800
      ],
      "size": {
        "0": 499.4547424316406,
        "1": 674.3971557617188
      },
      "flags": {},
      "order": 0,
      "mode": 0,
      "outputs": [
        {
          "name": "IMAGE",
          "type": "IMAGE",
          "links": [
            385
          ],
          "slot_index": 0,
          "shape": 3
        },
        {
          "name": "MASK",
          "type": "MASK",
          "links": null,
          "shape": 3
        }
      ],
      "properties": {
        "Node name for S&R": "LoadImage"
      },
      "widgets_values": [
        "00267-3591484380.jpg",
        "image"
      ]
    },
    {
      "id": 1,
      "type": "Yoloworld_ModelLoader_Zho",
      "pos": [
        2100.9136684118976,
        -1001.784448377939
      ],
      "size": {
        "0": 315,
        "1": 58
      },
      "flags": {},
      "order": 1,
      "mode": 0,
      "outputs": [
        {
          "name": "yolo_world_model",
          "type": "YOLOWORLDMODEL",
          "links": [
            2
          ],
          "slot_index": 0,
          "shape": 3
        }
      ],
      "properties": {
        "Node name for S&R": "Yoloworld_ModelLoader_Zho"
      },
      "widgets_values": [
        "yolo_world/l"
      ],
      "color": "#2a363b",
      "bgcolor": "#3f5159"
    },
    {
      "id": 21,
      "type": "PreviewTextNode",
      "pos": [
        2529.374412572308,
        -1330.7057671233322
      ],
      "size": {
        "0": 238.60044860839844,
        "1": 104.25927734375
      },
      "flags": {},
      "order": 15,
      "mode": 0,
      "inputs": [
        {
          "name": "text",
          "type": "STRING",
          "link": 20,
          "slot_index": 0,
          "widget": {
            "name": "text"
          }
        }
      ],
      "outputs": [
        {
          "name": "STRING",
          "type": "STRING",
          "links": [],
          "slot_index": 0,
          "shape": 3
        }
      ],
      "properties": {
        "Node name for S&R": "PreviewTextNode"
      },
      "widgets_values": [
        "",
        "character"
      ],
      "color": "#232",
      "bgcolor": "#353"
    },
    {
      "id": 9,
      "type": "PreviewImage",
      "pos": [
        2658,
        -465
      ],
      "size": {
        "0": 210,
        "1": 246
      },
      "flags": {},
      "order": 40,
      "mode": 0,
      "inputs": [
        {
          "name": "images",
          "type": "IMAGE",
          "link": 6
        }
      ],
      "properties": {
        "Node name for S&R": "PreviewImage"
      }
    },
    {
      "id": 4,
      "type": "ESAM_ModelLoader_Zho",
      "pos": [
        2107,
        -870
      ],
      "size": {
        "0": 315,
        "1": 58
      },
      "flags": {},
      "order": 2,
      "mode": 0,
      "outputs": [
        {
          "name": "esam_model",
          "type": "ESAMMODEL",
          "links": [
            3
          ],
          "shape": 3
        }
      ],
      "properties": {
        "Node name for S&R": "ESAM_ModelLoader_Zho"
      },
      "widgets_values": [
        "CUDA"
      ],
      "color": "#2a363b",
      "bgcolor": "#3f5159"
    },
    {
      "id": 15,
      "type": "MaskToImage",
      "pos": [
        3023,
        -552
      ],
      "size": {
        "0": 210,
        "1": 26
      },
      "flags": {},
      "order": 41,
      "mode": 0,
      "inputs": [
        {
          "name": "mask",
          "type": "MASK",
          "link": 14
        }
      ],
      "outputs": [
        {
          "name": "IMAGE",
          "type": "IMAGE",
          "links": [
            13
          ],
          "slot_index": 0,
          "shape": 3
        }
      ],
      "properties": {
        "Node name for S&R": "MaskToImage"
      },
      "color": "#223",
      "bgcolor": "#335"
    },
    {
      "id": 16,
      "type": "PreviewImage",
      "pos": [
        3015,
        -472
      ],
      "size": {
        "0": 210,
        "1": 246
      },
      "flags": {},
      "order": 45,
      "mode": 0,
      "inputs": [
        {
          "name": "images",
          "type": "IMAGE",
          "link": 13
        }
      ],
      "properties": {
        "Node name for S&R": "PreviewImage"
      },
      "color": "#223",
      "bgcolor": "#335"
    },
    {
      "id": 14,
      "type": "GrowMask",
      "pos": [
        3026,
        -686
      ],
      "size": {
        "0": 315,
        "1": 82
      },
      "flags": {},
      "order": 34,
      "mode": 0,
      "inputs": [
        {
          "name": "mask",
          "type": "MASK",
          "link": 12
        }
      ],
      "outputs": [
        {
          "name": "MASK",
          "type": "MASK",
          "links": [
            14,
            170
          ],
          "slot_index": 0,
          "shape": 3
        }
      ],
      "properties": {
        "Node name for S&R": "GrowMask"
      },
      "widgets_values": [
        20,
        true
      ],
      "color": "#223",
      "bgcolor": "#335"
    },
    {
      "id": 20,
      "type": "GoogleTranslateTextNode",
      "pos": [
        2106.8706246881584,
        -1338.9569562762613
      ],
      "size": {
        "0": 375.621826171875,
        "1": 212.16476440429688
      },
      "flags": {},
      "order": 3,
      "mode": 0,
      "outputs": [
        {
          "name": "text",
          "type": "STRING",
          "links": [
            20,
            387
          ],
          "slot_index": 0,
          "shape": 3
        }
      ],
      "properties": {
        "Node name for S&R": "GoogleTranslateTextNode"
      },
      "widgets_values": [
        "auto",
        "en",
        false,
        "Manual Trasnlate",
        "персонаж",
        true
      ],
      "color": "#232",
      "bgcolor": "#353"
    },
    {
      "id": 10,
      "type": "INPAINT_InpaintWithModel",
      "pos": [
        3623,
        -227
      ],
      "size": {
        "0": 355.20001220703125,
        "1": 142
      },
      "flags": {},
      "order": 51,
      "mode": 4,
      "inputs": [
        {
          "name": "inpaint_model",
          "type": "INPAINT_MODEL",
          "link": 9,
          "slot_index": 0
        },
        {
          "name": "image",
          "type": "IMAGE",
          "link": 272
        },
        {
          "name": "mask",
          "type": "MASK",
          "link": 273
        },
        {
          "name": "optional_upscale_model",
          "type": "UPSCALE_MODEL",
          "link": null
        }
      ],
      "outputs": [
        {
          "name": "IMAGE",
          "type": "IMAGE",
          "links": [
            15,
            275
          ],
          "slot_index": 0,
          "shape": 3
        }
      ],
      "properties": {
        "Node name for S&R": "INPAINT_InpaintWithModel"
      },
      "widgets_values": [
        654364698909011,
        "randomize"
      ],
      "color": "#233",
      "bgcolor": "#355"
    },
    {
      "id": 13,
      "type": "INPAINT_LoadInpaintModel",
      "pos": [
        3624,
        -348
      ],
      "size": {
        "0": 345.5255126953125,
        "1": 58
      },
      "flags": {},
      "order": 4,
      "mode": 4,
      "outputs": [
        {
          "name": "INPAINT_MODEL",
          "type": "INPAINT_MODEL",
          "links": [
            9
          ],
          "shape": 3
        }
      ],
      "properties": {
        "Node name for S&R": "INPAINT_LoadInpaintModel"
      },
      "widgets_values": [
        "Places_512_FullData_G.pth"
      ],
      "color": "#233",
      "bgcolor": "#355"
    },
    {
      "id": 17,
      "type": "PreviewImage",
      "pos": [
        4038,
        -324
      ],
      "size": {
        "0": 210,
        "1": 246
      },
      "flags": {},
      "order": 52,
      "mode": 4,
      "inputs": [
        {
          "name": "images",
          "type": "IMAGE",
          "link": 15
        }
      ],
      "properties": {
        "Node name for S&R": "PreviewImage"
      }
    },
    {
      "id": 3,
      "type": "Yoloworld_ESAM_Zho",
      "pos": [
        2524,
        -1004
      ],
      "size": {
        "0": 400,
        "1": 400
      },
      "flags": {},
      "order": 26,
      "mode": 0,
      "inputs": [
        {
          "name": "yolo_world_model",
          "type": "YOLOWORLDMODEL",
          "link": 2
        },
        {
          "name": "esam_model",
          "type": "ESAMMODEL",
          "link": 3,
          "slot_index": 1
        },
        {
          "name": "image",
          "type": "IMAGE",
          "link": 383
        },
        {
          "name": "categories",
          "type": "STRING",
          "link": 387,
          "widget": {
            "name": "categories"
          }
        }
      ],
      "outputs": [
        {
          "name": "IMAGE",
          "type": "IMAGE",
          "links": [
            5
          ],
          "slot_index": 0,
          "shape": 3
        },
        {
          "name": "MASK",
          "type": "MASK",
          "links": [
            8,
            12
          ],
          "slot_index": 1,
          "shape": 3
        }
      ],
      "properties": {
        "Node name for S&R": "Yoloworld_ESAM_Zho"
      },
      "widgets_values": [
        "spacecraft",
        0.01,
        0.1,
        2,
        2,
        1,
        true,
        false,
        true,
        false,
        true,
        1,
        true
      ],
      "color": "#2a363b",
      "bgcolor": "#3f5159"
    },
    {
      "id": 32,
      "type": "GoogleTranslateTextNode",
      "pos": [
        1686.378635851884,
        713.6862467225167
      ],
      "size": {
        "0": 375.621826171875,
        "1": 212.16476440429688
      },
      "flags": {},
      "order": 5,
      "mode": 0,
      "outputs": [
        {
          "name": "text",
          "type": "STRING",
          "links": [
            35,
            47
          ],
          "slot_index": 0,
          "shape": 3
        }
      ],
      "properties": {
        "Node name for S&R": "GoogleTranslateTextNode"
      },
      "widgets_values": [
        "auto",
        "en",
        false,
        "Manual Trasnlate",
        "супергерой",
        true
      ],
      "color": "#232",
      "bgcolor": "#353"
    },
    {
      "id": 158,
      "type": "GoogleTranslateTextNode",
      "pos": [
        1686.2763866274065,
        1501.25378510157
      ],
      "size": {
        "0": 375.621826171875,
        "1": 212.16476440429688
      },
      "flags": {},
      "order": 6,
      "mode": 0,
      "outputs": [
        {
          "name": "text",
          "type": "STRING",
          "links": [
            251,
            265
          ],
          "slot_index": 0,
          "shape": 3
        }
      ],
      "properties": {
        "Node name for S&R": "GoogleTranslateTextNode"
      },
      "widgets_values": [
        "auto",
        "en",
        false,
        "Manual Trasnlate",
        "супергерой",
        true
      ],
      "color": "#232",
      "bgcolor": "#353"
    },
    {
      "id": 162,
      "type": "SDXLPromptStyler",
      "pos": [
        1681.2763866274065,
        1761.253785101569
      ],
      "size": {
        "0": 366.1018371582031,
        "1": 252
      },
      "flags": {},
      "order": 7,
      "mode": 0,
      "inputs": [],
      "outputs": [
        {
          "name": "text_positive",
          "type": "STRING",
          "links": null,
          "shape": 3
        },
        {
          "name": "text_negative",
          "type": "STRING",
          "links": [
            252,
            264
          ],
          "slot_index": 1,
          "shape": 3
        }
      ],
      "properties": {
        "Node name for S&R": "SDXLPromptStyler"
      },
      "widgets_values": [
        "",
        "",
        "base",
        true,
        false,
        true,
        true,
        true
      ],
      "color": "#322",
      "bgcolor": "#533"
    },
    {
      "id": 36,
      "type": "SDXLPromptStyler",
      "pos": [
        1696.378635851884,
        973.6862467225144
      ],
      "size": {
        "0": 366.1018371582031,
        "1": 251.99996948242188
      },
      "flags": {},
      "order": 8,
      "mode": 0,
      "inputs": [],
      "outputs": [
        {
          "name": "text_positive",
          "type": "STRING",
          "links": null,
          "shape": 3
        },
        {
          "name": "text_negative",
          "type": "STRING",
          "links": [
            36,
            46
          ],
          "slot_index": 1,
          "shape": 3
        }
      ],
      "properties": {
        "Node name for S&R": "SDXLPromptStyler"
      },
      "widgets_values": [
        "",
        "",
        "base",
        true,
        false,
        true,
        true,
        true
      ],
      "color": "#322",
      "bgcolor": "#533"
    },
    {
      "id": 208,
      "type": "SaveImage",
      "pos": [
        3551,
        391
      ],
      "size": {
        "0": 315,
        "1": 270
      },
      "flags": {},
      "order": 62,
      "mode": 0,
      "inputs": [
        {
          "name": "images",
          "type": "IMAGE",
          "link": 325
        }
      ],
      "properties": {
        "Node name for S&R": "SaveImage"
      },
      "widgets_values": [
        "ComfyUI"
      ]
    },
    {
      "id": 224,
      "type": "PreviewImage",
      "pos": [
        2061,
        3035
      ],
      "size": {
        "0": 210,
        "1": 246
      },
      "flags": {},
      "order": 38,
      "mode": 0,
      "inputs": [
        {
          "name": "images",
          "type": "IMAGE",
          "link": 342
        }
      ],
      "properties": {
        "Node name for S&R": "PreviewImage"
      }
    },
    {
      "id": 209,
      "type": "LoadImage",
      "pos": [
        1263,
        2742
      ],
      "size": {
        "0": 315,
        "1": 314
      },
      "flags": {},
      "order": 9,
      "mode": 0,
      "outputs": [
        {
          "name": "IMAGE",
          "type": "IMAGE",
          "links": [
            358
          ],
          "slot_index": 0,
          "shape": 3
        },
        {
          "name": "MASK",
          "type": "MASK",
          "links": null,
          "shape": 3
        }
      ],
      "properties": {
        "Node name for S&R": "LoadImage"
      },
      "widgets_values": [
        "00550-3710804462-(Photo_1.3) of (realistic_1.3) portrait a beautiful woman 22 years old soloist with electric guitar (performs on stage) (scene i.png",
        "image"
      ],
      "color": "#432",
      "bgcolor": "#653"
    },
    {
      "id": 225,
      "type": "ThresholdMask",
      "pos": [
        2166,
        2911
      ],
      "size": {
        "0": 315,
        "1": 58
      },
      "flags": {},
      "order": 37,
      "mode": 0,
      "inputs": [
        {
          "name": "mask",
          "type": "MASK",
          "link": 343,
          "slot_index": 0
        }
      ],
      "outputs": [
        {
          "name": "MASK",
          "type": "MASK",
          "links": [
            344,
            352
          ],
          "slot_index": 0,
          "shape": 3
        }
      ],
      "properties": {
        "Node name for S&R": "ThresholdMask"
      },
      "widgets_values": [
        0.2
      ]
    },
    {
      "id": 222,
      "type": "CLIPSeg Masking",
      "pos": [
        1716,
        2920
      ],
      "size": {
        "0": 315,
        "1": 78
      },
      "flags": {},
      "order": 30,
      "mode": 0,
      "inputs": [
        {
          "name": "image",
          "type": "IMAGE",
          "link": 349,
          "slot_index": 0
        },
        {
          "name": "clipseg_model",
          "type": "CLIPSEG_MODEL",
          "link": 351,
          "slot_index": 1
        }
      ],
      "outputs": [
        {
          "name": "MASK",
          "type": "MASK",
          "links": [
            343
          ],
          "slot_index": 0,
          "shape": 3
        },
        {
          "name": "MASK_IMAGE",
          "type": "IMAGE",
          "links": [
            342
          ],
          "slot_index": 1,
          "shape": 3
        }
      ],
      "properties": {
        "Node name for S&R": "CLIPSeg Masking"
      },
      "widgets_values": [
        "hair"
      ]
    },
    {
      "id": 216,
      "type": "GoogleTranslateTextNode",
      "pos": [
        1716,
        2311
      ],
      "size": {
        "0": 375.621826171875,
        "1": 212.16476440429688
      },
      "flags": {},
      "order": 10,
      "mode": 0,
      "outputs": [
        {
          "name": "text",
          "type": "STRING",
          "links": [
            338,
            339
          ],
          "slot_index": 0,
          "shape": 3
        }
      ],
      "properties": {
        "Node name for S&R": "GoogleTranslateTextNode"
      },
      "widgets_values": [
        "auto",
        "en",
        false,
        "Manual Trasnlate",
        "синие волосы",
        true
      ],
      "color": "#232",
      "bgcolor": "#353"
    },
    {
      "id": 219,
      "type": "PreviewTextNode",
      "pos": [
        2126,
        2421
      ],
      "size": {
        "0": 238.60044860839844,
        "1": 104.25927734375
      },
      "flags": {},
      "order": 23,
      "mode": 0,
      "inputs": [
        {
          "name": "text",
          "type": "STRING",
          "link": 338,
          "slot_index": 0,
          "widget": {
            "name": "text"
          }
        }
      ],
      "outputs": [
        {
          "name": "STRING",
          "type": "STRING",
          "links": [],
          "slot_index": 0,
          "shape": 3
        }
      ],
      "properties": {
        "Node name for S&R": "PreviewTextNode"
      },
      "widgets_values": [
        "",
        "Blue hair"
      ],
      "color": "#232",
      "bgcolor": "#353"
    },
    {
      "id": 217,
      "type": "SDXLPromptStyler",
      "pos": [
        1706,
        2571
      ],
      "size": {
        "0": 366.1018371582031,
        "1": 242
      },
      "flags": {},
      "order": 11,
      "mode": 0,
      "inputs": [],
      "outputs": [
        {
          "name": "text_positive",
          "type": "STRING",
          "links": [
            340
          ],
          "slot_index": 0,
          "shape": 3
        },
        {
          "name": "text_negative",
          "type": "STRING",
          "links": [
            337
          ],
          "slot_index": 1,
          "shape": 3
        }
      ],
      "properties": {
        "Node name for S&R": "SDXLPromptStyler"
      },
      "widgets_values": [
        "",
        "",
        "base",
        true,
        false,
        true,
        true,
        true
      ],
      "color": "#322",
      "bgcolor": "#533"
    },
    {
      "id": 230,
      "type": "PatchModelAddDownscale",
      "pos": [
        2866,
        2601
      ],
      "size": {
        "0": 352.79998779296875,
        "1": 202
      },
      "flags": {},
      "order": 31,
      "mode": 0,
      "inputs": [
        {
          "name": "model",
          "type": "MODEL",
          "link": 355,
          "slot_index": 0
        }
      ],
      "outputs": [
        {
          "name": "MODEL",
          "type": "MODEL",
          "links": [
            353
          ],
          "slot_index": 0,
          "shape": 3
        }
      ],
      "properties": {
        "Node name for S&R": "PatchModelAddDownscale"
      },
      "widgets_values": [
        3,
        2,
        0,
        0.35,
        true,
        "bicubic",
        "bicubic"
      ],
      "color": "#233",
      "bgcolor": "#355"
    },
    {
      "id": 228,
      "type": "VAEEncodeForInpaint",
      "pos": [
        2895,
        2463
      ],
      "size": {
        "0": 315,
        "1": 98
      },
      "flags": {},
      "order": 44,
      "mode": 0,
      "inputs": [
        {
          "name": "pixels",
          "type": "IMAGE",
          "link": 348,
          "slot_index": 0
        },
        {
          "name": "vae",
          "type": "VAE",
          "link": 347,
          "slot_index": 1
        },
        {
          "name": "mask",
          "type": "MASK",
          "link": 352,
          "slot_index": 2
        }
      ],
      "outputs": [
        {
          "name": "LATENT",
          "type": "LATENT",
          "links": [
            346
          ],
          "slot_index": 0,
          "shape": 3
        }
      ],
      "properties": {
        "Node name for S&R": "VAEEncodeForInpaint"
      },
      "widgets_values": [
        36
      ],
      "color": "#233",
      "bgcolor": "#355"
    },
    {
      "id": 30,
      "type": "InpaintStitch",
      "pos": [
        3196,
        394
      ],
      "size": {
        "0": 210,
        "1": 78
      },
      "flags": {
        "collapsed": false
      },
      "order": 61,
      "mode": 0,
      "inputs": [
        {
          "name": "stitch",
          "type": "STITCH",
          "link": 397
        },
        {
          "name": "inpainted_image",
          "type": "IMAGE",
          "link": 174
        }
      ],
      "outputs": [
        {
          "name": "image",
          "type": "IMAGE",
          "links": [
            325
          ],
          "slot_index": 0,
          "shape": 3
        }
      ],
      "properties": {
        "Node name for S&R": "InpaintStitch"
      },
      "widgets_values": [
        "bislerp"
      ],
      "color": "#432",
      "bgcolor": "#653"
    },
    {
      "id": 168,
      "type": "Reroute",
      "pos": [
        1566.378635851884,
        273.686246722517
      ],
      "size": [
        82,
        26
      ],
      "flags": {},
      "order": 54,
      "mode": 0,
      "inputs": [
        {
          "name": "",
          "type": "*",
          "link": 276
        }
      ],
      "outputs": [
        {
          "name": "IMAGE",
          "type": "IMAGE",
          "links": [
            393
          ],
          "slot_index": 0
        }
      ],
      "properties": {
        "showOutputText": true,
        "horizontal": false
      }
    },
    {
      "id": 169,
      "type": "Reroute",
      "pos": [
        1566.267538304149,
        343.57496606930454
      ],
      "size": [
        75,
        26
      ],
      "flags": {},
      "order": 47,
      "mode": 0,
      "inputs": [
        {
          "name": "",
          "type": "*",
          "link": 277
        }
      ],
      "outputs": [
        {
          "name": "MASK",
          "type": "MASK",
          "links": [
            394
          ],
          "slot_index": 0
        }
      ],
      "properties": {
        "showOutputText": true,
        "horizontal": false
      }
    },
    {
      "id": 258,
      "type": "InpaintCrop",
      "pos": [
        1744,
        264
      ],
      "size": {
        "0": 325.0931396484375,
        "1": 386
      },
      "flags": {},
      "order": 56,
      "mode": 0,
      "inputs": [
        {
          "name": "image",
          "type": "IMAGE",
          "link": 393
        },
        {
          "name": "mask",
          "type": "MASK",
          "link": 394
        },
        {
          "name": "optional_context_mask",
          "type": "MASK",
          "link": null
        }
      ],
      "outputs": [
        {
          "name": "stitch",
          "type": "STITCH",
          "links": [
            397
          ],
          "slot_index": 0,
          "shape": 3
        },
        {
          "name": "cropped_image",
          "type": "IMAGE",
          "links": [
            395
          ],
          "slot_index": 1,
          "shape": 3
        },
        {
          "name": "cropped_mask",
          "type": "MASK",
          "links": [
            396
          ],
          "slot_index": 2,
          "shape": 3
        }
      ],
      "properties": {
        "Node name for S&R": "InpaintCrop"
      },
      "widgets_values": [
        10,
        1,
        false,
        1,
        false,
        16,
        "bicubic",
        "ranged size",
        1024,
        1024,
        1,
        512,
        512,
        768,
        768,
        32
      ],
      "color": "#432",
      "bgcolor": "#653"
    },
    {
      "id": 211,
      "type": "Efficient Loader",
      "pos": [
        2416,
        2311
      ],
      "size": {
        "0": 400,
        "1": 462
      },
      "flags": {},
      "order": 24,
      "mode": 0,
      "inputs": [
        {
          "name": "lora_stack",
          "type": "LORA_STACK",
          "link": null
        },
        {
          "name": "cnet_stack",
          "type": "CONTROL_NET_STACK",
          "link": null
        },
        {
          "name": "positive",
          "type": "STRING",
          "link": 339,
          "widget": {
            "name": "positive"
          }
        },
        {
          "name": "negative",
          "type": "STRING",
          "link": 340,
          "widget": {
            "name": "negative"
          }
        }
      ],
      "outputs": [
        {
          "name": "MODEL",
          "type": "MODEL",
          "links": [
            355
          ],
          "slot_index": 0,
          "shape": 3
        },
        {
          "name": "CONDITIONING+",
          "type": "CONDITIONING",
          "links": [
            356
          ],
          "slot_index": 1,
          "shape": 3
        },
        {
          "name": "CONDITIONING-",
          "type": "CONDITIONING",
          "links": [
            357
          ],
          "slot_index": 2,
          "shape": 3
        },
        {
          "name": "LATENT",
          "type": "LATENT",
          "links": null,
          "slot_index": 3,
          "shape": 3
        },
        {
          "name": "VAE",
          "type": "VAE",
          "links": [
            347,
            359
          ],
          "slot_index": 4,
          "shape": 3
        },
        {
          "name": "CLIP",
          "type": "CLIP",
          "links": [],
          "slot_index": 5,
          "shape": 3
        },
        {
          "name": "DEPENDENCIES",
          "type": "DEPENDENCIES",
          "links": null,
          "shape": 3
        }
      ],
      "properties": {
        "Node name for S&R": "Efficient Loader"
      },
      "widgets_values": [
        "INPAINTING\\juggernaut_aftermath-inpainting.safetensors",
        "Baked VAE",
        -1,
        "None",
        1,
        1,
        "green dress",
        "",
        "none",
        "comfy",
        512,
        512,
        1,
        true,
        true
      ],
      "color": "#223",
      "bgcolor": "#335",
      "shape": 1
    },
    {
      "id": 229,
      "type": "KSampler (Efficient)",
      "pos": [
        3276,
        2321
      ],
      "size": [
        325,
        586
      ],
      "flags": {},
      "order": 50,
      "mode": 0,
      "inputs": [
        {
          "name": "model",
          "type": "MODEL",
          "link": 354
        },
        {
          "name": "positive",
          "type": "CONDITIONING",
          "link": 356
        },
        {
          "name": "negative",
          "type": "CONDITIONING",
          "link": 357
        },
        {
          "name": "latent_image",
          "type": "LATENT",
          "link": 346
        },
        {
          "name": "optional_vae",
          "type": "VAE",
          "link": 359
        },
        {
          "name": "script",
          "type": "SCRIPT",
          "link": null,
          "slot_index": 5
        }
      ],
      "outputs": [
        {
          "name": "MODEL",
          "type": "MODEL",
          "links": null,
          "slot_index": 0,
          "shape": 3
        },
        {
          "name": "CONDITIONING+",
          "type": "CONDITIONING",
          "links": null,
          "shape": 3
        },
        {
          "name": "CONDITIONING-",
          "type": "CONDITIONING",
          "links": null,
          "shape": 3
        },
        {
          "name": "LATENT",
          "type": "LATENT",
          "links": null,
          "shape": 3
        },
        {
          "name": "VAE",
          "type": "VAE",
          "links": null,
          "shape": 3
        },
        {
          "name": "IMAGE",
          "type": "IMAGE",
          "links": [],
          "slot_index": 5,
          "shape": 3
        }
      ],
      "properties": {
        "Node name for S&R": "KSampler (Efficient)"
      },
      "widgets_values": [
        651876605973506,
        "fixed",
        30,
        6,
        "dpmpp_2m_sde",
        "karras",
        0.85,
        "auto",
        "true",
        null
      ],
      "color": "#233",
      "bgcolor": "#355",
      "shape": 1
    },
    {
      "id": 223,
      "type": "CLIPSeg Model Loader",
      "pos": [
        1714,
        3055
      ],
      "size": {
        "0": 315,
        "1": 58
      },
      "flags": {},
      "order": 12,
      "mode": 0,
      "outputs": [
        {
          "name": "clipseg_model",
          "type": "CLIPSEG_MODEL",
          "links": [
            351
          ],
          "slot_index": 0,
          "shape": 3
        }
      ],
      "properties": {
        "Node name for S&R": "CLIPSeg Model Loader"
      },
      "widgets_values": [
        "CIDAS/clipseg-rd64-refined"
      ]
    },
    {
      "id": 157,
      "type": "Efficient Loader",
      "pos": [
        2443.5895388688255,
        1536.7563885749864
      ],
      "size": {
        "0": 400,
        "1": 462
      },
      "flags": {},
      "order": 18,
      "mode": 0,
      "inputs": [
        {
          "name": "lora_stack",
          "type": "LORA_STACK",
          "link": null
        },
        {
          "name": "cnet_stack",
          "type": "CONTROL_NET_STACK",
          "link": null
        },
        {
          "name": "positive",
          "type": "STRING",
          "link": 251,
          "widget": {
            "name": "positive"
          }
        },
        {
          "name": "negative",
          "type": "STRING",
          "link": 252,
          "widget": {
            "name": "negative"
          }
        }
      ],
      "outputs": [
        {
          "name": "MODEL",
          "type": "MODEL",
          "links": [
            334
          ],
          "slot_index": 0,
          "shape": 3
        },
        {
          "name": "CONDITIONING+",
          "type": "CONDITIONING",
          "links": [
            254
          ],
          "slot_index": 1,
          "shape": 3
        },
        {
          "name": "CONDITIONING-",
          "type": "CONDITIONING",
          "links": [
            255
          ],
          "slot_index": 2,
          "shape": 3
        },
        {
          "name": "LATENT",
          "type": "LATENT",
          "links": null,
          "slot_index": 3,
          "shape": 3
        },
        {
          "name": "VAE",
          "type": "VAE",
          "links": [
            256,
            263
          ],
          "slot_index": 4,
          "shape": 3
        },
        {
          "name": "CLIP",
          "type": "CLIP",
          "links": [],
          "slot_index": 5,
          "shape": 3
        },
        {
          "name": "DEPENDENCIES",
          "type": "DEPENDENCIES",
          "links": null,
          "shape": 3
        }
      ],
      "properties": {
        "Node name for S&R": "Efficient Loader"
      },
      "widgets_values": [
        "INPAINTING\\juggernaut_aftermath-inpainting.safetensors",
        "vae-ft-mse-840000-ema-pruned.ckpt",
        -1,
        "None",
        1,
        1,
        "green dress",
        "",
        "none",
        "comfy",
        512,
        512,
        1,
        true,
        true
      ],
      "color": "#223",
      "bgcolor": "#335",
      "shape": 1
    },
    {
      "id": 161,
      "type": "KSampler (Efficient)",
      "pos": [
        3266.603768588674,
        1415.547887758824
      ],
      "size": [
        325,
        585.9999618530273
      ],
      "flags": {},
      "order": 59,
      "mode": 0,
      "inputs": [
        {
          "name": "model",
          "type": "MODEL",
          "link": 259
        },
        {
          "name": "positive",
          "type": "CONDITIONING",
          "link": 260
        },
        {
          "name": "negative",
          "type": "CONDITIONING",
          "link": 261
        },
        {
          "name": "latent_image",
          "type": "LATENT",
          "link": 262
        },
        {
          "name": "optional_vae",
          "type": "VAE",
          "link": 263
        },
        {
          "name": "script",
          "type": "SCRIPT",
          "link": null,
          "slot_index": 5
        }
      ],
      "outputs": [
        {
          "name": "MODEL",
          "type": "MODEL",
          "links": null,
          "slot_index": 0,
          "shape": 3
        },
        {
          "name": "CONDITIONING+",
          "type": "CONDITIONING",
          "links": null,
          "shape": 3
        },
        {
          "name": "CONDITIONING-",
          "type": "CONDITIONING",
          "links": null,
          "shape": 3
        },
        {
          "name": "LATENT",
          "type": "LATENT",
          "links": null,
          "shape": 3
        },
        {
          "name": "VAE",
          "type": "VAE",
          "links": null,
          "shape": 3
        },
        {
          "name": "IMAGE",
          "type": "IMAGE",
          "links": [],
          "slot_index": 5,
          "shape": 3
        }
      ],
      "properties": {
        "Node name for S&R": "KSampler (Efficient)"
      },
      "widgets_values": [
        315672495994662,
        "fixed",
        30,
        6,
        "dpmpp_2m_sde",
        "karras",
        0.75,
        "auto",
        "true",
        null
      ],
      "color": "#233",
      "bgcolor": "#355",
      "shape": 1
    },
    {
      "id": 31,
      "type": "Efficient Loader",
      "pos": [
        2360.3917267164757,
        717.3725777501375
      ],
      "size": {
        "0": 400,
        "1": 462
      },
      "flags": {},
      "order": 20,
      "mode": 0,
      "inputs": [
        {
          "name": "lora_stack",
          "type": "LORA_STACK",
          "link": null
        },
        {
          "name": "cnet_stack",
          "type": "CONTROL_NET_STACK",
          "link": null
        },
        {
          "name": "positive",
          "type": "STRING",
          "link": 35,
          "widget": {
            "name": "positive"
          }
        },
        {
          "name": "negative",
          "type": "STRING",
          "link": 36,
          "widget": {
            "name": "negative"
          }
        }
      ],
      "outputs": [
        {
          "name": "MODEL",
          "type": "MODEL",
          "links": [
            336
          ],
          "slot_index": 0,
          "shape": 3
        },
        {
          "name": "CONDITIONING+",
          "type": "CONDITIONING",
          "links": [
            38
          ],
          "slot_index": 1,
          "shape": 3
        },
        {
          "name": "CONDITIONING-",
          "type": "CONDITIONING",
          "links": [
            39
          ],
          "slot_index": 2,
          "shape": 3
        },
        {
          "name": "LATENT",
          "type": "LATENT",
          "links": null,
          "slot_index": 3,
          "shape": 3
        },
        {
          "name": "VAE",
          "type": "VAE",
          "links": [
            40,
            45
          ],
          "slot_index": 4,
          "shape": 3
        },
        {
          "name": "CLIP",
          "type": "CLIP",
          "links": [],
          "slot_index": 5,
          "shape": 3
        },
        {
          "name": "DEPENDENCIES",
          "type": "DEPENDENCIES",
          "links": null,
          "shape": 3
        }
      ],
      "properties": {
        "Node name for S&R": "Efficient Loader"
      },
      "widgets_values": [
        "INPAINTING\\juggernaut_aftermath-inpainting.safetensors",
        "Baked VAE",
        -1,
        "None",
        1,
        1,
        "green dress",
        "",
        "none",
        "comfy",
        512,
        512,
        1,
        true,
        true
      ],
      "color": "#223",
      "bgcolor": "#335",
      "shape": 1
    },
    {
      "id": 35,
      "type": "KSampler (Efficient)",
      "pos": [
        3186.3917267164757,
        533.3725777501375
      ],
      "size": [
        325,
        585.9999771118164
      ],
      "flags": {},
      "order": 60,
      "mode": 0,
      "inputs": [
        {
          "name": "model",
          "type": "MODEL",
          "link": 41
        },
        {
          "name": "positive",
          "type": "CONDITIONING",
          "link": 42
        },
        {
          "name": "negative",
          "type": "CONDITIONING",
          "link": 43
        },
        {
          "name": "latent_image",
          "type": "LATENT",
          "link": 44
        },
        {
          "name": "optional_vae",
          "type": "VAE",
          "link": 45
        },
        {
          "name": "script",
          "type": "SCRIPT",
          "link": null,
          "slot_index": 5
        }
      ],
      "outputs": [
        {
          "name": "MODEL",
          "type": "MODEL",
          "links": null,
          "slot_index": 0,
          "shape": 3
        },
        {
          "name": "CONDITIONING+",
          "type": "CONDITIONING",
          "links": null,
          "shape": 3
        },
        {
          "name": "CONDITIONING-",
          "type": "CONDITIONING",
          "links": null,
          "shape": 3
        },
        {
          "name": "LATENT",
          "type": "LATENT",
          "links": null,
          "shape": 3
        },
        {
          "name": "VAE",
          "type": "VAE",
          "links": null,
          "shape": 3
        },
        {
          "name": "IMAGE",
          "type": "IMAGE",
          "links": [
            174
          ],
          "slot_index": 5,
          "shape": 3
        }
      ],
      "properties": {
        "Node name for S&R": "KSampler (Efficient)"
      },
      "widgets_values": [
        137472415646463,
        "fixed",
        30,
        6,
        "dpmpp_2m_sde",
        "karras",
        0.75,
        "auto",
        "true",
        null
      ],
      "color": "#233",
      "bgcolor": "#355",
      "shape": 1
    },
    {
      "id": 154,
      "type": "Fast Groups Bypasser (rgthree)",
      "pos": {
        "0": 2950,
        "1": -133,
        "2": 0,
        "3": 0,
        "4": 0,
        "5": 0,
        "6": 0,
        "7": 0,
        "8": 0,
        "9": 0
      },
      "size": {
        "0": 400,
        "1": 250
      },
      "flags": {},
      "order": 13,
      "mode": 0,
      "inputs": [],
      "outputs": [
        {
          "name": "OPT_CONNECTION",
          "type": "*",
          "links": [],
          "slot_index": 0
        }
      ],
      "properties": {
        "matchColors": "",
        "matchTitle": "",
        "showNav": true,
        "sort": "position",
        "customSortAlphabet": "",
        "toggleRestriction": "default"
      },
      "color": "#ff8438",
      "bgcolor": "#ff7024"
    }
  ],
  "links": [
    [
      2,
      1,
      0,
      3,
      0,
      "YOLOWORLDMODEL"
    ],
    [
      3,
      4,
      0,
      3,
      1,
      "ESAMMODEL"
    ],
    [
      5,
      3,
      0,
      7,
      0,
      "IMAGE"
    ],
    [
      6,
      8,
      0,
      9,
      0,
      "IMAGE"
    ],
    [
      8,
      3,
      1,
      8,
      0,
      "MASK"
    ],
    [
      9,
      13,
      0,
      10,
      0,
      "INPAINT_MODEL"
    ],
    [
      12,
      3,
      1,
      14,
      0,
      "MASK"
    ],
    [
      13,
      15,
      0,
      16,
      0,
      "IMAGE"
    ],
    [
      14,
      14,
      0,
      15,
      0,
      "MASK"
    ],
    [
      15,
      10,
      0,
      17,
      0,
      "IMAGE"
    ],
    [
      20,
      20,
      0,
      21,
      0,
      "STRING"
    ],
    [
      35,
      32,
      0,
      31,
      2,
      "STRING"
    ],
    [
      36,
      36,
      1,
      31,
      3,
      "STRING"
    ],
    [
      38,
      31,
      1,
      34,
      0,
      "CONDITIONING"
    ],
    [
      39,
      31,
      2,
      34,
      1,
      "CONDITIONING"
    ],
    [
      40,
      31,
      4,
      34,
      2,
      "VAE"
    ],
    [
      41,
      33,
      0,
      35,
      0,
      "MODEL"
    ],
    [
      42,
      34,
      0,
      35,
      1,
      "CONDITIONING"
    ],
    [
      43,
      34,
      1,
      35,
      2,
      "CONDITIONING"
    ],
    [
      44,
      34,
      2,
      35,
      3,
      "LATENT"
    ],
    [
      45,
      31,
      4,
      35,
      4,
      "VAE"
    ],
    [
      46,
      36,
      1,
      37,
      0,
      "STRING"
    ],
    [
      47,
      32,
      0,
      38,
      0,
      "STRING"
    ],
    [
      170,
      14,
      0,
      26,
      0,
      "*"
    ],
    [
      174,
      35,
      5,
      30,
      1,
      "IMAGE"
    ],
    [
      251,
      158,
      0,
      157,
      2,
      "STRING"
    ],
    [
      252,
      162,
      1,
      157,
      3,
      "STRING"
    ],
    [
      254,
      157,
      1,
      160,
      0,
      "CONDITIONING"
    ],
    [
      255,
      157,
      2,
      160,
      1,
      "CONDITIONING"
    ],
    [
      256,
      157,
      4,
      160,
      2,
      "VAE"
    ],
    [
      259,
      159,
      0,
      161,
      0,
      "MODEL"
    ],
    [
      260,
      160,
      0,
      161,
      1,
      "CONDITIONING"
    ],
    [
      261,
      160,
      1,
      161,
      2,
      "CONDITIONING"
    ],
    [
      262,
      160,
      2,
      161,
      3,
      "LATENT"
    ],
    [
      263,
      157,
      4,
      161,
      4,
      "VAE"
    ],
    [
      264,
      162,
      1,
      163,
      0,
      "STRING"
    ],
    [
      265,
      158,
      0,
      164,
      0,
      "STRING"
    ],
    [
      271,
      26,
      0,
      167,
      0,
      "*"
    ],
    [
      272,
      166,
      0,
      10,
      1,
      "IMAGE"
    ],
    [
      273,
      167,
      0,
      10,
      2,
      "MASK"
    ],
    [
      274,
      25,
      0,
      166,
      0,
      "*"
    ],
    [
      275,
      10,
      0,
      170,
      0,
      "*"
    ],
    [
      276,
      170,
      0,
      168,
      0,
      "*"
    ],
    [
      277,
      26,
      0,
      169,
      0,
      "*"
    ],
    [
      280,
      170,
      0,
      172,
      0,
      "*"
    ],
    [
      281,
      26,
      0,
      173,
      0,
      "*"
    ],
    [
      282,
      172,
      0,
      160,
      3,
      "IMAGE"
    ],
    [
      283,
      173,
      0,
      160,
      4,
      "MASK"
    ],
    [
      325,
      30,
      0,
      208,
      0,
      "IMAGE"
    ],
    [
      334,
      157,
      0,
      214,
      0,
      "MODEL"
    ],
    [
      335,
      214,
      0,
      159,
      0,
      "MODEL"
    ],
    [
      336,
      31,
      0,
      33,
      0,
      "MODEL"
    ],
    [
      337,
      217,
      1,
      218,
      0,
      "STRING"
    ],
    [
      338,
      216,
      0,
      219,
      0,
      "STRING"
    ],
    [
      339,
      216,
      0,
      211,
      2,
      "STRING"
    ],
    [
      340,
      217,
      0,
      211,
      3,
      "STRING"
    ],
    [
      342,
      222,
      1,
      224,
      0,
      "IMAGE"
    ],
    [
      343,
      222,
      0,
      225,
      0,
      "MASK"
    ],
    [
      344,
      225,
      0,
      226,
      0,
      "MASK"
    ],
    [
      345,
      226,
      0,
      227,
      0,
      "IMAGE"
    ],
    [
      346,
      228,
      0,
      229,
      3,
      "LATENT"
    ],
    [
      347,
      211,
      4,
      228,
      1,
      "VAE"
    ],
    [
      348,
      220,
      0,
      228,
      0,
      "IMAGE"
    ],
    [
      349,
      220,
      0,
      222,
      0,
      "IMAGE"
    ],
    [
      351,
      223,
      0,
      222,
      1,
      "CLIPSEG_MODEL"
    ],
    [
      352,
      225,
      0,
      228,
      2,
      "MASK"
    ],
    [
      353,
      230,
      0,
      231,
      0,
      "MODEL"
    ],
    [
      354,
      231,
      0,
      229,
      0,
      "MODEL"
    ],
    [
      355,
      211,
      0,
      230,
      0,
      "MODEL"
    ],
    [
      356,
      211,
      1,
      229,
      1,
      "CONDITIONING"
    ],
    [
      357,
      211,
      2,
      229,
      2,
      "CONDITIONING"
    ],
    [
      358,
      209,
      0,
      220,
      0,
      "*"
    ],
    [
      359,
      211,
      4,
      229,
      4,
      "VAE"
    ],
    [
      383,
      249,
      0,
      3,
      2,
      "IMAGE"
    ],
    [
      384,
      249,
      0,
      25,
      0,
      "*"
    ],
    [
      385,
      5,
      0,
      249,
      0,
      "*"
    ],
    [
      387,
      20,
      0,
      3,
      3,
      "STRING"
    ],
    [
      393,
      168,
      0,
      258,
      0,
      "IMAGE"
    ],
    [
      394,
      169,
      0,
      258,
      1,
      "MASK"
    ],
    [
      395,
      258,
      1,
      34,
      3,
      "IMAGE"
    ],
    [
      396,
      258,
      2,
      34,
      4,
      "MASK"
    ],
    [
      397,
      258,
      0,
      30,
      0,
      "STITCH"
    ]
  ],
  "groups": [
    {
      "title": "Find Object (stabledif.ru)",
      "bounding": [
        2096,
        -1413,
        682,
        296
      ],
      "color": "#8A8",
      "font_size": 24,
      "locked": false
    },
    {
      "title": "YOLO (stabledif.ru)",
      "bounding": [
        2091,
        -1078,
        843,
        484
      ],
      "color": "#3f789e",
      "font_size": 24,
      "locked": false
    },
    {
      "title": "Watch Masks (stabledif.ru)",
      "bounding": [
        2092,
        -547,
        834,
        336
      ],
      "color": "#3f789e",
      "font_size": 24,
      "locked": false
    },
    {
      "title": "Edit Mask (stabledif.ru)",
      "bounding": [
        3004,
        -766,
        355,
        564
      ],
      "color": "#88A",
      "font_size": 24,
      "locked": false
    },
    {
      "title": "🧲 Inpaint Delete (stabledif.ru)",
      "bounding": [
        3548,
        -416,
        741,
        346
      ],
      "color": "#8AA",
      "font_size": 24,
      "locked": false
    },
    {
      "title": "🧲 INPAINT (stabledif.ru)",
      "bounding": [
        1633,
        1322,
        1979,
        714
      ],
      "color": "#3f789e",
      "font_size": 24,
      "locked": false
    },
    {
      "title": "🤖 Inpaint Crop (stabledif.ru)",
      "bounding": [
        1601,
        185,
        2291,
        1040
      ],
      "color": "#b58b2a",
      "font_size": 24,
      "locked": false
    },
    {
      "title": "😎 ClipSeg - Inpaint (stabledif.ru)",
      "bounding": [
        1618,
        2154,
        2042,
        1231
      ],
      "color": "#b58b2a",
      "font_size": 24,
      "locked": false
    }
  ],
  "config": {},
  "extra": {
    "ds": {
      "scale": 0.19487171000000195,
      "offset": [
        1692.7718479675787,
        -207.342647873224
      ]
    }
  },
  "version": 0.4
}