{
  "last_node_id": 320,
  "last_link_id": 1044,
  "nodes": [
    {
      "id": 238,
      "type": "PreviewImage",
      "pos": [
        -369.81067610140184,
        1650.648918598094
      ],
      "size": {
        "0": 210,
        "1": 246
      },
      "flags": {},
      "order": 12,
      "mode": 0,
      "inputs": [
        {
          "name": "images",
          "type": "IMAGE",
          "link": 903
        }
      ],
      "properties": {
        "Node name for S&R": "PreviewImage"
      },
      "color": "#2a363b",
      "bgcolor": "#3f5159"
    },
    {
      "id": 241,
      "type": "PreviewImage",
      "pos": [
        290.1893238985979,
        1660.6489185980943
      ],
      "size": {
        "0": 210,
        "1": 246
      },
      "flags": {},
      "order": 17,
      "mode": 0,
      "inputs": [
        {
          "name": "images",
          "type": "IMAGE",
          "link": 905
        }
      ],
      "properties": {
        "Node name for S&R": "PreviewImage"
      },
      "color": "#2a363b",
      "bgcolor": "#3f5159"
    },
    {
      "id": 243,
      "type": "PreviewImage",
      "pos": [
        670.1893238985975,
        1660.6489185980943
      ],
      "size": {
        "0": 210,
        "1": 246
      },
      "flags": {},
      "order": 21,
      "mode": 0,
      "inputs": [
        {
          "name": "images",
          "type": "IMAGE",
          "link": 907
        }
      ],
      "properties": {
        "Node name for S&R": "PreviewImage"
      },
      "color": "#2a363b",
      "bgcolor": "#3f5159"
    },
    {
      "id": 270,
      "type": "Reroute",
      "pos": [
        -442.11121961805463,
        1357.7019411892422
      ],
      "size": [
        82,
        26
      ],
      "flags": {},
      "order": 5,
      "mode": 0,
      "inputs": [
        {
          "name": "",
          "type": "*",
          "link": 939
        }
      ],
      "outputs": [
        {
          "name": "IMAGE",
          "type": "IMAGE",
          "links": [
            940
          ],
          "slot_index": 0
        }
      ],
      "properties": {
        "showOutputText": true,
        "horizontal": false
      },
      "color": "#2a363b",
      "bgcolor": "#3f5159"
    },
    {
      "id": 235,
      "type": "CLIPTextEncode",
      "pos": [
        690.5863036591546,
        2227.2464853074193
      ],
      "size": {
        "0": 210,
        "1": 54
      },
      "flags": {},
      "order": 7,
      "mode": 0,
      "inputs": [
        {
          "name": "clip",
          "type": "CLIP",
          "link": 899
        },
        {
          "name": "text",
          "type": "STRING",
          "link": 897,
          "widget": {
            "name": "text"
          }
        }
      ],
      "outputs": [
        {
          "name": "CONDITIONING",
          "type": "CONDITIONING",
          "links": [
            946
          ],
          "slot_index": 0
        }
      ],
      "properties": {
        "Node name for S&R": "CLIPTextEncode"
      },
      "widgets_values": [
        "Red dress"
      ],
      "color": "#232",
      "bgcolor": "#353"
    },
    {
      "id": 229,
      "type": "ImagePadForOutpaint",
      "pos": [
        -342.11121961805463,
        1421.7019411892422
      ],
      "size": {
        "0": 315,
        "1": 174
      },
      "flags": {},
      "order": 9,
      "mode": 0,
      "inputs": [
        {
          "name": "image",
          "type": "IMAGE",
          "link": 940,
          "slot_index": 0
        }
      ],
      "outputs": [
        {
          "name": "IMAGE",
          "type": "IMAGE",
          "links": [
            903,
            908
          ],
          "shape": 3,
          "slot_index": 0
        },
        {
          "name": "MASK",
          "type": "MASK",
          "links": [
            904,
            909,
            910,
            950
          ],
          "shape": 3,
          "slot_index": 1
        }
      ],
      "properties": {
        "Node name for S&R": "ImagePadForOutpaint"
      },
      "widgets_values": [
        0,
        0,
        0,
        400,
        400
      ],
      "color": "#2a363b",
      "bgcolor": "#3f5159"
    },
    {
      "id": 266,
      "type": "LoadImage",
      "pos": [
        -996,
        1351
      ],
      "size": {
        "0": 455.1597595214844,
        "1": 599.9341430664062
      },
      "flags": {},
      "order": 0,
      "mode": 0,
      "outputs": [
        {
          "name": "IMAGE",
          "type": "IMAGE",
          "links": [
            939
          ],
          "shape": 3,
          "slot_index": 0
        },
        {
          "name": "MASK",
          "type": "MASK",
          "links": [],
          "shape": 3,
          "slot_index": 1
        }
      ],
      "properties": {
        "Node name for S&R": "LoadImage"
      },
      "widgets_values": [
        "00060-4142736658 (1).jpg",
        "image"
      ],
      "color": "#2a363b",
      "bgcolor": "#3f5159"
    },
    {
      "id": 273,
      "type": "Reroute",
      "pos": [
        886,
        1405
      ],
      "size": [
        75,
        26
      ],
      "flags": {},
      "order": 15,
      "mode": 0,
      "inputs": [
        {
          "name": "",
          "type": "*",
          "link": 950
        }
      ],
      "outputs": [
        {
          "name": "MASK",
          "type": "MASK",
          "links": [
            954
          ],
          "slot_index": 0
        }
      ],
      "properties": {
        "showOutputText": true,
        "horizontal": false
      }
    },
    {
      "id": 269,
      "type": "Reroute",
      "pos": [
        877,
        1357
      ],
      "size": [
        82,
        26
      ],
      "flags": {},
      "order": 22,
      "mode": 0,
      "inputs": [
        {
          "name": "",
          "type": "*",
          "link": 937
        }
      ],
      "outputs": [
        {
          "name": "IMAGE",
          "type": "IMAGE",
          "links": [
            955
          ],
          "slot_index": 0
        }
      ],
      "properties": {
        "showOutputText": true,
        "horizontal": false
      },
      "color": "#2a363b",
      "bgcolor": "#3f5159"
    },
    {
      "id": 240,
      "type": "INPAINT_MaskedFill",
      "pos": [
        190,
        1491
      ],
      "size": {
        "0": 315,
        "1": 102
      },
      "flags": {},
      "order": 14,
      "mode": 0,
      "inputs": [
        {
          "name": "image",
          "type": "IMAGE",
          "link": 908,
          "slot_index": 0
        },
        {
          "name": "mask",
          "type": "MASK",
          "link": 909
        }
      ],
      "outputs": [
        {
          "name": "IMAGE",
          "type": "IMAGE",
          "links": [
            905,
            906
          ],
          "shape": 3,
          "slot_index": 0
        }
      ],
      "properties": {
        "Node name for S&R": "INPAINT_MaskedFill"
      },
      "widgets_values": [
        "navier-stokes",
        0
      ],
      "color": "#2a363b",
      "bgcolor": "#3f5159"
    },
    {
      "id": 239,
      "type": "MaskPreview+",
      "pos": [
        -61,
        1651
      ],
      "size": {
        "0": 210,
        "1": 246
      },
      "flags": {},
      "order": 13,
      "mode": 0,
      "inputs": [
        {
          "name": "mask",
          "type": "MASK",
          "link": 904
        }
      ],
      "properties": {
        "Node name for S&R": "MaskPreview+"
      },
      "color": "#2a363b",
      "bgcolor": "#3f5159"
    },
    {
      "id": 242,
      "type": "INPAINT_MaskedBlur",
      "pos": [
        553,
        1494
      ],
      "size": {
        "0": 315,
        "1": 102
      },
      "flags": {},
      "order": 18,
      "mode": 0,
      "inputs": [
        {
          "name": "image",
          "type": "IMAGE",
          "link": 906
        },
        {
          "name": "mask",
          "type": "MASK",
          "link": 910
        }
      ],
      "outputs": [
        {
          "name": "IMAGE",
          "type": "IMAGE",
          "links": [
            907,
            937
          ],
          "shape": 3,
          "slot_index": 0
        }
      ],
      "properties": {
        "Node name for S&R": "INPAINT_MaskedBlur"
      },
      "widgets_values": [
        100,
        0
      ],
      "color": "#2a363b",
      "bgcolor": "#3f5159"
    },
    {
      "id": 224,
      "type": "CheckpointLoaderSimple",
      "pos": [
        -224,
        2080
      ],
      "size": {
        "0": 315,
        "1": 98
      },
      "flags": {
        "pinned": false
      },
      "order": 1,
      "mode": 0,
      "outputs": [
        {
          "name": "MODEL",
          "type": "MODEL",
          "links": [
            942
          ],
          "slot_index": 0
        },
        {
          "name": "CLIP",
          "type": "CLIP",
          "links": [
            885,
            899,
            943
          ],
          "slot_index": 1
        },
        {
          "name": "VAE",
          "type": "VAE",
          "links": [
            944
          ],
          "slot_index": 2
        }
      ],
      "properties": {
        "Node name for S&R": "CheckpointLoaderSimple"
      },
      "widgets_values": [
        "INPAINT\\juggerInpaintV8.safetensors"
      ],
      "color": "#223",
      "bgcolor": "#335"
    },
    {
      "id": 237,
      "type": "PreviewTextNode",
      "pos": [
        632,
        2080
      ],
      "size": {
        "0": 274.5900573730469,
        "1": 87.24373626708984
      },
      "flags": {},
      "order": 8,
      "mode": 0,
      "inputs": [
        {
          "name": "text",
          "type": "STRING",
          "link": 898,
          "widget": {
            "name": "text"
          }
        }
      ],
      "outputs": [
        {
          "name": "STRING",
          "type": "STRING",
          "links": null,
          "shape": 3
        }
      ],
      "properties": {
        "Node name for S&R": "PreviewTextNode"
      },
      "widgets_values": [
        "",
        "The legs of the cyborg"
      ],
      "color": "#232",
      "bgcolor": "#353"
    },
    {
      "id": 290,
      "type": "PreviewTextNode",
      "pos": [
        390,
        2483
      ],
      "size": {
        "0": 312.5489501953125,
        "1": 121.34677124023438
      },
      "flags": {},
      "order": 10,
      "mode": 0,
      "inputs": [
        {
          "name": "text",
          "type": "STRING",
          "link": 1001,
          "widget": {
            "name": "text"
          },
          "slot_index": 0
        }
      ],
      "outputs": [
        {
          "name": "STRING",
          "type": "STRING",
          "links": null,
          "shape": 3
        }
      ],
      "properties": {
        "Node name for S&R": "PreviewTextNode"
      },
      "widgets_values": [
        "",
        "(deformed, distorted, disfigured:1.3), stacked torsos, totem pole, poorly drawn, bad anatomy, wrong anatomy, extra limb, missing limb, floating limbs, (mutated hands and fingers:1.4), disconnected limbs, mutation, mutated, ugly, disgusting, blurry, amputation"
      ],
      "color": "#322",
      "bgcolor": "#533"
    },
    {
      "id": 289,
      "type": "PrimitiveNode",
      "pos": [
        -210,
        2360
      ],
      "size": {
        "0": 241.13613891601562,
        "1": 116.97196960449219
      },
      "flags": {},
      "order": 2,
      "mode": 0,
      "outputs": [
        {
          "name": "STRING",
          "type": "STRING",
          "links": [
            999,
            1000
          ],
          "slot_index": 0,
          "widget": {
            "name": "text_negative"
          }
        }
      ],
      "properties": {
        "Run widget replace on values": false
      },
      "widgets_values": [
        ""
      ],
      "color": "#322",
      "bgcolor": "#533"
    },
    {
      "id": 236,
      "type": "GoogleTranslateTextNode",
      "pos": [
        175,
        2082
      ],
      "size": {
        "0": 414.8719482421875,
        "1": 215.86293029785156
      },
      "flags": {},
      "order": 3,
      "mode": 0,
      "outputs": [
        {
          "name": "text",
          "type": "STRING",
          "links": [
            897,
            898
          ],
          "shape": 3,
          "slot_index": 0
        }
      ],
      "properties": {
        "Node name for S&R": "GoogleTranslateTextNode"
      },
      "widgets_values": [
        "auto",
        "en",
        false,
        "Manual Trasnlate",
        "ноги киборга"
      ],
      "color": "#232",
      "bgcolor": "#353"
    },
    {
      "id": 226,
      "type": "CLIPTextEncode",
      "pos": [
        440,
        2377
      ],
      "size": {
        "0": 229.33609008789062,
        "1": 54
      },
      "flags": {},
      "order": 11,
      "mode": 0,
      "inputs": [
        {
          "name": "clip",
          "type": "CLIP",
          "link": 885
        },
        {
          "name": "text",
          "type": "STRING",
          "link": 1002,
          "widget": {
            "name": "text"
          }
        }
      ],
      "outputs": [
        {
          "name": "CONDITIONING",
          "type": "CONDITIONING",
          "links": [
            945
          ],
          "slot_index": 0
        }
      ],
      "properties": {
        "Node name for S&R": "CLIPTextEncode"
      },
      "widgets_values": [
        "(deformed, distorted, disfigured:1.3), stacked torsos, totem pole, poorly drawn, bad anatomy, wrong anatomy, extra limb, missing limb, floating limbs, (mutated hands and fingers:1.4), disconnected limbs, mutation, mutated, ugly, disgusting, blurry, amputation"
      ],
      "color": "#322",
      "bgcolor": "#533"
    },
    {
      "id": 288,
      "type": "SDXLPromptStyler",
      "pos": [
        70,
        2360
      ],
      "size": {
        "0": 287.8188171386719,
        "1": 199.93040466308594
      },
      "flags": {},
      "order": 6,
      "mode": 0,
      "inputs": [
        {
          "name": "text_negative",
          "type": "STRING",
          "link": 999,
          "widget": {
            "name": "text_negative"
          }
        },
        {
          "name": "text_positive",
          "type": "STRING",
          "link": 1000,
          "widget": {
            "name": "text_positive"
          }
        }
      ],
      "outputs": [
        {
          "name": "text_positive",
          "type": "STRING",
          "links": null,
          "shape": 3
        },
        {
          "name": "text_negative",
          "type": "STRING",
          "links": [
            1001,
            1002
          ],
          "shape": 3,
          "slot_index": 1
        }
      ],
      "properties": {
        "Node name for S&R": "SDXLPromptStyler"
      },
      "widgets_values": [
        "",
        "",
        "-Negative Xr",
        true,
        false,
        true
      ],
      "color": "#322",
      "bgcolor": "#533"
    },
    {
      "id": 271,
      "type": "Pipe to/edit any [Crystools]",
      "pos": [
        731,
        2371
      ],
      "size": {
        "0": 216.59999084472656,
        "1": 146
      },
      "flags": {},
      "order": 16,
      "mode": 0,
      "inputs": [
        {
          "name": "CPipeAny",
          "type": "CPipeAny",
          "link": null
        },
        {
          "name": "any_1",
          "type": "*",
          "link": 942,
          "label": "MODEL"
        },
        {
          "name": "any_2",
          "type": "*",
          "link": 943,
          "label": "CLIP"
        },
        {
          "name": "any_3",
          "type": "*",
          "link": 944,
          "label": "VAE"
        },
        {
          "name": "any_4",
          "type": "*",
          "link": 945,
          "label": "NEG"
        },
        {
          "name": "any_5",
          "type": "*",
          "link": 946,
          "label": "PROMPT"
        },
        {
          "name": "any_6",
          "type": "*",
          "link": null
        }
      ],
      "outputs": [
        {
          "name": "CPipeAny",
          "type": "CPipeAny",
          "links": [
            941
          ],
          "shape": 3,
          "slot_index": 0
        }
      ],
      "properties": {
        "Node name for S&R": "Pipe to/edit any [Crystools]"
      },
      "color": "#432",
      "bgcolor": "#653"
    },
    {
      "id": 228,
      "type": "SaveImage",
      "pos": [
        2071,
        1473
      ],
      "size": {
        "0": 262.3335876464844,
        "1": 270.00006103515625
      },
      "flags": {},
      "order": 28,
      "mode": 0,
      "inputs": [
        {
          "name": "images",
          "type": "IMAGE",
          "link": 888
        }
      ],
      "properties": {},
      "widgets_values": [
        "ComfyUI"
      ],
      "color": "#2a363b",
      "bgcolor": "#3f5159"
    },
    {
      "id": 233,
      "type": "Seed (rgthree)",
      "pos": {
        "0": 1433,
        "1": 1603,
        "2": 0,
        "3": 0,
        "4": 0,
        "5": 0,
        "6": 0,
        "7": 0,
        "8": 0,
        "9": 0
      },
      "size": {
        "0": 244.8321533203125,
        "1": 130
      },
      "flags": {},
      "order": 4,
      "mode": 0,
      "inputs": [],
      "outputs": [
        {
          "name": "SEED",
          "type": "INT",
          "links": [
            988
          ],
          "shape": 3,
          "dir": 4,
          "slot_index": 0
        }
      ],
      "properties": {},
      "widgets_values": [
        819986210222720,
        null,
        null,
        null
      ],
      "color": "#332922",
      "bgcolor": "#593930"
    },
    {
      "id": 272,
      "type": "Pipe from any [Crystools]",
      "pos": [
        1071,
        1588
      ],
      "size": {
        "0": 216.59999084472656,
        "1": 146
      },
      "flags": {},
      "order": 20,
      "mode": 0,
      "inputs": [
        {
          "name": "CPipeAny",
          "type": "CPipeAny",
          "link": 941
        }
      ],
      "outputs": [
        {
          "name": "CPipeAny",
          "type": "CPipeAny",
          "links": null,
          "shape": 3
        },
        {
          "name": "any_1",
          "type": "*",
          "links": [
            995
          ],
          "shape": 3,
          "label": "MODEL",
          "slot_index": 1
        },
        {
          "name": "any_2",
          "type": "*",
          "links": [],
          "shape": 3,
          "label": "CLIP",
          "slot_index": 2
        },
        {
          "name": "any_3",
          "type": "*",
          "links": [
            948,
            949
          ],
          "shape": 3,
          "label": "VAE",
          "slot_index": 3
        },
        {
          "name": "any_4",
          "type": "*",
          "links": [
            986
          ],
          "shape": 3,
          "label": "NAG",
          "slot_index": 4
        },
        {
          "name": "any_5",
          "type": "*",
          "links": [
            985
          ],
          "shape": 3,
          "label": "PROMPT",
          "slot_index": 5
        },
        {
          "name": "any_6",
          "type": "*",
          "links": null,
          "shape": 3
        }
      ],
      "properties": {
        "Node name for S&R": "Pipe from any [Crystools]"
      },
      "color": "#432",
      "bgcolor": "#653"
    },
    {
      "id": 277,
      "type": "Reroute",
      "pos": [
        1073,
        1350
      ],
      "size": [
        82,
        26
      ],
      "flags": {},
      "order": 24,
      "mode": 0,
      "inputs": [
        {
          "name": "",
          "type": "*",
          "link": 955
        }
      ],
      "outputs": [
        {
          "name": "IMAGE",
          "type": "IMAGE",
          "links": [
            957
          ],
          "slot_index": 0
        }
      ],
      "properties": {
        "showOutputText": true,
        "horizontal": false
      },
      "color": "#2a363b",
      "bgcolor": "#3f5159"
    },
    {
      "id": 276,
      "type": "Reroute",
      "pos": [
        1076,
        1400
      ],
      "size": [
        75,
        26
      ],
      "flags": {},
      "order": 19,
      "mode": 0,
      "inputs": [
        {
          "name": "",
          "type": "*",
          "link": 954
        }
      ],
      "outputs": [
        {
          "name": "MASK",
          "type": "MASK",
          "links": [
            956
          ],
          "slot_index": 0
        }
      ],
      "properties": {
        "showOutputText": true,
        "horizontal": false
      }
    },
    {
      "id": 227,
      "type": "VAEDecode",
      "pos": [
        2085,
        1379
      ],
      "size": {
        "0": 210,
        "1": 46
      },
      "flags": {},
      "order": 27,
      "mode": 0,
      "inputs": [
        {
          "name": "samples",
          "type": "LATENT",
          "link": 989
        },
        {
          "name": "vae",
          "type": "VAE",
          "link": 948
        }
      ],
      "outputs": [
        {
          "name": "IMAGE",
          "type": "IMAGE",
          "links": [
            888
          ],
          "slot_index": 0
        }
      ],
      "properties": {
        "Node name for S&R": "VAEDecode"
      },
      "color": "#323",
      "bgcolor": "#535"
    },
    {
      "id": 230,
      "type": "VAEEncodeForInpaint",
      "pos": [
        1304,
        1451
      ],
      "size": {
        "0": 259.1606750488281,
        "1": 98
      },
      "flags": {},
      "order": 25,
      "mode": 0,
      "inputs": [
        {
          "name": "pixels",
          "type": "IMAGE",
          "link": 957
        },
        {
          "name": "vae",
          "type": "VAE",
          "link": 949
        },
        {
          "name": "mask",
          "type": "MASK",
          "link": 956
        }
      ],
      "outputs": [
        {
          "name": "LATENT",
          "type": "LATENT",
          "links": [
            987
          ],
          "shape": 3,
          "slot_index": 0
        }
      ],
      "properties": {
        "Node name for S&R": "VAEEncodeForInpaint"
      },
      "widgets_values": [
        10
      ],
      "color": "#323",
      "bgcolor": "#535"
    },
    {
      "id": 259,
      "type": "DifferentialDiffusion",
      "pos": [
        1459,
        1378
      ],
      "size": {
        "0": 210,
        "1": 26
      },
      "flags": {},
      "order": 23,
      "mode": 0,
      "inputs": [
        {
          "name": "model",
          "type": "MODEL",
          "link": 995,
          "slot_index": 0
        }
      ],
      "outputs": [
        {
          "name": "MODEL",
          "type": "MODEL",
          "links": [
            994
          ],
          "shape": 3,
          "slot_index": 0
        }
      ],
      "properties": {
        "Node name for S&R": "DifferentialDiffusion"
      },
      "color": "#323",
      "bgcolor": "#535"
    },
    {
      "id": 285,
      "type": "KSampler",
      "pos": [
        1724,
        1382
      ],
      "size": {
        "0": 315,
        "1": 262
      },
      "flags": {},
      "order": 26,
      "mode": 0,
      "inputs": [
        {
          "name": "model",
          "type": "MODEL",
          "link": 994
        },
        {
          "name": "positive",
          "type": "CONDITIONING",
          "link": 985
        },
        {
          "name": "negative",
          "type": "CONDITIONING",
          "link": 986,
          "slot_index": 2
        },
        {
          "name": "latent_image",
          "type": "LATENT",
          "link": 987
        },
        {
          "name": "seed",
          "type": "INT",
          "link": 988,
          "widget": {
            "name": "seed"
          }
        }
      ],
      "outputs": [
        {
          "name": "LATENT",
          "type": "LATENT",
          "links": [
            989
          ],
          "shape": 3,
          "slot_index": 0
        }
      ],
      "properties": {
        "Node name for S&R": "KSampler"
      },
      "widgets_values": [
        612590743704326,
        "fixed",
        20,
        4,
        "dpmpp_sde",
        "sgm_uniform",
        1
      ],
      "color": "#223",
      "bgcolor": "#335"
    }
  ],
  "links": [
    [
      885,
      224,
      1,
      226,
      0,
      "CLIP"
    ],
    [
      888,
      227,
      0,
      228,
      0,
      "IMAGE"
    ],
    [
      897,
      236,
      0,
      235,
      1,
      "STRING"
    ],
    [
      898,
      236,
      0,
      237,
      0,
      "STRING"
    ],
    [
      899,
      224,
      1,
      235,
      0,
      "CLIP"
    ],
    [
      903,
      229,
      0,
      238,
      0,
      "IMAGE"
    ],
    [
      904,
      229,
      1,
      239,
      0,
      "MASK"
    ],
    [
      905,
      240,
      0,
      241,
      0,
      "IMAGE"
    ],
    [
      906,
      240,
      0,
      242,
      0,
      "IMAGE"
    ],
    [
      907,
      242,
      0,
      243,
      0,
      "IMAGE"
    ],
    [
      908,
      229,
      0,
      240,
      0,
      "IMAGE"
    ],
    [
      909,
      229,
      1,
      240,
      1,
      "MASK"
    ],
    [
      910,
      229,
      1,
      242,
      1,
      "MASK"
    ],
    [
      937,
      242,
      0,
      269,
      0,
      "*"
    ],
    [
      939,
      266,
      0,
      270,
      0,
      "*"
    ],
    [
      940,
      270,
      0,
      229,
      0,
      "IMAGE"
    ],
    [
      941,
      271,
      0,
      272,
      0,
      "CPipeAny"
    ],
    [
      942,
      224,
      0,
      271,
      1,
      "*"
    ],
    [
      943,
      224,
      1,
      271,
      2,
      "*"
    ],
    [
      944,
      224,
      2,
      271,
      3,
      "*"
    ],
    [
      945,
      226,
      0,
      271,
      4,
      "*"
    ],
    [
      946,
      235,
      0,
      271,
      5,
      "*"
    ],
    [
      948,
      272,
      3,
      227,
      1,
      "VAE"
    ],
    [
      949,
      272,
      3,
      230,
      1,
      "VAE"
    ],
    [
      950,
      229,
      1,
      273,
      0,
      "*"
    ],
    [
      954,
      273,
      0,
      276,
      0,
      "*"
    ],
    [
      955,
      269,
      0,
      277,
      0,
      "*"
    ],
    [
      956,
      276,
      0,
      230,
      2,
      "MASK"
    ],
    [
      957,
      277,
      0,
      230,
      0,
      "IMAGE"
    ],
    [
      985,
      272,
      5,
      285,
      1,
      "CONDITIONING"
    ],
    [
      986,
      272,
      4,
      285,
      2,
      "CONDITIONING"
    ],
    [
      987,
      230,
      0,
      285,
      3,
      "LATENT"
    ],
    [
      988,
      233,
      0,
      285,
      4,
      "INT"
    ],
    [
      989,
      285,
      0,
      227,
      0,
      "LATENT"
    ],
    [
      994,
      259,
      0,
      285,
      0,
      "MODEL"
    ],
    [
      995,
      272,
      1,
      259,
      0,
      "MODEL"
    ],
    [
      999,
      289,
      0,
      288,
      0,
      "STRING"
    ],
    [
      1000,
      289,
      0,
      288,
      1,
      "STRING"
    ],
    [
      1001,
      288,
      1,
      290,
      0,
      "STRING"
    ],
    [
      1002,
      288,
      1,
      226,
      1,
      "STRING"
    ]
  ],
  "groups": [
    {
      "title": "Model & Prompt (stabledif.ru)",
      "bounding": [
        -235,
        2006,
        1151,
        616
      ],
      "color": "#88A",
      "font_size": 24,
      "locked": false
    },
    {
      "title": "Edit IMG (stabledif.ru)",
      "bounding": [
        -410,
        1306,
        1330,
        606
      ],
      "color": "#3f789e",
      "font_size": 24,
      "locked": false
    },
    {
      "title": "Generate (stabledif.ru)",
      "bounding": [
        1102,
        1299,
        1241,
        454
      ],
      "color": "#8AA",
      "font_size": 24,
      "locked": false
    }
  ],
  "config": {},
  "extra": {
    "ds": {
      "scale": 0.3380916604057263,
      "offset": {
        "0": 1230.0264543768972,
        "1": -654.3098681754437
      }
    }
  },
  "version": 0.4
}