{
  "last_node_id": 296,
  "last_link_id": 1019,
  "nodes": [
    {
      "id": 140,
      "type": "MaskPreview+",
      "pos": [
        -81.69030306387823,
        182.82540880287502
      ],
      "size": {
        "0": 209.73806762695312,
        "1": 246
      },
      "flags": {},
      "order": 16,
      "mode": 0,
      "inputs": [
        {
          "name": "mask",
          "type": "MASK",
          "link": 1004
        }
      ],
      "properties": {
        "Node name for S&R": "MaskPreview+"
      },
      "color": "#2a363b",
      "bgcolor": "#3f5159"
    },
    {
      "id": 135,
      "type": "PreviewImage",
      "pos": [
        -318.6252255945633,
        179.6492111288286
      ],
      "size": {
        "0": 210,
        "1": 246
      },
      "flags": {},
      "order": 13,
      "mode": 0,
      "inputs": [
        {
          "name": "images",
          "type": "IMAGE",
          "link": 1005
        }
      ],
      "properties": {
        "Node name for S&R": "PreviewImage"
      },
      "color": "#2a363b",
      "bgcolor": "#3f5159"
    },
    {
      "id": 17,
      "type": "VAEDecode",
      "pos": [
        2251.4058740408036,
        -108.28423813909771
      ],
      "size": {
        "0": 210,
        "1": 46
      },
      "flags": {},
      "order": 29,
      "mode": 0,
      "inputs": [
        {
          "name": "samples",
          "type": "LATENT",
          "link": 848
        },
        {
          "name": "vae",
          "type": "VAE",
          "link": 975
        }
      ],
      "outputs": [
        {
          "name": "IMAGE",
          "type": "IMAGE",
          "links": [
            912
          ],
          "shape": 3,
          "slot_index": 0
        }
      ],
      "properties": {
        "Node name for S&R": "VAEDecode"
      },
      "color": "#323",
      "bgcolor": "#535"
    },
    {
      "id": 244,
      "type": "SaveImage",
      "pos": [
        2251.4058740408036,
        -8.284238139097797
      ],
      "size": {
        "0": 298.5500793457031,
        "1": 325.4280700683594
      },
      "flags": {},
      "order": 30,
      "mode": 0,
      "inputs": [
        {
          "name": "images",
          "type": "IMAGE",
          "link": 912
        }
      ],
      "properties": {},
      "widgets_values": [
        "ComfyUI"
      ],
      "color": "#2a363b",
      "bgcolor": "#3f5159"
    },
    {
      "id": 173,
      "type": "INPAINT_MaskedFill",
      "pos": [
        140.98880254340193,
        -58.866011990549524
      ],
      "size": {
        "0": 315,
        "1": 102
      },
      "flags": {},
      "order": 14,
      "mode": 0,
      "inputs": [
        {
          "name": "image",
          "type": "IMAGE",
          "link": 1000,
          "slot_index": 0
        },
        {
          "name": "mask",
          "type": "MASK",
          "link": 1001
        }
      ],
      "outputs": [
        {
          "name": "IMAGE",
          "type": "IMAGE",
          "links": [
            716,
            809
          ],
          "shape": 3,
          "slot_index": 0
        }
      ],
      "properties": {
        "Node name for S&R": "INPAINT_MaskedFill"
      },
      "widgets_values": [
        "telea",
        1
      ],
      "color": "#2a363b",
      "bgcolor": "#3f5159"
    },
    {
      "id": 185,
      "type": "PreviewImage",
      "pos": [
        166.98880254340196,
        100.13398800945049
      ],
      "size": {
        "0": 210,
        "1": 246
      },
      "flags": {},
      "order": 18,
      "mode": 0,
      "inputs": [
        {
          "name": "images",
          "type": "IMAGE",
          "link": 716
        }
      ],
      "properties": {
        "Node name for S&R": "PreviewImage"
      },
      "color": "#2a363b",
      "bgcolor": "#3f5159"
    },
    {
      "id": 187,
      "type": "PreviewImage",
      "pos": [
        524.988802543402,
        101.13398800945048
      ],
      "size": {
        "0": 210,
        "1": 246
      },
      "flags": {},
      "order": 22,
      "mode": 0,
      "inputs": [
        {
          "name": "images",
          "type": "IMAGE",
          "link": 719
        }
      ],
      "properties": {
        "Node name for S&R": "PreviewImage"
      },
      "color": "#2a363b",
      "bgcolor": "#3f5159"
    },
    {
      "id": 186,
      "type": "INPAINT_MaskedBlur",
      "pos": [
        504.988802543402,
        -56.866011990549524
      ],
      "size": {
        "0": 315,
        "1": 102
      },
      "flags": {},
      "order": 19,
      "mode": 0,
      "inputs": [
        {
          "name": "image",
          "type": "IMAGE",
          "link": 809
        },
        {
          "name": "mask",
          "type": "MASK",
          "link": 1002
        }
      ],
      "outputs": [
        {
          "name": "IMAGE",
          "type": "IMAGE",
          "links": [
            719,
            961
          ],
          "shape": 3,
          "slot_index": 0
        }
      ],
      "properties": {
        "Node name for S&R": "INPAINT_MaskedBlur"
      },
      "widgets_values": [
        150,
        0
      ],
      "color": "#2a363b",
      "bgcolor": "#3f5159"
    },
    {
      "id": 170,
      "type": "INPAINT_LoadFooocusInpaint",
      "pos": [
        1151.4058740408018,
        -108.28423813909771
      ],
      "size": {
        "0": 315,
        "1": 82
      },
      "flags": {},
      "order": 0,
      "mode": 0,
      "outputs": [
        {
          "name": "INPAINT_PATCH",
          "type": "INPAINT_PATCH",
          "links": [
            590
          ],
          "shape": 3,
          "slot_index": 0
        }
      ],
      "properties": {
        "Node name for S&R": "INPAINT_LoadFooocusInpaint"
      },
      "widgets_values": [
        "fooocus_inpaint_head.pth",
        "inpaint_v26.fooocus.patch"
      ],
      "color": "#223",
      "bgcolor": "#335"
    },
    {
      "id": 280,
      "type": "Reroute",
      "pos": [
        1025.4058740408018,
        -88.28423813909772
      ],
      "size": [
        75,
        26
      ],
      "flags": {},
      "order": 20,
      "mode": 0,
      "inputs": [
        {
          "name": "",
          "type": "*",
          "link": 958
        }
      ],
      "outputs": [
        {
          "name": "MASK",
          "type": "MASK",
          "links": [
            963
          ],
          "slot_index": 0
        }
      ],
      "properties": {
        "showOutputText": true,
        "horizontal": false
      }
    },
    {
      "id": 281,
      "type": "Reroute",
      "pos": [
        1021.4058740408018,
        -138.28423813909774
      ],
      "size": [
        82,
        26
      ],
      "flags": {},
      "order": 24,
      "mode": 0,
      "inputs": [
        {
          "name": "",
          "type": "*",
          "link": 959
        }
      ],
      "outputs": [
        {
          "name": "IMAGE",
          "type": "IMAGE",
          "links": [
            964
          ],
          "slot_index": 0
        }
      ],
      "properties": {
        "showOutputText": true,
        "horizontal": false
      },
      "color": "#2a363b",
      "bgcolor": "#3f5159"
    },
    {
      "id": 169,
      "type": "INPAINT_ApplyFooocusInpaint",
      "pos": [
        1490.4058740408018,
        -26.28423813909777
      ],
      "size": {
        "0": 210,
        "1": 66
      },
      "flags": {},
      "order": 26,
      "mode": 0,
      "inputs": [
        {
          "name": "model",
          "type": "MODEL",
          "link": 971
        },
        {
          "name": "patch",
          "type": "INPAINT_PATCH",
          "link": 590
        },
        {
          "name": "latent",
          "type": "LATENT",
          "link": 816
        }
      ],
      "outputs": [
        {
          "name": "MODEL",
          "type": "MODEL",
          "links": [
            741
          ],
          "shape": 3,
          "slot_index": 0
        }
      ],
      "properties": {
        "Node name for S&R": "INPAINT_ApplyFooocusInpaint"
      },
      "color": "#223",
      "bgcolor": "#335"
    },
    {
      "id": 4,
      "type": "LoadImage",
      "pos": [
        -903,
        -152
      ],
      "size": {
        "0": 455.1597595214844,
        "1": 599.9341430664062
      },
      "flags": {},
      "order": 1,
      "mode": 0,
      "outputs": [
        {
          "name": "IMAGE",
          "type": "IMAGE",
          "links": [
            935
          ],
          "shape": 3,
          "slot_index": 0
        },
        {
          "name": "MASK",
          "type": "MASK",
          "links": [],
          "shape": 3,
          "slot_index": 1
        }
      ],
      "properties": {
        "Node name for S&R": "LoadImage"
      },
      "widgets_values": [
        "00060-4142736658 (2).jpg",
        "image"
      ],
      "color": "#2a363b",
      "bgcolor": "#3f5159"
    },
    {
      "id": 279,
      "type": "Reroute",
      "pos": [
        837,
        -109
      ],
      "size": [
        75,
        26
      ],
      "flags": {},
      "order": 15,
      "mode": 0,
      "inputs": [
        {
          "name": "",
          "type": "*",
          "link": 1003
        }
      ],
      "outputs": [
        {
          "name": "MASK",
          "type": "MASK",
          "links": [
            958
          ]
        }
      ],
      "properties": {
        "showOutputText": true,
        "horizontal": false
      }
    },
    {
      "id": 278,
      "type": "Reroute",
      "pos": [
        835,
        -152
      ],
      "size": [
        82,
        26
      ],
      "flags": {},
      "order": 23,
      "mode": 0,
      "inputs": [
        {
          "name": "",
          "type": "*",
          "link": 961
        }
      ],
      "outputs": [
        {
          "name": "IMAGE",
          "type": "IMAGE",
          "links": [
            959
          ]
        }
      ],
      "properties": {
        "showOutputText": true,
        "horizontal": false
      },
      "color": "#2a363b",
      "bgcolor": "#3f5159"
    },
    {
      "id": 61,
      "type": "DifferentialDiffusion",
      "pos": [
        1721.4058740408018,
        -108.28423813909771
      ],
      "size": {
        "0": 184.8000030517578,
        "1": 26
      },
      "flags": {},
      "order": 27,
      "mode": 0,
      "inputs": [
        {
          "name": "model",
          "type": "MODEL",
          "link": 741,
          "slot_index": 0
        }
      ],
      "outputs": [
        {
          "name": "MODEL",
          "type": "MODEL",
          "links": [
            761
          ],
          "shape": 3,
          "slot_index": 0
        }
      ],
      "properties": {
        "Node name for S&R": "DifferentialDiffusion"
      },
      "color": "#323",
      "bgcolor": "#535"
    },
    {
      "id": 175,
      "type": "INPAINT_VAEEncodeInpaintConditioning",
      "pos": [
        1165.4058740408018,
        26.715761860902223
      ],
      "size": {
        "0": 292.20001220703125,
        "1": 106
      },
      "flags": {},
      "order": 25,
      "mode": 0,
      "inputs": [
        {
          "name": "positive",
          "type": "CONDITIONING",
          "link": 972
        },
        {
          "name": "negative",
          "type": "CONDITIONING",
          "link": 973
        },
        {
          "name": "vae",
          "type": "VAE",
          "link": 974
        },
        {
          "name": "pixels",
          "type": "IMAGE",
          "link": 964
        },
        {
          "name": "mask",
          "type": "MASK",
          "link": 963
        }
      ],
      "outputs": [
        {
          "name": "positive",
          "type": "CONDITIONING",
          "links": [
            672
          ],
          "shape": 3,
          "slot_index": 0
        },
        {
          "name": "negative",
          "type": "CONDITIONING",
          "links": [
            673
          ],
          "shape": 3,
          "slot_index": 1
        },
        {
          "name": "latent_inpaint",
          "type": "LATENT",
          "links": [
            816
          ],
          "shape": 3,
          "slot_index": 2
        },
        {
          "name": "latent_samples",
          "type": "LATENT",
          "links": [
            861
          ],
          "shape": 3,
          "slot_index": 3
        }
      ],
      "properties": {
        "Node name for S&R": "INPAINT_VAEEncodeInpaintConditioning"
      },
      "color": "#223",
      "bgcolor": "#335"
    },
    {
      "id": 265,
      "type": "Seed (rgthree)",
      "pos": {
        "0": 1611.406005859375,
        "1": 161.71580505371094,
        "2": 0,
        "3": 0,
        "4": 0,
        "5": 0,
        "6": 0,
        "7": 0,
        "8": 0,
        "9": 0
      },
      "size": {
        "0": 244.8321533203125,
        "1": 130
      },
      "flags": {},
      "order": 2,
      "mode": 0,
      "inputs": [],
      "outputs": [
        {
          "name": "SEED",
          "type": "INT",
          "links": [
            930
          ],
          "shape": 3,
          "dir": 4,
          "slot_index": 0
        }
      ],
      "properties": {},
      "widgets_values": [
        325060378243492,
        null,
        null,
        null
      ],
      "color": "#332922",
      "bgcolor": "#593930"
    },
    {
      "id": 275,
      "type": "Pipe from any [Crystools]",
      "pos": [
        1021.4058740408018,
        201.71576186090215
      ],
      "size": {
        "0": 216.59999084472656,
        "1": 146
      },
      "flags": {},
      "order": 21,
      "mode": 0,
      "inputs": [
        {
          "name": "CPipeAny",
          "type": "CPipeAny",
          "link": 1019
        }
      ],
      "outputs": [
        {
          "name": "CPipeAny",
          "type": "CPipeAny",
          "links": null,
          "shape": 3
        },
        {
          "name": "any_1",
          "type": "*",
          "links": [
            971
          ],
          "shape": 3,
          "label": "MODEL",
          "slot_index": 1
        },
        {
          "name": "any_2",
          "type": "*",
          "links": [],
          "shape": 3,
          "label": "CLIP",
          "slot_index": 2
        },
        {
          "name": "any_3",
          "type": "*",
          "links": [
            974,
            975
          ],
          "shape": 3,
          "label": "VAE",
          "slot_index": 3
        },
        {
          "name": "any_4",
          "type": "*",
          "links": [
            973
          ],
          "shape": 3,
          "label": "NAG",
          "slot_index": 4
        },
        {
          "name": "any_5",
          "type": "*",
          "links": [
            972
          ],
          "shape": 3,
          "label": "PROMPT",
          "slot_index": 5
        },
        {
          "name": "any_6",
          "type": "*",
          "links": null,
          "shape": 3
        }
      ],
      "properties": {
        "Node name for S&R": "Pipe from any [Crystools]"
      },
      "color": "#432",
      "bgcolor": "#653"
    },
    {
      "id": 16,
      "type": "KSampler",
      "pos": [
        1895,
        7
      ],
      "size": {
        "0": 315,
        "1": 262
      },
      "flags": {},
      "order": 28,
      "mode": 0,
      "inputs": [
        {
          "name": "model",
          "type": "MODEL",
          "link": 761
        },
        {
          "name": "positive",
          "type": "CONDITIONING",
          "link": 672
        },
        {
          "name": "negative",
          "type": "CONDITIONING",
          "link": 673,
          "slot_index": 2
        },
        {
          "name": "latent_image",
          "type": "LATENT",
          "link": 861
        },
        {
          "name": "seed",
          "type": "INT",
          "link": 930,
          "widget": {
            "name": "seed"
          }
        }
      ],
      "outputs": [
        {
          "name": "LATENT",
          "type": "LATENT",
          "links": [
            848
          ],
          "shape": 3,
          "slot_index": 0
        }
      ],
      "properties": {
        "Node name for S&R": "KSampler"
      },
      "widgets_values": [
        612590743704326,
        "fixed",
        20,
        2,
        "dpmpp_sde",
        "sgm_uniform",
        1
      ],
      "color": "#223",
      "bgcolor": "#335"
    },
    {
      "id": 268,
      "type": "Reroute",
      "pos": [
        -365.011197456598,
        -146.86601199054957
      ],
      "size": [
        82,
        26
      ],
      "flags": {},
      "order": 6,
      "mode": 0,
      "inputs": [
        {
          "name": "",
          "type": "*",
          "link": 935
        }
      ],
      "outputs": [
        {
          "name": "IMAGE",
          "type": "IMAGE",
          "links": [
            999
          ],
          "slot_index": 0
        }
      ],
      "properties": {
        "showOutputText": true,
        "horizontal": false
      },
      "color": "#2a363b",
      "bgcolor": "#3f5159"
    },
    {
      "id": 287,
      "type": "ImagePadForOutpaint",
      "pos": [
        -248,
        -71
      ],
      "size": {
        "0": 315,
        "1": 174
      },
      "flags": {},
      "order": 10,
      "mode": 0,
      "inputs": [
        {
          "name": "image",
          "type": "IMAGE",
          "link": 999,
          "slot_index": 0
        }
      ],
      "outputs": [
        {
          "name": "IMAGE",
          "type": "IMAGE",
          "links": [
            1000,
            1005
          ],
          "shape": 3,
          "slot_index": 0
        },
        {
          "name": "MASK",
          "type": "MASK",
          "links": [
            1001,
            1002,
            1003,
            1004
          ],
          "shape": 3,
          "slot_index": 1
        }
      ],
      "properties": {
        "Node name for S&R": "ImagePadForOutpaint"
      },
      "widgets_values": [
        0,
        0,
        0,
        400,
        400
      ],
      "color": "#2a363b",
      "bgcolor": "#3f5159"
    },
    {
      "id": 289,
      "type": "CLIPTextEncode",
      "pos": [
        340,
        980
      ],
      "size": {
        "0": 229.33609008789062,
        "1": 54
      },
      "flags": {},
      "order": 11,
      "mode": 0,
      "inputs": [
        {
          "name": "clip",
          "type": "CLIP",
          "link": 1006
        },
        {
          "name": "text",
          "type": "STRING",
          "link": 1007,
          "widget": {
            "name": "text"
          }
        }
      ],
      "outputs": [
        {
          "name": "CONDITIONING",
          "type": "CONDITIONING",
          "links": [
            1014
          ],
          "slot_index": 0
        }
      ],
      "properties": {
        "Node name for S&R": "CLIPTextEncode"
      },
      "widgets_values": [
        "(deformed, distorted, disfigured:1.3), stacked torsos, totem pole, poorly drawn, bad anatomy, wrong anatomy, extra limb, missing limb, floating limbs, (mutated hands and fingers:1.4), disconnected limbs, mutation, mutated, ugly, disgusting, blurry, amputation"
      ],
      "color": "#322",
      "bgcolor": "#533"
    },
    {
      "id": 290,
      "type": "CLIPTextEncode",
      "pos": [
        590,
        830
      ],
      "size": {
        "0": 210,
        "1": 54
      },
      "flags": {},
      "order": 9,
      "mode": 0,
      "inputs": [
        {
          "name": "clip",
          "type": "CLIP",
          "link": 1008
        },
        {
          "name": "text",
          "type": "STRING",
          "link": 1009,
          "widget": {
            "name": "text"
          }
        }
      ],
      "outputs": [
        {
          "name": "CONDITIONING",
          "type": "CONDITIONING",
          "links": [
            1015
          ],
          "slot_index": 0
        }
      ],
      "properties": {
        "Node name for S&R": "CLIPTextEncode"
      },
      "widgets_values": [
        "Red dress"
      ],
      "color": "#232",
      "bgcolor": "#353"
    },
    {
      "id": 291,
      "type": "GoogleTranslateTextNode",
      "pos": [
        80,
        690
      ],
      "size": {
        "0": 414.8719482421875,
        "1": 215.86293029785156
      },
      "flags": {},
      "order": 3,
      "mode": 0,
      "outputs": [
        {
          "name": "text",
          "type": "STRING",
          "links": [
            1009,
            1010
          ],
          "shape": 3,
          "slot_index": 0
        }
      ],
      "properties": {
        "Node name for S&R": "GoogleTranslateTextNode"
      },
      "widgets_values": [
        "auto",
        "en",
        false,
        "Manual Trasnlate",
        "ноги киборга"
      ],
      "color": "#232",
      "bgcolor": "#353"
    },
    {
      "id": 292,
      "type": "PreviewTextNode",
      "pos": [
        530,
        690
      ],
      "size": {
        "0": 274.5900573730469,
        "1": 87.24373626708984
      },
      "flags": {},
      "order": 7,
      "mode": 0,
      "inputs": [
        {
          "name": "text",
          "type": "STRING",
          "link": 1010,
          "widget": {
            "name": "text"
          }
        }
      ],
      "outputs": [
        {
          "name": "STRING",
          "type": "STRING",
          "links": null,
          "shape": 3
        }
      ],
      "properties": {
        "Node name for S&R": "PreviewTextNode"
      },
      "widgets_values": [
        "",
        "The legs of the cyborg"
      ],
      "color": "#232",
      "bgcolor": "#353"
    },
    {
      "id": 294,
      "type": "SDXLPromptStyler",
      "pos": [
        -30,
        970
      ],
      "size": {
        "0": 287.8188171386719,
        "1": 199.93040466308594
      },
      "flags": {},
      "order": 8,
      "mode": 0,
      "inputs": [
        {
          "name": "text_negative",
          "type": "STRING",
          "link": 1016,
          "widget": {
            "name": "text_negative"
          }
        },
        {
          "name": "text_positive",
          "type": "STRING",
          "link": 1017,
          "widget": {
            "name": "text_positive"
          }
        }
      ],
      "outputs": [
        {
          "name": "text_positive",
          "type": "STRING",
          "links": null,
          "shape": 3
        },
        {
          "name": "text_negative",
          "type": "STRING",
          "links": [
            1007,
            1018
          ],
          "shape": 3,
          "slot_index": 1
        }
      ],
      "properties": {
        "Node name for S&R": "SDXLPromptStyler"
      },
      "widgets_values": [
        "",
        "",
        "-Negative Xr",
        true,
        false,
        true
      ],
      "color": "#322",
      "bgcolor": "#533"
    },
    {
      "id": 295,
      "type": "PrimitiveNode",
      "pos": [
        -310,
        970
      ],
      "size": {
        "0": 241.13613891601562,
        "1": 116.97196960449219
      },
      "flags": {},
      "order": 4,
      "mode": 0,
      "outputs": [
        {
          "name": "STRING",
          "type": "STRING",
          "links": [
            1016,
            1017
          ],
          "slot_index": 0,
          "widget": {
            "name": "text_negative"
          }
        }
      ],
      "properties": {
        "Run widget replace on values": false
      },
      "widgets_values": [
        ""
      ],
      "color": "#322",
      "bgcolor": "#533"
    },
    {
      "id": 296,
      "type": "PreviewTextNode",
      "pos": [
        290,
        1090
      ],
      "size": {
        "0": 312.5489501953125,
        "1": 121.34677124023438
      },
      "flags": {},
      "order": 12,
      "mode": 0,
      "inputs": [
        {
          "name": "text",
          "type": "STRING",
          "link": 1018,
          "widget": {
            "name": "text"
          },
          "slot_index": 0
        }
      ],
      "outputs": [
        {
          "name": "STRING",
          "type": "STRING",
          "links": null,
          "shape": 3
        }
      ],
      "properties": {
        "Node name for S&R": "PreviewTextNode"
      },
      "widgets_values": [
        "",
        "(deformed, distorted, disfigured:1.3), stacked torsos, totem pole, poorly drawn, bad anatomy, wrong anatomy, extra limb, missing limb, floating limbs, (mutated hands and fingers:1.4), disconnected limbs, mutation, mutated, ugly, disgusting, blurry, amputation"
      ],
      "color": "#322",
      "bgcolor": "#533"
    },
    {
      "id": 293,
      "type": "Pipe to/edit any [Crystools]",
      "pos": [
        630,
        980
      ],
      "size": {
        "0": 216.59999084472656,
        "1": 146
      },
      "flags": {},
      "order": 17,
      "mode": 0,
      "inputs": [
        {
          "name": "CPipeAny",
          "type": "CPipeAny",
          "link": null
        },
        {
          "name": "any_1",
          "type": "*",
          "link": 1011,
          "label": "MODEL"
        },
        {
          "name": "any_2",
          "type": "*",
          "link": 1012,
          "label": "CLIP"
        },
        {
          "name": "any_3",
          "type": "*",
          "link": 1013,
          "label": "VAE"
        },
        {
          "name": "any_4",
          "type": "*",
          "link": 1014,
          "label": "NEG"
        },
        {
          "name": "any_5",
          "type": "*",
          "link": 1015,
          "label": "PROMPT"
        },
        {
          "name": "any_6",
          "type": "*",
          "link": null
        }
      ],
      "outputs": [
        {
          "name": "CPipeAny",
          "type": "CPipeAny",
          "links": [
            1019
          ],
          "shape": 3,
          "slot_index": 0
        }
      ],
      "properties": {
        "Node name for S&R": "Pipe to/edit any [Crystools]"
      },
      "color": "#432",
      "bgcolor": "#653"
    },
    {
      "id": 288,
      "type": "CheckpointLoaderSimple",
      "pos": [
        -320,
        690
      ],
      "size": {
        "0": 315,
        "1": 98
      },
      "flags": {
        "pinned": false
      },
      "order": 5,
      "mode": 0,
      "outputs": [
        {
          "name": "MODEL",
          "type": "MODEL",
          "links": [
            1011
          ],
          "slot_index": 0
        },
        {
          "name": "CLIP",
          "type": "CLIP",
          "links": [
            1006,
            1008,
            1012
          ],
          "slot_index": 1
        },
        {
          "name": "VAE",
          "type": "VAE",
          "links": [
            1013
          ],
          "slot_index": 2
        }
      ],
      "properties": {
        "Node name for S&R": "CheckpointLoaderSimple"
      },
      "widgets_values": [
        "SDXL\\realvisxlV40_v40Bakedvae.safetensors"
      ],
      "color": "#223",
      "bgcolor": "#335"
    }
  ],
  "links": [
    [
      590,
      170,
      0,
      169,
      1,
      "INPAINT_PATCH"
    ],
    [
      672,
      175,
      0,
      16,
      1,
      "CONDITIONING"
    ],
    [
      673,
      175,
      1,
      16,
      2,
      "CONDITIONING"
    ],
    [
      716,
      173,
      0,
      185,
      0,
      "IMAGE"
    ],
    [
      719,
      186,
      0,
      187,
      0,
      "IMAGE"
    ],
    [
      741,
      169,
      0,
      61,
      0,
      "MODEL"
    ],
    [
      761,
      61,
      0,
      16,
      0,
      "MODEL"
    ],
    [
      809,
      173,
      0,
      186,
      0,
      "IMAGE"
    ],
    [
      816,
      175,
      2,
      169,
      2,
      "LATENT"
    ],
    [
      848,
      16,
      0,
      17,
      0,
      "LATENT"
    ],
    [
      861,
      175,
      3,
      16,
      3,
      "LATENT"
    ],
    [
      912,
      17,
      0,
      244,
      0,
      "IMAGE"
    ],
    [
      930,
      265,
      0,
      16,
      4,
      "INT"
    ],
    [
      935,
      4,
      0,
      268,
      0,
      "*"
    ],
    [
      958,
      279,
      0,
      280,
      0,
      "*"
    ],
    [
      959,
      278,
      0,
      281,
      0,
      "*"
    ],
    [
      961,
      186,
      0,
      278,
      0,
      "*"
    ],
    [
      963,
      280,
      0,
      175,
      4,
      "MASK"
    ],
    [
      964,
      281,
      0,
      175,
      3,
      "IMAGE"
    ],
    [
      971,
      275,
      1,
      169,
      0,
      "MODEL"
    ],
    [
      972,
      275,
      5,
      175,
      0,
      "CONDITIONING"
    ],
    [
      973,
      275,
      4,
      175,
      1,
      "CONDITIONING"
    ],
    [
      974,
      275,
      3,
      175,
      2,
      "VAE"
    ],
    [
      975,
      275,
      3,
      17,
      1,
      "VAE"
    ],
    [
      999,
      268,
      0,
      287,
      0,
      "IMAGE"
    ],
    [
      1000,
      287,
      0,
      173,
      0,
      "IMAGE"
    ],
    [
      1001,
      287,
      1,
      173,
      1,
      "MASK"
    ],
    [
      1002,
      287,
      1,
      186,
      1,
      "MASK"
    ],
    [
      1003,
      287,
      1,
      279,
      0,
      "*"
    ],
    [
      1004,
      287,
      1,
      140,
      0,
      "MASK"
    ],
    [
      1005,
      287,
      0,
      135,
      0,
      "IMAGE"
    ],
    [
      1006,
      288,
      1,
      289,
      0,
      "CLIP"
    ],
    [
      1007,
      294,
      1,
      289,
      1,
      "STRING"
    ],
    [
      1008,
      288,
      1,
      290,
      0,
      "CLIP"
    ],
    [
      1009,
      291,
      0,
      290,
      1,
      "STRING"
    ],
    [
      1010,
      291,
      0,
      292,
      0,
      "STRING"
    ],
    [
      1011,
      288,
      0,
      293,
      1,
      "*"
    ],
    [
      1012,
      288,
      1,
      293,
      2,
      "*"
    ],
    [
      1013,
      288,
      2,
      293,
      3,
      "*"
    ],
    [
      1014,
      289,
      0,
      293,
      4,
      "*"
    ],
    [
      1015,
      290,
      0,
      293,
      5,
      "*"
    ],
    [
      1016,
      295,
      0,
      294,
      0,
      "STRING"
    ],
    [
      1017,
      295,
      0,
      294,
      1,
      "STRING"
    ],
    [
      1018,
      294,
      1,
      296,
      0,
      "STRING"
    ],
    [
      1019,
      293,
      0,
      275,
      0,
      "CPipeAny"
    ]
  ],
  "groups": [
    {
      "title": "Generate (stabledif.ru)",
      "bounding": [
        1055,
        -210,
        1514,
        568
      ],
      "color": "#8AA",
      "font_size": 24,
      "locked": false
    },
    {
      "title": "Model & Prompt (stabledif.ru)",
      "bounding": [
        -367,
        600,
        1186,
        628
      ],
      "color": "#88A",
      "font_size": 24,
      "locked": false
    },
    {
      "title": "Edit IMG (stabledif.ru)",
      "bounding": [
        -337,
        -194,
        1206,
        705
      ],
      "color": "#3f789e",
      "font_size": 24,
      "locked": false
    }
  ],
  "config": {},
  "extra": {
    "ds": {
      "scale": 0.3380916604057118,
      "offset": {
        "0": 556.093006270778,
        "1": 702.9123083436231
      }
    }
  },
  "version": 0.4
}