{
  "last_node_id": 173,
  "last_link_id": 255,
  "nodes": [
    {
      "id": 16,
      "type": "PreviewImage",
      "pos": [
        1190.5653630473587,
        1067.7589614360331
      ],
      "size": {
        "0": 300.8820495605469,
        "1": 246
      },
      "flags": {},
      "order": 36,
      "mode": 0,
      "inputs": [
        {
          "name": "images",
          "type": "IMAGE",
          "link": 14
        }
      ],
      "properties": {
        "Node name for S&R": "PreviewImage"
      }
    },
    {
      "id": 23,
      "type": "PreviewImage",
      "pos": [
        1975.266792290583,
        745.2580777486307
      ],
      "size": {
        "0": 300.8820495605469,
        "1": 246
      },
      "flags": {},
      "order": 38,
      "mode": 0,
      "inputs": [
        {
          "name": "images",
          "type": "IMAGE",
          "link": 20
        }
      ],
      "properties": {
        "Node name for S&R": "PreviewImage"
      }
    },
    {
      "id": 20,
      "type": "PreviewImage",
      "pos": [
        1190.5653630473587,
        1397.7589614360336
      ],
      "size": {
        "0": 300.8820495605469,
        "1": 246
      },
      "flags": {},
      "order": 37,
      "mode": 0,
      "inputs": [
        {
          "name": "images",
          "type": "IMAGE",
          "link": 15
        }
      ],
      "properties": {
        "Node name for S&R": "PreviewImage"
      }
    },
    {
      "id": 31,
      "type": "PreviewImage",
      "pos": [
        -390,
        800
      ],
      "size": {
        "0": 300.8820495605469,
        "1": 246
      },
      "flags": {},
      "order": 59,
      "mode": 0,
      "inputs": [
        {
          "name": "images",
          "type": "IMAGE",
          "link": 190
        }
      ],
      "properties": {
        "Node name for S&R": "PreviewImage"
      }
    },
    {
      "id": 34,
      "type": "PreviewImage",
      "pos": [
        -390,
        1140
      ],
      "size": {
        "0": 300.8820495605469,
        "1": 246
      },
      "flags": {},
      "order": 40,
      "mode": 0,
      "inputs": [
        {
          "name": "images",
          "type": "IMAGE",
          "link": 29
        }
      ],
      "properties": {
        "Node name for S&R": "PreviewImage"
      }
    },
    {
      "id": 26,
      "type": "PreviewImage",
      "pos": [
        -390,
        440
      ],
      "size": {
        "0": 300.8820495605469,
        "1": 246
      },
      "flags": {},
      "order": 39,
      "mode": 0,
      "inputs": [
        {
          "name": "images",
          "type": "IMAGE",
          "link": 25
        }
      ],
      "properties": {
        "Node name for S&R": "PreviewImage"
      }
    },
    {
      "id": 36,
      "type": "PreviewImage",
      "pos": [
        1986.9493006905407,
        1933.0730364450467
      ],
      "size": {
        "0": 300.8820495605469,
        "1": 246
      },
      "flags": {},
      "order": 41,
      "mode": 0,
      "inputs": [
        {
          "name": "images",
          "type": "IMAGE",
          "link": 31
        }
      ],
      "properties": {
        "Node name for S&R": "PreviewImage"
      }
    },
    {
      "id": 38,
      "type": "PreviewImage",
      "pos": [
        1986.9493006905407,
        2283.0730364450465
      ],
      "size": {
        "0": 300.8820495605469,
        "1": 246
      },
      "flags": {},
      "order": 42,
      "mode": 0,
      "inputs": [
        {
          "name": "images",
          "type": "IMAGE",
          "link": 34
        }
      ],
      "properties": {
        "Node name for S&R": "PreviewImage"
      }
    },
    {
      "id": 40,
      "type": "PreviewImage",
      "pos": [
        1190.5653630473587,
        757.7589614360334
      ],
      "size": {
        "0": 300.8820495605469,
        "1": 246
      },
      "flags": {},
      "order": 43,
      "mode": 0,
      "inputs": [
        {
          "name": "images",
          "type": "IMAGE",
          "link": 36
        }
      ],
      "properties": {
        "Node name for S&R": "PreviewImage"
      }
    },
    {
      "id": 43,
      "type": "PreviewImage",
      "pos": [
        1986.9493006905407,
        2613.073036445046
      ],
      "size": {
        "0": 300.8820495605469,
        "1": 246
      },
      "flags": {},
      "order": 46,
      "mode": 0,
      "inputs": [
        {
          "name": "images",
          "type": "IMAGE",
          "link": 37
        }
      ],
      "properties": {
        "Node name for S&R": "PreviewImage"
      }
    },
    {
      "id": 47,
      "type": "PreviewImage",
      "pos": [
        1957.4662835015201,
        1180.2445407782823
      ],
      "size": {
        "0": 300.8820495605469,
        "1": 246
      },
      "flags": {},
      "order": 47,
      "mode": 0,
      "inputs": [
        {
          "name": "images",
          "type": "IMAGE",
          "link": 39
        }
      ],
      "properties": {
        "Node name for S&R": "PreviewImage"
      }
    },
    {
      "id": 50,
      "type": "PreviewImage",
      "pos": [
        1957.4662835015201,
        1490.2445407782823
      ],
      "size": {
        "0": 300.8820495605469,
        "1": 246
      },
      "flags": {},
      "order": 48,
      "mode": 0,
      "inputs": [
        {
          "name": "images",
          "type": "IMAGE",
          "link": 42
        }
      ],
      "properties": {
        "Node name for S&R": "PreviewImage"
      }
    },
    {
      "id": 51,
      "type": "PreviewImage",
      "pos": [
        2801.028733073426,
        533.517467220667
      ],
      "size": {
        "0": 300.8820495605469,
        "1": 246
      },
      "flags": {},
      "order": 49,
      "mode": 0,
      "inputs": [
        {
          "name": "images",
          "type": "IMAGE",
          "link": 45
        }
      ],
      "properties": {
        "Node name for S&R": "PreviewImage"
      }
    },
    {
      "id": 53,
      "type": "PreviewImage",
      "pos": [
        2801.028733073426,
        863.5174672206671
      ],
      "size": {
        "0": 300.8820495605469,
        "1": 246
      },
      "flags": {},
      "order": 50,
      "mode": 0,
      "inputs": [
        {
          "name": "images",
          "type": "IMAGE",
          "link": 46
        }
      ],
      "properties": {
        "Node name for S&R": "PreviewImage"
      }
    },
    {
      "id": 55,
      "type": "PreviewImage",
      "pos": [
        2799.0287330734254,
        1203.5174672206658
      ],
      "size": {
        "0": 300.8820495605469,
        "1": 246
      },
      "flags": {},
      "order": 51,
      "mode": 0,
      "inputs": [
        {
          "name": "images",
          "type": "IMAGE",
          "link": 48
        }
      ],
      "properties": {
        "Node name for S&R": "PreviewImage"
      }
    },
    {
      "id": 59,
      "type": "PreviewImage",
      "pos": [
        3705.0870086823056,
        536.4722930786626
      ],
      "size": {
        "0": 300.8820495605469,
        "1": 246
      },
      "flags": {},
      "order": 52,
      "mode": 0,
      "inputs": [
        {
          "name": "images",
          "type": "IMAGE",
          "link": 53
        }
      ],
      "properties": {
        "Node name for S&R": "PreviewImage"
      }
    },
    {
      "id": 62,
      "type": "PreviewImage",
      "pos": [
        3704.0870086823056,
        847.4722930786634
      ],
      "size": {
        "0": 300.8820495605469,
        "1": 246
      },
      "flags": {},
      "order": 53,
      "mode": 0,
      "inputs": [
        {
          "name": "images",
          "type": "IMAGE",
          "link": 56
        }
      ],
      "properties": {
        "Node name for S&R": "PreviewImage"
      }
    },
    {
      "id": 70,
      "type": "PreviewImage",
      "pos": [
        3704.0870086823056,
        1577.4722930786625
      ],
      "size": {
        "0": 300.8820495605469,
        "1": 246
      },
      "flags": {},
      "order": 34,
      "mode": 0,
      "inputs": [
        {
          "name": "images",
          "type": "IMAGE",
          "link": 66
        }
      ],
      "properties": {
        "Node name for S&R": "PreviewImage"
      }
    },
    {
      "id": 68,
      "type": "LoadImage",
      "pos": [
        3324.087008682305,
        1757.4722930786627
      ],
      "size": {
        "0": 299.0931701660156,
        "1": 135.787353515625
      },
      "flags": {},
      "order": 0,
      "mode": 0,
      "outputs": [
        {
          "name": "IMAGE",
          "type": "IMAGE",
          "links": [
            64
          ],
          "shape": 3,
          "slot_index": 0
        },
        {
          "name": "MASK",
          "type": "MASK",
          "links": null,
          "shape": 3
        }
      ],
      "properties": {
        "Node name for S&R": "LoadImage"
      },
      "widgets_values": [
        "ComfyUI_temp_imnab_00001_ (1).png",
        "image"
      ]
    },
    {
      "id": 74,
      "type": "PreviewImage",
      "pos": [
        3694.0870086823056,
        1187.4722930786625
      ],
      "size": {
        "0": 300.8820495605469,
        "1": 246
      },
      "flags": {},
      "order": 54,
      "mode": 0,
      "inputs": [
        {
          "name": "images",
          "type": "IMAGE",
          "link": 67
        }
      ],
      "properties": {
        "Node name for S&R": "PreviewImage"
      }
    },
    {
      "id": 78,
      "type": "PreviewImage",
      "pos": [
        4535.95714569205,
        852.8931387885527
      ],
      "size": {
        "0": 300.8820495605469,
        "1": 246
      },
      "flags": {},
      "order": 57,
      "mode": 0,
      "inputs": [
        {
          "name": "images",
          "type": "IMAGE",
          "link": 71
        }
      ],
      "properties": {
        "Node name for S&R": "PreviewImage"
      }
    },
    {
      "id": 77,
      "type": "TTPlanet_TileGF_Preprocessor",
      "pos": [
        4154.957145692051,
        849.8931387885527
      ],
      "size": {
        "0": 302.2178955078125,
        "1": 130
      },
      "flags": {},
      "order": 26,
      "mode": 0,
      "inputs": [
        {
          "name": "image",
          "type": "IMAGE",
          "link": 72
        }
      ],
      "outputs": [
        {
          "name": "IMAGE",
          "type": "IMAGE",
          "links": [
            71
          ],
          "shape": 3,
          "slot_index": 0
        }
      ],
      "properties": {
        "Node name for S&R": "TTPlanet_TileGF_Preprocessor"
      },
      "widgets_values": [
        1,
        2,
        7,
        0.01
      ]
    },
    {
      "id": 80,
      "type": "PreviewImage",
      "pos": [
        4532.95714569205,
        1198.8931387885543
      ],
      "size": {
        "0": 300.8820495605469,
        "1": 246
      },
      "flags": {},
      "order": 58,
      "mode": 0,
      "inputs": [
        {
          "name": "images",
          "type": "IMAGE",
          "link": 73
        }
      ],
      "properties": {
        "Node name for S&R": "PreviewImage"
      }
    },
    {
      "id": 79,
      "type": "TTPlanet_TileSimple_Preprocessor",
      "pos": [
        4154.957145692051,
        1199.8931387885543
      ],
      "size": {
        "0": 315,
        "1": 82
      },
      "flags": {},
      "order": 27,
      "mode": 0,
      "inputs": [
        {
          "name": "image",
          "type": "IMAGE",
          "link": 74
        }
      ],
      "outputs": [
        {
          "name": "IMAGE",
          "type": "IMAGE",
          "links": [
            73
          ],
          "shape": 3,
          "slot_index": 0
        }
      ],
      "properties": {
        "Node name for S&R": "TTPlanet_TileSimple_Preprocessor"
      },
      "widgets_values": [
        1,
        2
      ]
    },
    {
      "id": 83,
      "type": "ControlNetApplyAdvanced",
      "pos": [
        1231.8363097201022,
        -33.284246674060306
      ],
      "size": {
        "0": 407.42852783203125,
        "1": 166
      },
      "flags": {},
      "order": 65,
      "mode": 0,
      "inputs": [
        {
          "name": "positive",
          "type": "CONDITIONING",
          "link": 101
        },
        {
          "name": "negative",
          "type": "CONDITIONING",
          "link": 102
        },
        {
          "name": "control_net",
          "type": "CONTROL_NET",
          "link": 78,
          "slot_index": 2
        },
        {
          "name": "image",
          "type": "IMAGE",
          "link": 168
        }
      ],
      "outputs": [
        {
          "name": "positive",
          "type": "CONDITIONING",
          "links": [
            104
          ],
          "shape": 3,
          "slot_index": 0
        },
        {
          "name": "negative",
          "type": "CONDITIONING",
          "links": [
            105
          ],
          "shape": 3,
          "slot_index": 1
        }
      ],
      "properties": {
        "Node name for S&R": "ControlNetApplyAdvanced"
      },
      "widgets_values": [
        1,
        0,
        1
      ]
    },
    {
      "id": 105,
      "type": "Seed (rgthree)",
      "pos": {
        "0": 1512.8360595703125,
        "1": 172.7157745361328,
        "2": 0,
        "3": 0,
        "4": 0,
        "5": 0,
        "6": 0,
        "7": 0,
        "8": 0,
        "9": 0
      },
      "size": {
        "0": 243.822265625,
        "1": 130
      },
      "flags": {},
      "order": 1,
      "mode": 0,
      "inputs": [],
      "outputs": [
        {
          "name": "SEED",
          "type": "INT",
          "links": [
            122
          ],
          "shape": 3,
          "dir": 4,
          "slot_index": 0
        }
      ],
      "properties": {},
      "widgets_values": [
        -1,
        null,
        null,
        null
      ],
      "color": "#332922",
      "bgcolor": "#593930"
    },
    {
      "id": 76,
      "type": "PreviewImage",
      "pos": [
        4539,
        536
      ],
      "size": {
        "0": 300.8820495605469,
        "1": 246
      },
      "flags": {},
      "order": 55,
      "mode": 0,
      "inputs": [
        {
          "name": "images",
          "type": "IMAGE",
          "link": 69
        }
      ],
      "properties": {
        "Node name for S&R": "PreviewImage"
      }
    },
    {
      "id": 109,
      "type": "VAEDecode",
      "pos": [
        96.20364446238014,
        1542.4643168966145
      ],
      "size": {
        "0": 210,
        "1": 46
      },
      "flags": {},
      "order": 33,
      "mode": 0,
      "inputs": [
        {
          "name": "samples",
          "type": "LATENT",
          "link": 134
        },
        {
          "name": "vae",
          "type": "VAE",
          "link": 136
        }
      ],
      "outputs": [
        {
          "name": "IMAGE",
          "type": "IMAGE",
          "links": [
            137
          ],
          "shape": 3,
          "slot_index": 0
        }
      ],
      "properties": {
        "Node name for S&R": "VAEDecode"
      }
    },
    {
      "id": 32,
      "type": "PixelPerfectResolution",
      "pos": [
        117.11594693937332,
        1758.3763844014964
      ],
      "size": {
        "0": 282.1564636230469,
        "1": 108.7488021850586
      },
      "flags": {},
      "order": 66,
      "mode": 0,
      "inputs": [
        {
          "name": "original_image",
          "type": "IMAGE",
          "link": 139
        },
        {
          "name": "image_gen_width",
          "type": "INT",
          "link": 50,
          "widget": {
            "name": "image_gen_width"
          }
        },
        {
          "name": "image_gen_height",
          "type": "INT",
          "link": 51,
          "widget": {
            "name": "image_gen_height"
          }
        }
      ],
      "outputs": [
        {
          "name": "RESOLUTION (INT)",
          "type": "INT",
          "links": [
            132
          ],
          "shape": 3,
          "slot_index": 0
        }
      ],
      "properties": {
        "Node name for S&R": "PixelPerfectResolution"
      },
      "widgets_values": [
        512,
        512,
        "Crop and Resize"
      ]
    },
    {
      "id": 56,
      "type": "ImageGenResolutionFromImage",
      "pos": [
        111.11594693937332,
        1653.3763844014964
      ],
      "size": {
        "0": 268.79998779296875,
        "1": 46
      },
      "flags": {},
      "order": 64,
      "mode": 0,
      "inputs": [
        {
          "name": "image",
          "type": "IMAGE",
          "link": 137
        }
      ],
      "outputs": [
        {
          "name": "IMAGE_GEN_WIDTH (INT)",
          "type": "INT",
          "links": [
            50,
            150
          ],
          "shape": 3,
          "slot_index": 0
        },
        {
          "name": "IMAGE_GEN_HEIGHT (INT)",
          "type": "INT",
          "links": [
            51,
            151
          ],
          "shape": 3,
          "slot_index": 1
        }
      ],
      "properties": {
        "Node name for S&R": "ImageGenResolutionFromImage"
      }
    },
    {
      "id": 108,
      "type": "PreviewImage",
      "pos": [
        131.11594693937332,
        2240.3763844014966
      ],
      "size": {
        "0": 300.8820495605469,
        "1": 246
      },
      "flags": {},
      "order": 70,
      "mode": 0,
      "inputs": [
        {
          "name": "images",
          "type": "IMAGE",
          "link": 131
        }
      ],
      "properties": {
        "Node name for S&R": "PreviewImage"
      }
    },
    {
      "id": 118,
      "type": "ImageScale",
      "pos": [
        121.11594693937332,
        1924.3763844014964
      ],
      "size": {
        "0": 315,
        "1": 130
      },
      "flags": {},
      "order": 67,
      "mode": 0,
      "inputs": [
        {
          "name": "image",
          "type": "IMAGE",
          "link": 152
        },
        {
          "name": "width",
          "type": "INT",
          "link": 150,
          "widget": {
            "name": "width"
          }
        },
        {
          "name": "height",
          "type": "INT",
          "link": 151,
          "widget": {
            "name": "height"
          }
        }
      ],
      "outputs": [
        {
          "name": "IMAGE",
          "type": "IMAGE",
          "links": [
            153
          ],
          "shape": 3,
          "slot_index": 0
        }
      ],
      "properties": {
        "Node name for S&R": "ImageScale"
      },
      "widgets_values": [
        "lanczos",
        512,
        512,
        "center"
      ]
    },
    {
      "id": 101,
      "type": "KSampler (Efficient)",
      "pos": [
        1782.8363097201022,
        -277.2842466740603
      ],
      "size": {
        "0": 325,
        "1": 562
      },
      "flags": {},
      "order": 68,
      "mode": 0,
      "inputs": [
        {
          "name": "model",
          "type": "MODEL",
          "link": 110
        },
        {
          "name": "positive",
          "type": "CONDITIONING",
          "link": 104
        },
        {
          "name": "negative",
          "type": "CONDITIONING",
          "link": 105
        },
        {
          "name": "latent_image",
          "type": "LATENT",
          "link": 113
        },
        {
          "name": "optional_vae",
          "type": "VAE",
          "link": 109
        },
        {
          "name": "script",
          "type": "SCRIPT",
          "link": null
        },
        {
          "name": "seed",
          "type": "INT",
          "link": 122,
          "widget": {
            "name": "seed"
          }
        }
      ],
      "outputs": [
        {
          "name": "MODEL",
          "type": "MODEL",
          "links": null,
          "shape": 3
        },
        {
          "name": "CONDITIONING+",
          "type": "CONDITIONING",
          "links": null,
          "shape": 3
        },
        {
          "name": "CONDITIONING-",
          "type": "CONDITIONING",
          "links": null,
          "shape": 3
        },
        {
          "name": "LATENT",
          "type": "LATENT",
          "links": null,
          "shape": 3
        },
        {
          "name": "VAE",
          "type": "VAE",
          "links": null,
          "shape": 3
        },
        {
          "name": "IMAGE",
          "type": "IMAGE",
          "links": [],
          "shape": 3
        }
      ],
      "properties": {
        "Node name for S&R": "KSampler (Efficient)"
      },
      "widgets_values": [
        527807171807336,
        null,
        20,
        7,
        "dpmpp_sde",
        "karras",
        1,
        "auto",
        "true"
      ],
      "color": "#443322",
      "bgcolor": "#665533",
      "shape": 1
    },
    {
      "id": 119,
      "type": "Get resolution [Crystools]",
      "pos": [
        543,
        2143
      ],
      "size": {
        "0": 210,
        "1": 96.00001525878906
      },
      "flags": {},
      "order": 71,
      "mode": 0,
      "inputs": [
        {
          "name": "image",
          "type": "IMAGE",
          "link": 154,
          "slot_index": 0
        }
      ],
      "outputs": [
        {
          "name": "width",
          "type": "INT",
          "links": [],
          "shape": 3,
          "slot_index": 0
        },
        {
          "name": "height",
          "type": "INT",
          "links": null,
          "shape": 3
        }
      ],
      "properties": {
        "Node name for S&R": "Get resolution [Crystools]"
      }
    },
    {
      "id": 37,
      "type": "AIO_Preprocessor",
      "pos": [
        1626.9493006905404,
        2283.0730364450465
      ],
      "size": {
        "0": 321.3170471191406,
        "1": 85.35358428955078
      },
      "flags": {},
      "order": 14,
      "mode": 0,
      "inputs": [
        {
          "name": "image",
          "type": "IMAGE",
          "link": 33,
          "slot_index": 0
        }
      ],
      "outputs": [
        {
          "name": "IMAGE",
          "type": "IMAGE",
          "links": [
            34
          ],
          "shape": 3,
          "slot_index": 0
        }
      ],
      "properties": {
        "Node name for S&R": "AIO_Preprocessor"
      },
      "widgets_values": [
        "Scribble_PiDiNet_Preprocessor",
        512
      ]
    },
    {
      "id": 42,
      "type": "Scribble_XDoG_Preprocessor",
      "pos": [
        1636.9493006905404,
        2613.073036445046
      ],
      "size": {
        "0": 315,
        "1": 82
      },
      "flags": {},
      "order": 16,
      "mode": 0,
      "inputs": [
        {
          "name": "image",
          "type": "IMAGE",
          "link": 38
        }
      ],
      "outputs": [
        {
          "name": "IMAGE",
          "type": "IMAGE",
          "links": [
            37,
            159
          ],
          "shape": 3,
          "slot_index": 0
        }
      ],
      "properties": {
        "Node name for S&R": "Scribble_XDoG_Preprocessor"
      },
      "widgets_values": [
        32,
        512
      ]
    },
    {
      "id": 48,
      "type": "LineArtPreprocessor",
      "pos": [
        1617.4662835015201,
        1490.2445407782823
      ],
      "size": {
        "0": 315,
        "1": 82
      },
      "flags": {},
      "order": 18,
      "mode": 0,
      "inputs": [
        {
          "name": "image",
          "type": "IMAGE",
          "link": 43
        }
      ],
      "outputs": [
        {
          "name": "IMAGE",
          "type": "IMAGE",
          "links": [
            42,
            161
          ],
          "shape": 3,
          "slot_index": 0
        }
      ],
      "properties": {
        "Node name for S&R": "LineArtPreprocessor"
      },
      "widgets_values": [
        "disable",
        512
      ]
    },
    {
      "id": 126,
      "type": "ReroutePrimitive|pysssss",
      "pos": [
        1150,
        189
      ],
      "size": [
        75,
        26
      ],
      "flags": {},
      "order": 45,
      "mode": 0,
      "inputs": [
        {
          "name": "value",
          "type": "*",
          "link": 208,
          "label": " "
        }
      ],
      "outputs": [
        {
          "name": "*",
          "type": "IMAGE",
          "links": [
            168
          ],
          "shape": 3,
          "label": "IMAGE",
          "slot_index": 0
        }
      ],
      "properties": {
        "Node name for S&R": "ReroutePrimitive|pysssss"
      }
    },
    {
      "id": 52,
      "type": "OneFormer-COCO-SemSegPreprocessor",
      "pos": [
        2441.028733073425,
        863.5174672206671
      ],
      "size": {
        "0": 315,
        "1": 58
      },
      "flags": {},
      "order": 20,
      "mode": 0,
      "inputs": [
        {
          "name": "image",
          "type": "IMAGE",
          "link": 47
        }
      ],
      "outputs": [
        {
          "name": "IMAGE",
          "type": "IMAGE",
          "links": [
            46,
            176
          ],
          "shape": 3,
          "slot_index": 0
        }
      ],
      "properties": {
        "Node name for S&R": "OneFormer-COCO-SemSegPreprocessor"
      },
      "widgets_values": [
        512
      ]
    },
    {
      "id": 54,
      "type": "UniFormer-SemSegPreprocessor",
      "pos": [
        2434.028733073425,
        1200.5174672206658
      ],
      "size": {
        "0": 315,
        "1": 58
      },
      "flags": {},
      "order": 21,
      "mode": 0,
      "inputs": [
        {
          "name": "image",
          "type": "IMAGE",
          "link": 49
        }
      ],
      "outputs": [
        {
          "name": "IMAGE",
          "type": "IMAGE",
          "links": [
            48
          ],
          "shape": 3,
          "slot_index": 0
        }
      ],
      "properties": {
        "Node name for S&R": "UniFormer-SemSegPreprocessor"
      },
      "widgets_values": [
        512
      ]
    },
    {
      "id": 58,
      "type": "OpenposePreprocessor",
      "pos": [
        3278.087008682305,
        539.4722930786626
      ],
      "size": {
        "0": 369.75177001953125,
        "1": 150
      },
      "flags": {},
      "order": 22,
      "mode": 0,
      "inputs": [
        {
          "name": "image",
          "type": "IMAGE",
          "link": 54
        }
      ],
      "outputs": [
        {
          "name": "IMAGE",
          "type": "IMAGE",
          "links": [
            53
          ],
          "shape": 3,
          "slot_index": 0
        },
        {
          "name": "POSE_KEYPOINT",
          "type": "POSE_KEYPOINT",
          "links": [],
          "shape": 3,
          "slot_index": 1
        }
      ],
      "properties": {
        "Node name for S&R": "OpenposePreprocessor"
      },
      "widgets_values": [
        "enable",
        "enable",
        "enable",
        512
      ]
    },
    {
      "id": 61,
      "type": "DensePosePreprocessor",
      "pos": [
        3275.087008682305,
        851.4722930786634
      ],
      "size": {
        "0": 377.7217102050781,
        "1": 110.82093048095703
      },
      "flags": {},
      "order": 23,
      "mode": 0,
      "inputs": [
        {
          "name": "image",
          "type": "IMAGE",
          "link": 57
        }
      ],
      "outputs": [
        {
          "name": "IMAGE",
          "type": "IMAGE",
          "links": [
            56,
            181
          ],
          "shape": 3,
          "slot_index": 0
        }
      ],
      "properties": {
        "Node name for S&R": "DensePosePreprocessor"
      },
      "widgets_values": [
        "densepose_r50_fpn_dl.torchscript",
        "Viridis (MagicAnimate)",
        512
      ]
    },
    {
      "id": 73,
      "type": "DWPreprocessor",
      "pos": [
        3304.087008682305,
        1197.4722930786627
      ],
      "size": {
        "0": 315,
        "1": 198
      },
      "flags": {},
      "order": 24,
      "mode": 0,
      "inputs": [
        {
          "name": "image",
          "type": "IMAGE",
          "link": 68
        }
      ],
      "outputs": [
        {
          "name": "IMAGE",
          "type": "IMAGE",
          "links": [
            67
          ],
          "shape": 3,
          "slot_index": 0
        },
        {
          "name": "POSE_KEYPOINT",
          "type": "POSE_KEYPOINT",
          "links": null,
          "shape": 3
        }
      ],
      "properties": {
        "Node name for S&R": "DWPreprocessor"
      },
      "widgets_values": [
        "enable",
        "enable",
        "enable",
        512,
        "yolox_l.onnx",
        "dw-ll_ucoco_384_bs5.torchscript.pt"
      ]
    },
    {
      "id": 67,
      "type": "AnimalPosePreprocessor",
      "pos": [
        3324.087008682305,
        1567.4722930786625
      ],
      "size": {
        "0": 315,
        "1": 126
      },
      "flags": {},
      "order": 6,
      "mode": 0,
      "inputs": [
        {
          "name": "image",
          "type": "IMAGE",
          "link": 64
        }
      ],
      "outputs": [
        {
          "name": "IMAGE",
          "type": "IMAGE",
          "links": [
            66,
            183
          ],
          "shape": 3,
          "slot_index": 0
        },
        {
          "name": "POSE_KEYPOINT",
          "type": "POSE_KEYPOINT",
          "links": null,
          "shape": 3
        }
      ],
      "properties": {
        "Node name for S&R": "AnimalPosePreprocessor"
      },
      "widgets_values": [
        "yolox_l.onnx",
        "rtmpose-m_ap10k_256_bs5.torchscript.pt",
        512
      ]
    },
    {
      "id": 107,
      "type": "TilePreprocessor",
      "pos": [
        129.11594693937332,
        2101.3763844014966
      ],
      "size": {
        "0": 315,
        "1": 82
      },
      "flags": {},
      "order": 69,
      "mode": 0,
      "inputs": [
        {
          "name": "image",
          "type": "IMAGE",
          "link": 153
        },
        {
          "name": "resolution",
          "type": "INT",
          "link": 132,
          "widget": {
            "name": "resolution"
          }
        }
      ],
      "outputs": [
        {
          "name": "IMAGE",
          "type": "IMAGE",
          "links": [
            131,
            154
          ],
          "shape": 3,
          "slot_index": 0
        }
      ],
      "properties": {
        "Node name for S&R": "TilePreprocessor"
      },
      "widgets_values": [
        3,
        512
      ]
    },
    {
      "id": 129,
      "type": "ImpactSwitch",
      "pos": [
        1052,
        562
      ],
      "size": {
        "0": 210,
        "1": 142
      },
      "flags": {},
      "order": 44,
      "mode": 0,
      "inputs": [
        {
          "name": "input1",
          "type": "IMAGE",
          "link": 185
        },
        {
          "name": "input2",
          "type": "IMAGE",
          "link": 186
        },
        {
          "name": "input3",
          "type": "IMAGE",
          "link": 187
        },
        {
          "name": "input4",
          "type": "IMAGE",
          "link": null
        }
      ],
      "outputs": [
        {
          "name": "IMAGE",
          "type": "IMAGE",
          "links": [],
          "shape": 3,
          "label": "IMAGE",
          "slot_index": 0
        },
        {
          "name": "selected_label",
          "type": "STRING",
          "links": null,
          "shape": 3
        },
        {
          "name": "selected_index",
          "type": "INT",
          "links": null,
          "shape": 3
        }
      ],
      "properties": {
        "Node name for S&R": "ImpactSwitch"
      },
      "widgets_values": [
        3,
        true
      ]
    },
    {
      "id": 14,
      "type": "AIO_Preprocessor",
      "pos": [
        820.5653630473585,
        1077.758961436033
      ],
      "size": {
        "0": 315,
        "1": 82
      },
      "flags": {},
      "order": 8,
      "mode": 0,
      "inputs": [
        {
          "name": "image",
          "type": "IMAGE",
          "link": 10,
          "slot_index": 0
        }
      ],
      "outputs": [
        {
          "name": "IMAGE",
          "type": "IMAGE",
          "links": [
            14,
            186
          ],
          "shape": 3,
          "slot_index": 0
        }
      ],
      "properties": {
        "Node name for S&R": "AIO_Preprocessor"
      },
      "widgets_values": [
        "MiDaS-DepthMapPreprocessor",
        512
      ]
    },
    {
      "id": 19,
      "type": "AIO_Preprocessor",
      "pos": [
        800.5653630473585,
        1397.7589614360336
      ],
      "size": {
        "0": 315,
        "1": 82
      },
      "flags": {},
      "order": 9,
      "mode": 0,
      "inputs": [
        {
          "name": "image",
          "type": "IMAGE",
          "link": 16,
          "slot_index": 0
        }
      ],
      "outputs": [
        {
          "name": "IMAGE",
          "type": "IMAGE",
          "links": [
            15,
            187
          ],
          "shape": 3,
          "slot_index": 0
        }
      ],
      "properties": {
        "Node name for S&R": "AIO_Preprocessor"
      },
      "widgets_values": [
        "Zoe_DepthAnythingPreprocessor",
        512
      ]
    },
    {
      "id": 132,
      "type": "ColorPreprocessor",
      "pos": [
        -691,
        919
      ],
      "size": {
        "0": 255.65989685058594,
        "1": 58
      },
      "flags": {},
      "order": 28,
      "mode": 0,
      "inputs": [
        {
          "name": "image",
          "type": "IMAGE",
          "link": 191
        }
      ],
      "outputs": [
        {
          "name": "IMAGE",
          "type": "IMAGE",
          "links": [
            190
          ],
          "shape": 3,
          "slot_index": 0
        }
      ],
      "properties": {
        "Node name for S&R": "ColorPreprocessor"
      },
      "widgets_values": [
        512
      ]
    },
    {
      "id": 33,
      "type": "ShufflePreprocessor",
      "pos": [
        -730,
        1150
      ],
      "size": {
        "0": 277.56756591796875,
        "1": 106
      },
      "flags": {},
      "order": 12,
      "mode": 0,
      "inputs": [
        {
          "name": "image",
          "type": "IMAGE",
          "link": 30
        }
      ],
      "outputs": [
        {
          "name": "IMAGE",
          "type": "IMAGE",
          "links": [
            29
          ],
          "shape": 3,
          "slot_index": 0
        }
      ],
      "properties": {
        "Node name for S&R": "ShufflePreprocessor"
      },
      "widgets_values": [
        512,
        989868928689458,
        "randomize"
      ]
    },
    {
      "id": 136,
      "type": "M-LSDPreprocessor",
      "pos": [
        2021.4368883736558,
        3016.4397588896636
      ],
      "size": {
        "0": 315,
        "1": 106
      },
      "flags": {},
      "order": 7,
      "mode": 0,
      "inputs": [
        {
          "name": "image",
          "type": "IMAGE",
          "link": 196
        }
      ],
      "outputs": [
        {
          "name": "IMAGE",
          "type": "IMAGE",
          "links": [
            195
          ],
          "shape": 3,
          "slot_index": 0
        }
      ],
      "properties": {
        "Node name for S&R": "M-LSDPreprocessor"
      },
      "widgets_values": [
        0.1,
        0.1,
        512
      ]
    },
    {
      "id": 139,
      "type": "LoadImage",
      "pos": [
        1593.4368883736522,
        3016.4397588896636
      ],
      "size": [
        351.9046783404842,
        314
      ],
      "flags": {},
      "order": 2,
      "mode": 0,
      "outputs": [
        {
          "name": "IMAGE",
          "type": "IMAGE",
          "links": [
            196
          ],
          "shape": 3,
          "slot_index": 0
        },
        {
          "name": "MASK",
          "type": "MASK",
          "links": null,
          "shape": 3
        }
      ],
      "properties": {
        "Node name for S&R": "LoadImage"
      },
      "widgets_values": [
        "images (1).jpg",
        "image"
      ]
    },
    {
      "id": 117,
      "type": "Get resolution [Crystools]",
      "pos": [
        4598,
        330
      ],
      "size": {
        "0": 210,
        "1": 96.00001525878906
      },
      "flags": {},
      "order": 56,
      "mode": 0,
      "inputs": [
        {
          "name": "image",
          "type": "IMAGE",
          "link": 149,
          "slot_index": 0
        }
      ],
      "outputs": [
        {
          "name": "width",
          "type": "INT",
          "links": [],
          "shape": 3,
          "slot_index": 0
        },
        {
          "name": "height",
          "type": "INT",
          "links": null,
          "shape": 3
        }
      ],
      "properties": {
        "Node name for S&R": "Get resolution [Crystools]"
      }
    },
    {
      "id": 144,
      "type": "PreviewImage",
      "pos": [
        5363.806384154038,
        529.3848389904903
      ],
      "size": {
        "0": 300.8820495605469,
        "1": 246
      },
      "flags": {},
      "order": 60,
      "mode": 0,
      "inputs": [
        {
          "name": "images",
          "type": "IMAGE",
          "link": 197
        }
      ],
      "properties": {
        "Node name for S&R": "PreviewImage"
      }
    },
    {
      "id": 141,
      "type": "MiDaS-NormalMapPreprocessor",
      "pos": [
        4985.806384154038,
        531.3848389904903
      ],
      "size": {
        "0": 315,
        "1": 106
      },
      "flags": {},
      "order": 29,
      "mode": 0,
      "inputs": [
        {
          "name": "image",
          "type": "IMAGE",
          "link": 200
        }
      ],
      "outputs": [
        {
          "name": "IMAGE",
          "type": "IMAGE",
          "links": [
            197
          ],
          "shape": 3,
          "slot_index": 0
        }
      ],
      "properties": {
        "Node name for S&R": "MiDaS-NormalMapPreprocessor"
      },
      "widgets_values": [
        6.283185307179586,
        0.1,
        512
      ]
    },
    {
      "id": 145,
      "type": "PreviewImage",
      "pos": [
        5363.806384154038,
        868.3848389904904
      ],
      "size": {
        "0": 300.8820495605469,
        "1": 246
      },
      "flags": {},
      "order": 61,
      "mode": 0,
      "inputs": [
        {
          "name": "images",
          "type": "IMAGE",
          "link": 198
        }
      ],
      "properties": {
        "Node name for S&R": "PreviewImage"
      }
    },
    {
      "id": 142,
      "type": "Metric3D-NormalMapPreprocessor",
      "pos": [
        4979.806384154038,
        864.3848389904904
      ],
      "size": {
        "0": 315,
        "1": 130
      },
      "flags": {},
      "order": 30,
      "mode": 0,
      "inputs": [
        {
          "name": "image",
          "type": "IMAGE",
          "link": 201
        }
      ],
      "outputs": [
        {
          "name": "IMAGE",
          "type": "IMAGE",
          "links": [
            198
          ],
          "shape": 3,
          "slot_index": 0
        }
      ],
      "properties": {
        "Node name for S&R": "Metric3D-NormalMapPreprocessor"
      },
      "widgets_values": [
        "vit-small",
        1000,
        1000,
        512
      ]
    },
    {
      "id": 146,
      "type": "PreviewImage",
      "pos": [
        5361.806384154038,
        1222.3848389904902
      ],
      "size": {
        "0": 300.8820495605469,
        "1": 246
      },
      "flags": {},
      "order": 62,
      "mode": 0,
      "inputs": [
        {
          "name": "images",
          "type": "IMAGE",
          "link": 199
        }
      ],
      "properties": {
        "Node name for S&R": "PreviewImage"
      }
    },
    {
      "id": 143,
      "type": "DSINE-NormalMapPreprocessor",
      "pos": [
        4980.806384154038,
        1225.3848389904902
      ],
      "size": {
        "0": 315,
        "1": 106
      },
      "flags": {},
      "order": 31,
      "mode": 0,
      "inputs": [
        {
          "name": "image",
          "type": "IMAGE",
          "link": 202
        }
      ],
      "outputs": [
        {
          "name": "IMAGE",
          "type": "IMAGE",
          "links": [
            199
          ],
          "shape": 3,
          "slot_index": 0
        }
      ],
      "properties": {
        "Node name for S&R": "DSINE-NormalMapPreprocessor"
      },
      "widgets_values": [
        60,
        5,
        512
      ]
    },
    {
      "id": 24,
      "type": "CannyEdgePreprocessor",
      "pos": [
        1595.266792290583,
        745.2580777486307
      ],
      "size": {
        "0": 315,
        "1": 106
      },
      "flags": {},
      "order": 10,
      "mode": 0,
      "inputs": [
        {
          "name": "image",
          "type": "IMAGE",
          "link": 19
        }
      ],
      "outputs": [
        {
          "name": "IMAGE",
          "type": "IMAGE",
          "links": [
            20
          ],
          "shape": 3,
          "slot_index": 0
        }
      ],
      "properties": {
        "Node name for S&R": "CannyEdgePreprocessor"
      },
      "widgets_values": [
        255,
        255,
        512
      ]
    },
    {
      "id": 35,
      "type": "ScribblePreprocessor",
      "pos": [
        1616.9493006905407,
        1943.0730364450467
      ],
      "size": {
        "0": 315,
        "1": 58
      },
      "flags": {},
      "order": 13,
      "mode": 0,
      "inputs": [
        {
          "name": "image",
          "type": "IMAGE",
          "link": 32
        }
      ],
      "outputs": [
        {
          "name": "IMAGE",
          "type": "IMAGE",
          "links": [
            31,
            157
          ],
          "shape": 3,
          "slot_index": 0
        }
      ],
      "properties": {
        "Node name for S&R": "ScribblePreprocessor"
      },
      "widgets_values": [
        512
      ]
    },
    {
      "id": 46,
      "type": "AnimeLineArtPreprocessor",
      "pos": [
        1607.4662835015201,
        1180.2445407782823
      ],
      "size": {
        "0": 315,
        "1": 58
      },
      "flags": {},
      "order": 17,
      "mode": 0,
      "inputs": [
        {
          "name": "image",
          "type": "IMAGE",
          "link": 40
        }
      ],
      "outputs": [
        {
          "name": "IMAGE",
          "type": "IMAGE",
          "links": [
            39
          ],
          "shape": 3,
          "slot_index": 0
        }
      ],
      "properties": {
        "Node name for S&R": "AnimeLineArtPreprocessor"
      },
      "widgets_values": [
        512
      ]
    },
    {
      "id": 137,
      "type": "PreviewImage",
      "pos": [
        2025.0953579866066,
        3176.4689813170776
      ],
      "size": {
        "0": 300.8820495605469,
        "1": 246
      },
      "flags": {},
      "order": 35,
      "mode": 0,
      "inputs": [
        {
          "name": "images",
          "type": "IMAGE",
          "link": 195
        }
      ],
      "properties": {
        "Node name for S&R": "PreviewImage"
      }
    },
    {
      "id": 147,
      "type": "HEDPreprocessor",
      "pos": [
        1619,
        3594
      ],
      "size": {
        "0": 315,
        "1": 82
      },
      "flags": {},
      "order": 32,
      "mode": 0,
      "inputs": [
        {
          "name": "image",
          "type": "IMAGE",
          "link": 203
        }
      ],
      "outputs": [
        {
          "name": "IMAGE",
          "type": "IMAGE",
          "links": [
            204
          ],
          "shape": 3,
          "slot_index": 0
        }
      ],
      "properties": {
        "Node name for S&R": "HEDPreprocessor"
      },
      "widgets_values": [
        "enable",
        512
      ]
    },
    {
      "id": 148,
      "type": "PreviewImage",
      "pos": [
        2010,
        3596
      ],
      "size": {
        "0": 300.8820495605469,
        "1": 246
      },
      "flags": {},
      "order": 63,
      "mode": 0,
      "inputs": [
        {
          "name": "images",
          "type": "IMAGE",
          "link": 204
        }
      ],
      "properties": {
        "Node name for S&R": "PreviewImage"
      }
    },
    {
      "id": 15,
      "type": "LoadImage",
      "pos": [
        88,
        826
      ],
      "size": {
        "0": 457.7879943847656,
        "1": 485.36541748046875
      },
      "flags": {},
      "order": 3,
      "mode": 0,
      "outputs": [
        {
          "name": "IMAGE",
          "type": "IMAGE",
          "links": [
            10,
            16,
            19,
            24,
            30,
            32,
            33,
            35,
            38,
            40,
            43,
            44,
            47,
            49,
            54,
            57,
            68,
            70,
            72,
            74,
            139,
            152,
            191,
            200,
            201,
            202,
            203
          ],
          "shape": 3,
          "slot_index": 0
        },
        {
          "name": "MASK",
          "type": "MASK",
          "links": null,
          "shape": 3
        }
      ],
      "properties": {
        "Node name for S&R": "LoadImage"
      },
      "widgets_values": [
        "ComfyUI_temp_dfjtm_00001_.png",
        "image"
      ]
    },
    {
      "id": 100,
      "type": "Efficient Loader",
      "pos": [
        734.8363097201011,
        -257.2842466740603
      ],
      "size": {
        "0": 349.3994140625,
        "1": 466.8443603515625
      },
      "flags": {},
      "order": 4,
      "mode": 0,
      "inputs": [
        {
          "name": "lora_stack",
          "type": "LORA_STACK",
          "link": null
        },
        {
          "name": "cnet_stack",
          "type": "CONTROL_NET_STACK",
          "link": null
        }
      ],
      "outputs": [
        {
          "name": "MODEL",
          "type": "MODEL",
          "links": [
            110
          ],
          "shape": 3,
          "slot_index": 0
        },
        {
          "name": "CONDITIONING+",
          "type": "CONDITIONING",
          "links": [
            101
          ],
          "shape": 3,
          "slot_index": 1
        },
        {
          "name": "CONDITIONING-",
          "type": "CONDITIONING",
          "links": [
            102
          ],
          "shape": 3,
          "slot_index": 2
        },
        {
          "name": "LATENT",
          "type": "LATENT",
          "links": [
            113,
            134
          ],
          "shape": 3,
          "slot_index": 3
        },
        {
          "name": "VAE",
          "type": "VAE",
          "links": [
            109,
            136
          ],
          "shape": 3,
          "slot_index": 4
        },
        {
          "name": "CLIP",
          "type": "CLIP",
          "links": null,
          "shape": 3
        },
        {
          "name": "DEPENDENCIES",
          "type": "DEPENDENCIES",
          "links": null,
          "shape": 3
        }
      ],
      "properties": {
        "Node name for S&R": "Efficient Loader"
      },
      "widgets_values": [
        "FAVORITE--\\juggernaut_reborn.safetensors",
        "Baked VAE",
        -1,
        "None",
        1,
        1,
        "dog vector art",
        "low quality",
        "none",
        "comfy",
        768,
        768,
        1
      ],
      "color": "#223",
      "bgcolor": "#335",
      "shape": 1
    },
    {
      "id": 45,
      "type": "SAMPreprocessor",
      "pos": [
        2441.028733073425,
        533.517467220667
      ],
      "size": {
        "0": 299.1473693847656,
        "1": 58
      },
      "flags": {},
      "order": 19,
      "mode": 0,
      "inputs": [
        {
          "name": "image",
          "type": "IMAGE",
          "link": 44
        }
      ],
      "outputs": [
        {
          "name": "IMAGE",
          "type": "IMAGE",
          "links": [
            45
          ],
          "shape": 3,
          "slot_index": 0
        }
      ],
      "properties": {
        "Node name for S&R": "SAMPreprocessor"
      },
      "widgets_values": [
        512
      ]
    },
    {
      "id": 75,
      "type": "TilePreprocessor",
      "pos": [
        4147.957145692051,
        536.8931387885511
      ],
      "size": {
        "0": 315,
        "1": 82
      },
      "flags": {},
      "order": 25,
      "mode": 0,
      "inputs": [
        {
          "name": "image",
          "type": "IMAGE",
          "link": 70
        }
      ],
      "outputs": [
        {
          "name": "IMAGE",
          "type": "IMAGE",
          "links": [
            69,
            149
          ],
          "shape": 3,
          "slot_index": 0
        }
      ],
      "properties": {
        "Node name for S&R": "TilePreprocessor"
      },
      "widgets_values": [
        3,
        512
      ]
    },
    {
      "id": 27,
      "type": "AIO_Preprocessor",
      "pos": [
        -720,
        440
      ],
      "size": {
        "0": 278.5929870605469,
        "1": 82
      },
      "flags": {},
      "order": 11,
      "mode": 0,
      "inputs": [
        {
          "name": "image",
          "type": "IMAGE",
          "link": 24,
          "slot_index": 0
        }
      ],
      "outputs": [
        {
          "name": "IMAGE",
          "type": "IMAGE",
          "links": [
            25
          ],
          "shape": 3,
          "slot_index": 0
        }
      ],
      "properties": {
        "Node name for S&R": "AIO_Preprocessor"
      },
      "widgets_values": [
        "ImageLuminanceDetector",
        512
      ]
    },
    {
      "id": 39,
      "type": "AIO_Preprocessor",
      "pos": [
        821,
        768
      ],
      "size": {
        "0": 315,
        "1": 82
      },
      "flags": {},
      "order": 15,
      "mode": 0,
      "inputs": [
        {
          "name": "image",
          "type": "IMAGE",
          "link": 35,
          "slot_index": 0
        }
      ],
      "outputs": [
        {
          "name": "IMAGE",
          "type": "IMAGE",
          "links": [
            36,
            185,
            208
          ],
          "shape": 3,
          "slot_index": 0
        }
      ],
      "properties": {
        "Node name for S&R": "AIO_Preprocessor"
      },
      "widgets_values": [
        "Zoe-DepthMapPreprocessor",
        512
      ]
    },
    {
      "id": 85,
      "type": "ControlNetLoader",
      "pos": [
        1234,
        -156
      ],
      "size": {
        "0": 411.574462890625,
        "1": 60.01551055908203
      },
      "flags": {},
      "order": 5,
      "mode": 0,
      "outputs": [
        {
          "name": "CONTROL_NET",
          "type": "CONTROL_NET",
          "links": [
            78
          ],
          "shape": 3
        }
      ],
      "properties": {
        "Node name for S&R": "ControlNetLoader"
      },
      "widgets_values": [
        "control_v11f1p_sd15_depth.safetensors"
      ]
    }
  ],
  "links": [
    [
      10,
      15,
      0,
      14,
      0,
      "IMAGE"
    ],
    [
      14,
      14,
      0,
      16,
      0,
      "IMAGE"
    ],
    [
      15,
      19,
      0,
      20,
      0,
      "IMAGE"
    ],
    [
      16,
      15,
      0,
      19,
      0,
      "IMAGE"
    ],
    [
      19,
      15,
      0,
      24,
      0,
      "IMAGE"
    ],
    [
      20,
      24,
      0,
      23,
      0,
      "IMAGE"
    ],
    [
      24,
      15,
      0,
      27,
      0,
      "IMAGE"
    ],
    [
      25,
      27,
      0,
      26,
      0,
      "IMAGE"
    ],
    [
      29,
      33,
      0,
      34,
      0,
      "IMAGE"
    ],
    [
      30,
      15,
      0,
      33,
      0,
      "IMAGE"
    ],
    [
      31,
      35,
      0,
      36,
      0,
      "IMAGE"
    ],
    [
      32,
      15,
      0,
      35,
      0,
      "IMAGE"
    ],
    [
      33,
      15,
      0,
      37,
      0,
      "IMAGE"
    ],
    [
      34,
      37,
      0,
      38,
      0,
      "IMAGE"
    ],
    [
      35,
      15,
      0,
      39,
      0,
      "IMAGE"
    ],
    [
      36,
      39,
      0,
      40,
      0,
      "IMAGE"
    ],
    [
      37,
      42,
      0,
      43,
      0,
      "IMAGE"
    ],
    [
      38,
      15,
      0,
      42,
      0,
      "IMAGE"
    ],
    [
      39,
      46,
      0,
      47,
      0,
      "IMAGE"
    ],
    [
      40,
      15,
      0,
      46,
      0,
      "IMAGE"
    ],
    [
      42,
      48,
      0,
      50,
      0,
      "IMAGE"
    ],
    [
      43,
      15,
      0,
      48,
      0,
      "IMAGE"
    ],
    [
      44,
      15,
      0,
      45,
      0,
      "IMAGE"
    ],
    [
      45,
      45,
      0,
      51,
      0,
      "IMAGE"
    ],
    [
      46,
      52,
      0,
      53,
      0,
      "IMAGE"
    ],
    [
      47,
      15,
      0,
      52,
      0,
      "IMAGE"
    ],
    [
      48,
      54,
      0,
      55,
      0,
      "IMAGE"
    ],
    [
      49,
      15,
      0,
      54,
      0,
      "IMAGE"
    ],
    [
      50,
      56,
      0,
      32,
      1,
      "INT"
    ],
    [
      51,
      56,
      1,
      32,
      2,
      "INT"
    ],
    [
      53,
      58,
      0,
      59,
      0,
      "IMAGE"
    ],
    [
      54,
      15,
      0,
      58,
      0,
      "IMAGE"
    ],
    [
      56,
      61,
      0,
      62,
      0,
      "IMAGE"
    ],
    [
      57,
      15,
      0,
      61,
      0,
      "IMAGE"
    ],
    [
      64,
      68,
      0,
      67,
      0,
      "IMAGE"
    ],
    [
      66,
      67,
      0,
      70,
      0,
      "IMAGE"
    ],
    [
      67,
      73,
      0,
      74,
      0,
      "IMAGE"
    ],
    [
      68,
      15,
      0,
      73,
      0,
      "IMAGE"
    ],
    [
      69,
      75,
      0,
      76,
      0,
      "IMAGE"
    ],
    [
      70,
      15,
      0,
      75,
      0,
      "IMAGE"
    ],
    [
      71,
      77,
      0,
      78,
      0,
      "IMAGE"
    ],
    [
      72,
      15,
      0,
      77,
      0,
      "IMAGE"
    ],
    [
      73,
      79,
      0,
      80,
      0,
      "IMAGE"
    ],
    [
      74,
      15,
      0,
      79,
      0,
      "IMAGE"
    ],
    [
      78,
      85,
      0,
      83,
      2,
      "CONTROL_NET"
    ],
    [
      101,
      100,
      1,
      83,
      0,
      "CONDITIONING"
    ],
    [
      102,
      100,
      2,
      83,
      1,
      "CONDITIONING"
    ],
    [
      104,
      83,
      0,
      101,
      1,
      "CONDITIONING"
    ],
    [
      105,
      83,
      1,
      101,
      2,
      "CONDITIONING"
    ],
    [
      109,
      100,
      4,
      101,
      4,
      "VAE"
    ],
    [
      110,
      100,
      0,
      101,
      0,
      "MODEL"
    ],
    [
      113,
      100,
      3,
      101,
      3,
      "LATENT"
    ],
    [
      122,
      105,
      0,
      101,
      6,
      "INT"
    ],
    [
      131,
      107,
      0,
      108,
      0,
      "IMAGE"
    ],
    [
      132,
      32,
      0,
      107,
      1,
      "INT"
    ],
    [
      134,
      100,
      3,
      109,
      0,
      "LATENT"
    ],
    [
      136,
      100,
      4,
      109,
      1,
      "VAE"
    ],
    [
      137,
      109,
      0,
      56,
      0,
      "IMAGE"
    ],
    [
      139,
      15,
      0,
      32,
      0,
      "IMAGE"
    ],
    [
      149,
      75,
      0,
      117,
      0,
      "IMAGE"
    ],
    [
      150,
      56,
      0,
      118,
      1,
      "INT"
    ],
    [
      151,
      56,
      1,
      118,
      2,
      "INT"
    ],
    [
      152,
      15,
      0,
      118,
      0,
      "IMAGE"
    ],
    [
      153,
      118,
      0,
      107,
      0,
      "IMAGE"
    ],
    [
      154,
      107,
      0,
      119,
      0,
      "IMAGE"
    ],
    [
      157,
      35,
      0,
      124,
      0,
      "IMAGE"
    ],
    [
      159,
      42,
      0,
      124,
      1,
      "IMAGE"
    ],
    [
      161,
      48,
      0,
      124,
      2,
      "IMAGE"
    ],
    [
      168,
      126,
      0,
      83,
      3,
      "IMAGE"
    ],
    [
      176,
      52,
      0,
      127,
      0,
      "IMAGE"
    ],
    [
      181,
      61,
      0,
      128,
      0,
      "IMAGE"
    ],
    [
      183,
      67,
      0,
      128,
      1,
      "IMAGE"
    ],
    [
      185,
      39,
      0,
      129,
      0,
      "IMAGE"
    ],
    [
      186,
      14,
      0,
      129,
      1,
      "IMAGE"
    ],
    [
      187,
      19,
      0,
      129,
      2,
      "IMAGE"
    ],
    [
      190,
      132,
      0,
      31,
      0,
      "IMAGE"
    ],
    [
      191,
      15,
      0,
      132,
      0,
      "IMAGE"
    ],
    [
      195,
      136,
      0,
      137,
      0,
      "IMAGE"
    ],
    [
      196,
      139,
      0,
      136,
      0,
      "IMAGE"
    ],
    [
      197,
      141,
      0,
      144,
      0,
      "IMAGE"
    ],
    [
      198,
      142,
      0,
      145,
      0,
      "IMAGE"
    ],
    [
      199,
      143,
      0,
      146,
      0,
      "IMAGE"
    ],
    [
      200,
      15,
      0,
      141,
      0,
      "IMAGE"
    ],
    [
      201,
      15,
      0,
      142,
      0,
      "IMAGE"
    ],
    [
      202,
      15,
      0,
      143,
      0,
      "IMAGE"
    ],
    [
      203,
      15,
      0,
      147,
      0,
      "IMAGE"
    ],
    [
      204,
      147,
      0,
      148,
      0,
      "IMAGE"
    ],
    [
      208,
      39,
      0,
      126,
      0,
      "*"
    ]
  ],
  "groups": [
    {
      "title": "Line",
      "bounding": [
        1583,
        1069,
        714,
        710
      ],
      "color": "#3f789e",
      "font_size": 24,
      "locked": false
    },
    {
      "title": "Карты глубины",
      "bounding": [
        790,
        684,
        711,
        970
      ],
      "color": "#3f789e",
      "font_size": 24,
      "locked": false
    },
    {
      "title": "Sigmentation",
      "bounding": [
        2424,
        460,
        688,
        1000
      ],
      "color": "#3f789e",
      "font_size": 24,
      "locked": false
    },
    {
      "title": "Pose",
      "bounding": [
        3265,
        462,
        751,
        1441
      ],
      "color": "#3f789e",
      "font_size": 24,
      "locked": false
    },
    {
      "title": "Tile",
      "bounding": [
        4138,
        462,
        712,
        993
      ],
      "color": "#3f789e",
      "font_size": 24,
      "locked": false
    },
    {
      "title": "Pixel Perfect",
      "bounding": [
        86,
        1468,
        390,
        1056
      ],
      "color": "#3f789e",
      "font_size": 24,
      "locked": false
    },
    {
      "title": "Generator",
      "bounding": [
        725,
        -351,
        1393,
        664
      ],
      "color": "#3f789e",
      "font_size": 24,
      "locked": false
    },
    {
      "title": "Normal",
      "bounding": [
        4969,
        456,
        705,
        1023
      ],
      "color": "#3f789e",
      "font_size": 24,
      "locked": false
    },
    {
      "title": "Canny",
      "bounding": [
        1585,
        671,
        701,
        330
      ],
      "color": "#3f789e",
      "font_size": 24,
      "locked": false
    },
    {
      "title": "Scribble",
      "bounding": [
        1607,
        1859,
        691,
        1010
      ],
      "color": "#3f789e",
      "font_size": 24,
      "locked": false
    },
    {
      "title": "M-LSD",
      "bounding": [
        1583,
        2942,
        763,
        490
      ],
      "color": "#3f789e",
      "font_size": 24,
      "locked": false
    },
    {
      "title": "Soft-Edge",
      "bounding": [
        1609,
        3520,
        712,
        332
      ],
      "color": "#3f789e",
      "font_size": 24,
      "locked": false
    }
  ],
  "config": {},
  "extra": {
    "ds": {
      "scale": 0.17715610000000007,
      "offset": {
        "0": 1439.9438783810199,
        "1": 653.6674520799556
      }
    }
  },
  "version": 0.4
}