{
  "last_node_id": 277,
  "last_link_id": 655,
  "nodes": [
    {
      "id": 38,
      "type": "InstantIDFaceAnalysis",
      "pos": [
        -200,
        -20
      ],
      "size": {
        "0": 245.72129821777344,
        "1": 58
      },
      "flags": {},
      "order": 0,
      "mode": 0,
      "outputs": [
        {
          "name": "FACEANALYSIS",
          "type": "FACEANALYSIS",
          "links": [
            198
          ],
          "shape": 3,
          "slot_index": 0
        }
      ],
      "properties": {
        "Node name for S&R": "InstantIDFaceAnalysis"
      },
      "widgets_values": [
        "CUDA"
      ],
      "color": "#2a363b",
      "bgcolor": "#3f5159"
    },
    {
      "id": 11,
      "type": "InstantIDModelLoader",
      "pos": [
        -200,
        -120
      ],
      "size": {
        "0": 250.14129638671875,
        "1": 58
      },
      "flags": {},
      "order": 1,
      "mode": 0,
      "outputs": [
        {
          "name": "INSTANTID",
          "type": "INSTANTID",
          "links": [
            197
          ],
          "shape": 3,
          "slot_index": 0
        }
      ],
      "properties": {
        "Node name for S&R": "InstantIDModelLoader"
      },
      "widgets_values": [
        "InstantId_model.bin"
      ],
      "color": "#2a363b",
      "bgcolor": "#3f5159"
    },
    {
      "id": 16,
      "type": "ControlNetLoader",
      "pos": [
        -200,
        100
      ],
      "size": {
        "0": 243.58767700195312,
        "1": 58
      },
      "flags": {},
      "order": 2,
      "mode": 0,
      "outputs": [
        {
          "name": "CONTROL_NET",
          "type": "CONTROL_NET",
          "links": [
            199
          ],
          "shape": 3,
          "slot_index": 0
        }
      ],
      "properties": {
        "Node name for S&R": "ControlNetLoader"
      },
      "widgets_values": [
        "control_instant_id_sdxl.safetensors"
      ],
      "color": "#2a363b",
      "bgcolor": "#3f5159"
    },
    {
      "id": 70,
      "type": "CLIPVisionLoader",
      "pos": [
        1050,
        -485
      ],
      "size": {
        "0": 308.3508605957031,
        "1": 58
      },
      "flags": {},
      "order": 3,
      "mode": 0,
      "outputs": [
        {
          "name": "CLIP_VISION",
          "type": "CLIP_VISION",
          "links": [
            536
          ],
          "shape": 3,
          "slot_index": 0
        }
      ],
      "properties": {
        "Node name for S&R": "CLIPVisionLoader"
      },
      "widgets_values": [
        "CLIP-ViT-H-14-laion2B-s32B-b79K.safetensors"
      ],
      "color": "#223",
      "bgcolor": "#335"
    },
    {
      "id": 68,
      "type": "IPAdapterModelLoader",
      "pos": [
        1054,
        -376
      ],
      "size": {
        "0": 303.4434509277344,
        "1": 58
      },
      "flags": {},
      "order": 4,
      "mode": 0,
      "outputs": [
        {
          "name": "IPADAPTER",
          "type": "IPADAPTER",
          "links": [
            539
          ],
          "shape": 3,
          "slot_index": 0
        }
      ],
      "properties": {
        "Node name for S&R": "IPAdapterModelLoader"
      },
      "widgets_values": [
        "ip-adapter-plus_sdxl_vit-h.safetensors"
      ],
      "color": "#223",
      "bgcolor": "#335"
    },
    {
      "id": 236,
      "type": "Get resolution [Crystools]",
      "pos": [
        1592.8938824327388,
        368.8177439507365
      ],
      "size": {
        "0": 151.4378662109375,
        "1": 96
      },
      "flags": {},
      "order": 28,
      "mode": 0,
      "inputs": [
        {
          "name": "image",
          "type": "IMAGE",
          "link": 580
        }
      ],
      "outputs": [
        {
          "name": "width",
          "type": "INT",
          "links": [
            569
          ],
          "shape": 3,
          "slot_index": 0
        },
        {
          "name": "height",
          "type": "INT",
          "links": [
            570
          ],
          "shape": 3,
          "slot_index": 1
        }
      ],
      "properties": {
        "Node name for S&R": "Get resolution [Crystools]"
      },
      "color": "#432",
      "bgcolor": "#653"
    },
    {
      "id": 237,
      "type": "ImageScale",
      "pos": [
        1605.8938824327388,
        169.81774395073646
      ],
      "size": {
        "0": 210,
        "1": 130
      },
      "flags": {},
      "order": 27,
      "mode": 0,
      "inputs": [
        {
          "name": "image",
          "type": "IMAGE",
          "link": 575
        }
      ],
      "outputs": [
        {
          "name": "IMAGE",
          "type": "IMAGE",
          "links": [
            580
          ],
          "shape": 3,
          "slot_index": 0
        }
      ],
      "properties": {
        "Node name for S&R": "ImageScale"
      },
      "widgets_values": [
        "lanczos",
        840,
        0,
        "disabled"
      ],
      "color": "#432",
      "bgcolor": "#653"
    },
    {
      "id": 239,
      "type": "SaveImage",
      "pos": [
        2437,
        276
      ],
      "size": {
        "0": 210,
        "1": 270
      },
      "flags": {},
      "order": 31,
      "mode": 0,
      "inputs": [
        {
          "name": "images",
          "type": "IMAGE",
          "link": 581
        }
      ],
      "properties": {
        "Node name for S&R": "SaveImage"
      },
      "widgets_values": [
        "ComfyUI"
      ]
    },
    {
      "id": 231,
      "type": "Pipe from any [Crystools]",
      "pos": [
        830,
        60
      ],
      "size": {
        "0": 216.59999084472656,
        "1": 146
      },
      "flags": {},
      "order": 20,
      "mode": 0,
      "inputs": [
        {
          "name": "CPipeAny",
          "type": "CPipeAny",
          "link": 552
        }
      ],
      "outputs": [
        {
          "name": "CPipeAny",
          "type": "CPipeAny",
          "links": [
            560
          ],
          "shape": 3,
          "slot_index": 0
        },
        {
          "name": "any_1",
          "type": "*",
          "links": [
            559
          ],
          "shape": 3,
          "label": "MODEL",
          "slot_index": 1
        },
        {
          "name": "any_2",
          "type": "*",
          "links": [],
          "shape": 3,
          "label": "CLIP",
          "slot_index": 2
        },
        {
          "name": "any_3",
          "type": "*",
          "links": [],
          "shape": 3,
          "label": "VAE",
          "slot_index": 3
        },
        {
          "name": "any_4",
          "type": "*",
          "links": [],
          "shape": 3,
          "label": "POS",
          "slot_index": 4
        },
        {
          "name": "any_5",
          "type": "*",
          "links": null,
          "shape": 3,
          "label": "NEG"
        },
        {
          "name": "any_6",
          "type": "*",
          "links": [
            561
          ],
          "shape": 3,
          "label": "IMG",
          "slot_index": 6
        }
      ],
      "properties": {
        "Node name for S&R": "Pipe from any [Crystools]"
      },
      "color": "#432",
      "bgcolor": "#653"
    },
    {
      "id": 230,
      "type": "Pipe to/edit any [Crystools]",
      "pos": [
        230,
        400
      ],
      "size": {
        "0": 216.59999084472656,
        "1": 146
      },
      "flags": {},
      "order": 19,
      "mode": 0,
      "inputs": [
        {
          "name": "CPipeAny",
          "type": "CPipeAny",
          "link": null
        },
        {
          "name": "any_1",
          "type": "*",
          "link": 553,
          "label": "MODEL"
        },
        {
          "name": "any_2",
          "type": "*",
          "link": 557,
          "label": "CLIP"
        },
        {
          "name": "any_3",
          "type": "*",
          "link": 556,
          "label": "VAE"
        },
        {
          "name": "any_4",
          "type": "*",
          "link": 554,
          "label": "POS"
        },
        {
          "name": "any_5",
          "type": "*",
          "link": 555,
          "label": "NEG"
        },
        {
          "name": "any_6",
          "type": "*",
          "link": 558,
          "label": "IMG"
        }
      ],
      "outputs": [
        {
          "name": "CPipeAny",
          "type": "CPipeAny",
          "links": [
            552
          ],
          "shape": 3,
          "slot_index": 0
        }
      ],
      "properties": {
        "Node name for S&R": "Pipe to/edit any [Crystools]"
      },
      "color": "#432",
      "bgcolor": "#653"
    },
    {
      "id": 223,
      "type": "IPAdapterAdvanced",
      "pos": [
        1040,
        -260
      ],
      "size": {
        "0": 315,
        "1": 278
      },
      "flags": {},
      "order": 21,
      "mode": 0,
      "inputs": [
        {
          "name": "model",
          "type": "MODEL",
          "link": 559
        },
        {
          "name": "ipadapter",
          "type": "IPADAPTER",
          "link": 539
        },
        {
          "name": "image",
          "type": "IMAGE",
          "link": 561
        },
        {
          "name": "image_negative",
          "type": "IMAGE",
          "link": null
        },
        {
          "name": "attn_mask",
          "type": "MASK",
          "link": null
        },
        {
          "name": "clip_vision",
          "type": "CLIP_VISION",
          "link": 536
        }
      ],
      "outputs": [
        {
          "name": "MODEL",
          "type": "MODEL",
          "links": [
            562
          ],
          "shape": 3,
          "slot_index": 0
        }
      ],
      "properties": {
        "Node name for S&R": "IPAdapterAdvanced"
      },
      "widgets_values": [
        0.7000000000000001,
        "style transfer",
        "concat",
        0,
        1,
        "V only"
      ],
      "color": "#223",
      "bgcolor": "#335"
    },
    {
      "id": 232,
      "type": "Pipe to/edit any [Crystools]",
      "pos": [
        1180,
        60
      ],
      "size": {
        "0": 216.59999084472656,
        "1": 146
      },
      "flags": {},
      "order": 22,
      "mode": 0,
      "inputs": [
        {
          "name": "CPipeAny",
          "type": "CPipeAny",
          "link": 560
        },
        {
          "name": "any_1",
          "type": "*",
          "link": 562,
          "label": "MODEL"
        },
        {
          "name": "any_2",
          "type": "*",
          "link": null,
          "label": "CLIP"
        },
        {
          "name": "any_3",
          "type": "*",
          "link": null,
          "label": "VAE"
        },
        {
          "name": "any_4",
          "type": "*",
          "link": null,
          "label": "POS"
        },
        {
          "name": "any_5",
          "type": "*",
          "link": null,
          "label": "NEG"
        },
        {
          "name": "any_6",
          "type": "*",
          "link": null,
          "label": "IMG"
        }
      ],
      "outputs": [
        {
          "name": "CPipeAny",
          "type": "CPipeAny",
          "links": [
            639
          ],
          "shape": 3,
          "slot_index": 0
        }
      ],
      "properties": {
        "Node name for S&R": "Pipe to/edit any [Crystools]"
      },
      "color": "#432",
      "bgcolor": "#653"
    },
    {
      "id": 60,
      "type": "ApplyInstantID",
      "pos": [
        80,
        -140
      ],
      "size": {
        "0": 310.0412902832031,
        "1": 285.1913757324219
      },
      "flags": {},
      "order": 18,
      "mode": 0,
      "inputs": [
        {
          "name": "instantid",
          "type": "INSTANTID",
          "link": 197
        },
        {
          "name": "insightface",
          "type": "FACEANALYSIS",
          "link": 198
        },
        {
          "name": "control_net",
          "type": "CONTROL_NET",
          "link": 199
        },
        {
          "name": "image",
          "type": "IMAGE",
          "link": 305
        },
        {
          "name": "model",
          "type": "MODEL",
          "link": 550
        },
        {
          "name": "positive",
          "type": "CONDITIONING",
          "link": 547
        },
        {
          "name": "negative",
          "type": "CONDITIONING",
          "link": 548
        },
        {
          "name": "image_kps",
          "type": "IMAGE",
          "link": 651,
          "slot_index": 7
        },
        {
          "name": "mask",
          "type": "MASK",
          "link": null
        }
      ],
      "outputs": [
        {
          "name": "MODEL",
          "type": "MODEL",
          "links": [
            553
          ],
          "shape": 3,
          "slot_index": 0
        },
        {
          "name": "POSITIVE",
          "type": "CONDITIONING",
          "links": [
            554
          ],
          "shape": 3,
          "slot_index": 1
        },
        {
          "name": "NEGATIVE",
          "type": "CONDITIONING",
          "links": [
            555
          ],
          "shape": 3,
          "slot_index": 2
        }
      ],
      "properties": {
        "Node name for S&R": "ApplyInstantID"
      },
      "widgets_values": [
        0.9,
        0,
        1
      ],
      "color": "#2a363b",
      "bgcolor": "#3f5159"
    },
    {
      "id": 233,
      "type": "Pipe from any [Crystools]",
      "pos": [
        1554.8938824327388,
        -24.182256049263582
      ],
      "size": {
        "0": 216.59999084472656,
        "1": 146
      },
      "flags": {},
      "order": 26,
      "mode": 0,
      "inputs": [
        {
          "name": "CPipeAny",
          "type": "CPipeAny",
          "link": 645
        }
      ],
      "outputs": [
        {
          "name": "CPipeAny",
          "type": "CPipeAny",
          "links": [],
          "shape": 3,
          "slot_index": 0
        },
        {
          "name": "any_1",
          "type": "*",
          "links": [
            582
          ],
          "shape": 3,
          "label": "MODEL",
          "slot_index": 1
        },
        {
          "name": "any_2",
          "type": "*",
          "links": [],
          "shape": 3,
          "label": "CLIP",
          "slot_index": 2
        },
        {
          "name": "any_3",
          "type": "*",
          "links": [
            578
          ],
          "shape": 3,
          "label": "VAE",
          "slot_index": 3
        },
        {
          "name": "any_4",
          "type": "*",
          "links": [
            646
          ],
          "shape": 3,
          "label": "POS",
          "slot_index": 4
        },
        {
          "name": "any_5",
          "type": "*",
          "links": [
            647
          ],
          "shape": 3,
          "label": "NEG",
          "slot_index": 5
        },
        {
          "name": "any_6",
          "type": "*",
          "links": [
            575
          ],
          "shape": 3,
          "label": "IMG",
          "slot_index": 6
        }
      ],
      "properties": {
        "Node name for S&R": "Pipe from any [Crystools]"
      },
      "color": "#432",
      "bgcolor": "#653"
    },
    {
      "id": 263,
      "type": "ControlNetApplyAdvanced",
      "pos": [
        950.686926639443,
        773.8627959896844
      ],
      "size": {
        "0": 315,
        "1": 166
      },
      "flags": {},
      "order": 24,
      "mode": 4,
      "inputs": [
        {
          "name": "positive",
          "type": "CONDITIONING",
          "link": 630
        },
        {
          "name": "negative",
          "type": "CONDITIONING",
          "link": 631
        },
        {
          "name": "control_net",
          "type": "CONTROL_NET",
          "link": 627,
          "slot_index": 2
        },
        {
          "name": "image",
          "type": "IMAGE",
          "link": 638
        }
      ],
      "outputs": [
        {
          "name": "positive",
          "type": "CONDITIONING",
          "links": [
            642
          ],
          "shape": 3,
          "slot_index": 0
        },
        {
          "name": "negative",
          "type": "CONDITIONING",
          "links": [
            643
          ],
          "shape": 3,
          "slot_index": 1
        }
      ],
      "properties": {
        "Node name for S&R": "ControlNetApplyAdvanced"
      },
      "widgets_values": [
        1,
        0,
        1
      ],
      "color": "#233",
      "bgcolor": "#355"
    },
    {
      "id": 264,
      "type": "ControlNetLoader",
      "pos": [
        952.686926639443,
        993.8627959896845
      ],
      "size": {
        "0": 315,
        "1": 58
      },
      "flags": {},
      "order": 5,
      "mode": 4,
      "outputs": [
        {
          "name": "CONTROL_NET",
          "type": "CONTROL_NET",
          "links": [
            627
          ],
          "shape": 3
        }
      ],
      "properties": {
        "Node name for S&R": "ControlNetLoader"
      },
      "widgets_values": [
        "XL-OpenPoseXL2.safetensors"
      ],
      "color": "#233",
      "bgcolor": "#355"
    },
    {
      "id": 267,
      "type": "PreviewImage",
      "pos": [
        1310.6869266394438,
        1038.8627959896846
      ],
      "size": {
        "0": 210,
        "1": 246
      },
      "flags": {},
      "order": 16,
      "mode": 4,
      "inputs": [
        {
          "name": "images",
          "type": "IMAGE",
          "link": 637
        }
      ],
      "properties": {
        "Node name for S&R": "PreviewImage"
      },
      "color": "#233",
      "bgcolor": "#355"
    },
    {
      "id": 273,
      "type": "Any Switch (rgthree)",
      "pos": {
        "0": 120,
        "1": 220,
        "2": 0,
        "3": 0,
        "4": 0,
        "5": 0,
        "6": 0,
        "7": 0,
        "8": 0,
        "9": 0
      },
      "size": {
        "0": 168,
        "1": 106
      },
      "flags": {},
      "order": 14,
      "mode": 0,
      "inputs": [
        {
          "name": "any_01",
          "type": "IMAGE",
          "link": 649,
          "dir": 3
        },
        {
          "name": "any_02",
          "type": "IMAGE",
          "link": 650,
          "dir": 3
        },
        {
          "name": "any_03",
          "type": "IMAGE",
          "link": null,
          "dir": 3
        },
        {
          "name": "any_04",
          "type": "IMAGE",
          "link": null,
          "dir": 3
        },
        {
          "name": "any_05",
          "type": "IMAGE",
          "link": null,
          "dir": 3
        }
      ],
      "outputs": [
        {
          "name": "*",
          "type": "IMAGE",
          "links": [
            651
          ],
          "shape": 3,
          "dir": 4,
          "label": "IMAGE",
          "slot_index": 0
        }
      ],
      "properties": {},
      "widgets_values": [],
      "color": "#2a363b",
      "bgcolor": "#3f5159"
    },
    {
      "id": 265,
      "type": "Pipe from any [Crystools]",
      "pos": [
        508,
        772
      ],
      "size": {
        "0": 216.59999084472656,
        "1": 146
      },
      "flags": {},
      "order": 23,
      "mode": 4,
      "inputs": [
        {
          "name": "CPipeAny",
          "type": "CPipeAny",
          "link": 639
        }
      ],
      "outputs": [
        {
          "name": "CPipeAny",
          "type": "CPipeAny",
          "links": [
            644
          ],
          "shape": 3,
          "slot_index": 0
        },
        {
          "name": "any_1",
          "type": "*",
          "links": [],
          "shape": 3,
          "label": "MODEL",
          "slot_index": 1
        },
        {
          "name": "any_2",
          "type": "*",
          "links": [],
          "shape": 3,
          "label": "CLIP",
          "slot_index": 2
        },
        {
          "name": "any_3",
          "type": "*",
          "links": [],
          "shape": 3,
          "label": "VAE",
          "slot_index": 3
        },
        {
          "name": "any_4",
          "type": "*",
          "links": [
            630
          ],
          "shape": 3,
          "label": "POS",
          "slot_index": 4
        },
        {
          "name": "any_5",
          "type": "*",
          "links": [
            631
          ],
          "shape": 3,
          "label": "NEG",
          "slot_index": 5
        },
        {
          "name": "any_6",
          "type": "*",
          "links": [],
          "shape": 3,
          "label": "IMG",
          "slot_index": 6
        }
      ],
      "properties": {
        "Node name for S&R": "Pipe from any [Crystools]"
      },
      "color": "#432",
      "bgcolor": "#653"
    },
    {
      "id": 269,
      "type": "Pipe to/edit any [Crystools]",
      "pos": [
        1375,
        773
      ],
      "size": {
        "0": 216.59999084472656,
        "1": 146
      },
      "flags": {},
      "order": 25,
      "mode": 4,
      "inputs": [
        {
          "name": "CPipeAny",
          "type": "CPipeAny",
          "link": 644
        },
        {
          "name": "any_1",
          "type": "*",
          "link": null,
          "label": "MODEL"
        },
        {
          "name": "any_2",
          "type": "*",
          "link": null,
          "label": "CLIP"
        },
        {
          "name": "any_3",
          "type": "*",
          "link": null,
          "label": "VAE"
        },
        {
          "name": "any_4",
          "type": "*",
          "link": 642,
          "label": "POS"
        },
        {
          "name": "any_5",
          "type": "*",
          "link": 643,
          "label": "NEG"
        },
        {
          "name": "any_6",
          "type": "*",
          "link": null,
          "label": "IMG"
        }
      ],
      "outputs": [
        {
          "name": "CPipeAny",
          "type": "CPipeAny",
          "links": [
            645
          ],
          "shape": 3,
          "slot_index": 0
        }
      ],
      "properties": {
        "Node name for S&R": "Pipe to/edit any [Crystools]"
      },
      "color": "#432",
      "bgcolor": "#653"
    },
    {
      "id": 13,
      "type": "LoadImage",
      "pos": [
        -1370,
        60
      ],
      "size": {
        "0": 402.85693359375,
        "1": 480.6563720703125
      },
      "flags": {},
      "order": 6,
      "mode": 0,
      "outputs": [
        {
          "name": "IMAGE",
          "type": "IMAGE",
          "links": [
            289
          ],
          "shape": 3,
          "slot_index": 0
        },
        {
          "name": "MASK",
          "type": "MASK",
          "links": null,
          "shape": 3
        }
      ],
      "title": "Load Image - FACE",
      "properties": {
        "Node name for S&R": "LoadImage"
      },
      "widgets_values": [
        "1 (8).jpg",
        "image"
      ],
      "color": "#8744ab",
      "bgcolor": "#733097"
    },
    {
      "id": 260,
      "type": "LoadImage",
      "pos": [
        566,
        986
      ],
      "size": {
        "0": 315,
        "1": 314
      },
      "flags": {},
      "order": 7,
      "mode": 4,
      "outputs": [
        {
          "name": "IMAGE",
          "type": "IMAGE",
          "links": [
            636,
            649
          ],
          "shape": 3,
          "slot_index": 0
        },
        {
          "name": "MASK",
          "type": "MASK",
          "links": null,
          "shape": 3
        }
      ],
      "title": "Load Image - POSE",
      "properties": {
        "Node name for S&R": "LoadImage"
      },
      "widgets_values": [
        "00001-3075718002.png",
        "image"
      ],
      "color": "#ad41c2",
      "bgcolor": "#992dae"
    },
    {
      "id": 178,
      "type": "LoadImage",
      "pos": [
        -200,
        210
      ],
      "size": {
        "0": 251.6449737548828,
        "1": 314
      },
      "flags": {},
      "order": 8,
      "mode": 0,
      "outputs": [
        {
          "name": "IMAGE",
          "type": "IMAGE",
          "links": [
            558,
            650
          ],
          "shape": 3,
          "slot_index": 0
        },
        {
          "name": "MASK",
          "type": "MASK",
          "links": null,
          "shape": 3
        }
      ],
      "title": "Load Image - STYLE OR POSE",
      "properties": {
        "Node name for S&R": "LoadImage"
      },
      "widgets_values": [
        "71b21034a2ed79ec0dee877d796aace7 (2).jpg",
        "image"
      ],
      "color": "#913bb9",
      "bgcolor": "#7d27a5"
    },
    {
      "id": 5,
      "type": "EmptyLatentImage",
      "pos": [
        1779,
        352
      ],
      "size": {
        "0": 210,
        "1": 100.93524932861328
      },
      "flags": {},
      "order": 29,
      "mode": 0,
      "inputs": [
        {
          "name": "width",
          "type": "INT",
          "link": 569,
          "widget": {
            "name": "width"
          }
        },
        {
          "name": "height",
          "type": "INT",
          "link": 570,
          "widget": {
            "name": "height"
          }
        }
      ],
      "outputs": [
        {
          "name": "LATENT",
          "type": "LATENT",
          "links": [
            571
          ],
          "slot_index": 0
        }
      ],
      "properties": {
        "Node name for S&R": "EmptyLatentImage"
      },
      "widgets_values": [
        1016,
        1016,
        1
      ],
      "color": "#432",
      "bgcolor": "#653"
    },
    {
      "id": 266,
      "type": "DWPreprocessor",
      "pos": [
        947.6869266394427,
        1100.8627959896846
      ],
      "size": {
        "0": 315,
        "1": 198
      },
      "flags": {},
      "order": 13,
      "mode": 4,
      "inputs": [
        {
          "name": "image",
          "type": "IMAGE",
          "link": 636
        }
      ],
      "outputs": [
        {
          "name": "IMAGE",
          "type": "IMAGE",
          "links": [
            637,
            638
          ],
          "shape": 3,
          "slot_index": 0
        },
        {
          "name": "POSE_KEYPOINT",
          "type": "POSE_KEYPOINT",
          "links": null,
          "shape": 3
        }
      ],
      "properties": {
        "Node name for S&R": "DWPreprocessor"
      },
      "widgets_values": [
        "disable",
        "enable",
        "disable",
        512,
        "yolox_l.onnx",
        "dw-ll_ucoco_384_bs5.torchscript.pt"
      ],
      "color": "#233",
      "bgcolor": "#355"
    },
    {
      "id": 105,
      "type": "ImageScale",
      "pos": [
        -1320,
        -130
      ],
      "size": {
        "0": 315,
        "1": 130
      },
      "flags": {},
      "order": 12,
      "mode": 0,
      "inputs": [
        {
          "name": "image",
          "type": "IMAGE",
          "link": 289
        }
      ],
      "outputs": [
        {
          "name": "IMAGE",
          "type": "IMAGE",
          "links": [
            305
          ],
          "shape": 3,
          "slot_index": 0
        }
      ],
      "properties": {
        "Node name for S&R": "ImageScale"
      },
      "widgets_values": [
        "lanczos",
        1024,
        0,
        "disabled"
      ],
      "color": "#2a363b",
      "bgcolor": "#3f5159"
    },
    {
      "id": 277,
      "type": "GoogleTranslateTextNode",
      "pos": [
        -910,
        -30
      ],
      "size": {
        "0": 307.3330078125,
        "1": 245.8174591064453
      },
      "flags": {},
      "order": 9,
      "mode": 0,
      "outputs": [
        {
          "name": "text",
          "type": "STRING",
          "links": [
            653
          ],
          "shape": 3,
          "slot_index": 0
        }
      ],
      "properties": {
        "Node name for S&R": "GoogleTranslateTextNode"
      },
      "widgets_values": [
        "auto",
        "en",
        false,
        "Manual Trasnlate",
        "comic character. graphic illustration, comic art, graphic novel art, vibrant, highly detailed, color"
      ],
      "color": "#232",
      "bgcolor": "#353"
    },
    {
      "id": 276,
      "type": "SDXLPromptStyler",
      "pos": [
        -920,
        280
      ],
      "size": {
        "0": 329.4750671386719,
        "1": 243.8021697998047
      },
      "flags": {},
      "order": 15,
      "mode": 0,
      "inputs": [
        {
          "name": "text_positive",
          "type": "STRING",
          "link": 653,
          "widget": {
            "name": "text_positive"
          }
        }
      ],
      "outputs": [
        {
          "name": "text_positive",
          "type": "STRING",
          "links": [
            654
          ],
          "shape": 3,
          "slot_index": 0
        },
        {
          "name": "text_negative",
          "type": "STRING",
          "links": [
            655
          ],
          "shape": 3,
          "slot_index": 1
        }
      ],
      "properties": {
        "Node name for S&R": "SDXLPromptStyler"
      },
      "widgets_values": [
        "",
        "",
        "Fantasy Art",
        true,
        true,
        true
      ],
      "color": "#322",
      "bgcolor": "#533"
    },
    {
      "id": 234,
      "type": "KSampler (Efficient)",
      "pos": [
        2077,
        -11
      ],
      "size": {
        "0": 291.9662780761719,
        "1": 558
      },
      "flags": {},
      "order": 30,
      "mode": 0,
      "inputs": [
        {
          "name": "model",
          "type": "MODEL",
          "link": 582
        },
        {
          "name": "positive",
          "type": "CONDITIONING",
          "link": 646
        },
        {
          "name": "negative",
          "type": "CONDITIONING",
          "link": 647
        },
        {
          "name": "latent_image",
          "type": "LATENT",
          "link": 571
        },
        {
          "name": "optional_vae",
          "type": "VAE",
          "link": 578
        },
        {
          "name": "script",
          "type": "SCRIPT",
          "link": null
        },
        {
          "name": "seed",
          "type": "INT",
          "link": 564,
          "widget": {
            "name": "seed"
          }
        }
      ],
      "outputs": [
        {
          "name": "MODEL",
          "type": "MODEL",
          "links": null,
          "shape": 3
        },
        {
          "name": "CONDITIONING+",
          "type": "CONDITIONING",
          "links": null,
          "shape": 3,
          "slot_index": 1
        },
        {
          "name": "CONDITIONING-",
          "type": "CONDITIONING",
          "links": null,
          "shape": 3
        },
        {
          "name": "LATENT",
          "type": "LATENT",
          "links": null,
          "shape": 3
        },
        {
          "name": "VAE",
          "type": "VAE",
          "links": null,
          "shape": 3
        },
        {
          "name": "IMAGE",
          "type": "IMAGE",
          "links": [
            581
          ],
          "shape": 3,
          "slot_index": 5
        }
      ],
      "properties": {
        "Node name for S&R": "KSampler (Efficient)"
      },
      "widgets_values": [
        374858970461077,
        null,
        24,
        4,
        "euler_ancestral",
        "karras",
        1,
        "auto",
        "true"
      ],
      "color": "#432",
      "bgcolor": "#653",
      "shape": 1
    },
    {
      "id": 227,
      "type": "Efficient Loader",
      "pos": [
        -560,
        65
      ],
      "size": {
        "0": 285.7057189941406,
        "1": 415.8385314941406
      },
      "flags": {},
      "order": 17,
      "mode": 0,
      "inputs": [
        {
          "name": "lora_stack",
          "type": "LORA_STACK",
          "link": null
        },
        {
          "name": "cnet_stack",
          "type": "CONTROL_NET_STACK",
          "link": null
        },
        {
          "name": "positive",
          "type": "STRING",
          "link": 654,
          "widget": {
            "name": "positive"
          }
        },
        {
          "name": "negative",
          "type": "STRING",
          "link": 655,
          "widget": {
            "name": "negative"
          }
        }
      ],
      "outputs": [
        {
          "name": "MODEL",
          "type": "MODEL",
          "links": [
            550
          ],
          "shape": 3,
          "slot_index": 0
        },
        {
          "name": "CONDITIONING+",
          "type": "CONDITIONING",
          "links": [
            547
          ],
          "shape": 3,
          "slot_index": 1
        },
        {
          "name": "CONDITIONING-",
          "type": "CONDITIONING",
          "links": [
            548
          ],
          "shape": 3,
          "slot_index": 2
        },
        {
          "name": "LATENT",
          "type": "LATENT",
          "links": null,
          "shape": 3
        },
        {
          "name": "VAE",
          "type": "VAE",
          "links": [
            556
          ],
          "shape": 3,
          "slot_index": 4
        },
        {
          "name": "CLIP",
          "type": "CLIP",
          "links": [
            557
          ],
          "shape": 3,
          "slot_index": 5
        },
        {
          "name": "DEPENDENCIES",
          "type": "DEPENDENCIES",
          "links": null,
          "shape": 3
        }
      ],
      "properties": {
        "Node name for S&R": "Efficient Loader"
      },
      "widgets_values": [
        "SDXL\\realvisxlV40_v40Bakedvae.safetensors",
        "Baked VAE",
        -1,
        "None",
        1,
        1,
        "comic character. graphic illustration, comic art, graphic novel art, vibrant, highly detailed, color",
        "",
        "none",
        "comfy",
        512,
        512,
        1
      ],
      "color": "#223",
      "bgcolor": "#335",
      "shape": 1
    },
    {
      "id": 235,
      "type": "Seed (rgthree)",
      "pos": {
        "0": 1842.8939208984375,
        "1": 168.81771850585938,
        "2": 0,
        "3": 0,
        "4": 0,
        "5": 0,
        "6": 0,
        "7": 0,
        "8": 0,
        "9": 0
      },
      "size": {
        "0": 210,
        "1": 130
      },
      "flags": {},
      "order": 10,
      "mode": 0,
      "inputs": [],
      "outputs": [
        {
          "name": "SEED",
          "type": "INT",
          "links": [
            564
          ],
          "shape": 3,
          "dir": 4,
          "slot_index": 0
        }
      ],
      "properties": {},
      "widgets_values": [
        712052877569958,
        null,
        null,
        null
      ],
      "color": "#332922",
      "bgcolor": "#593930"
    },
    {
      "id": 275,
      "type": "Fast Groups Bypasser (rgthree)",
      "pos": {
        "0": 813,
        "1": 406,
        "2": 0,
        "3": 0,
        "4": 0,
        "5": 0,
        "6": 0,
        "7": 0,
        "8": 0,
        "9": 0
      },
      "size": {
        "0": 366.57489013671875,
        "1": 151.2334747314453
      },
      "flags": {},
      "order": 11,
      "mode": 0,
      "inputs": [],
      "outputs": [
        {
          "name": "OPT_CONNECTION",
          "type": "*",
          "links": null
        }
      ],
      "properties": {
        "matchColors": "",
        "matchTitle": "",
        "showNav": true,
        "sort": "position",
        "customSortAlphabet": "",
        "toggleRestriction": "default"
      },
      "color": "#2ea0d0",
      "bgcolor": "#1a8cbc"
    }
  ],
  "links": [
    [
      197,
      11,
      0,
      60,
      0,
      "INSTANTID"
    ],
    [
      198,
      38,
      0,
      60,
      1,
      "FACEANALYSIS"
    ],
    [
      199,
      16,
      0,
      60,
      2,
      "CONTROL_NET"
    ],
    [
      289,
      13,
      0,
      105,
      0,
      "IMAGE"
    ],
    [
      305,
      105,
      0,
      60,
      3,
      "IMAGE"
    ],
    [
      536,
      70,
      0,
      223,
      5,
      "CLIP_VISION"
    ],
    [
      539,
      68,
      0,
      223,
      1,
      "IPADAPTER"
    ],
    [
      547,
      227,
      1,
      60,
      5,
      "CONDITIONING"
    ],
    [
      548,
      227,
      2,
      60,
      6,
      "CONDITIONING"
    ],
    [
      550,
      227,
      0,
      60,
      4,
      "MODEL"
    ],
    [
      552,
      230,
      0,
      231,
      0,
      "CPipeAny"
    ],
    [
      553,
      60,
      0,
      230,
      1,
      "*"
    ],
    [
      554,
      60,
      1,
      230,
      4,
      "*"
    ],
    [
      555,
      60,
      2,
      230,
      5,
      "*"
    ],
    [
      556,
      227,
      4,
      230,
      3,
      "*"
    ],
    [
      557,
      227,
      5,
      230,
      2,
      "*"
    ],
    [
      558,
      178,
      0,
      230,
      6,
      "*"
    ],
    [
      559,
      231,
      1,
      223,
      0,
      "MODEL"
    ],
    [
      560,
      231,
      0,
      232,
      0,
      "CPipeAny"
    ],
    [
      561,
      231,
      6,
      223,
      2,
      "IMAGE"
    ],
    [
      562,
      223,
      0,
      232,
      1,
      "*"
    ],
    [
      564,
      235,
      0,
      234,
      6,
      "INT"
    ],
    [
      569,
      236,
      0,
      5,
      0,
      "INT"
    ],
    [
      570,
      236,
      1,
      5,
      1,
      "INT"
    ],
    [
      571,
      5,
      0,
      234,
      3,
      "LATENT"
    ],
    [
      575,
      233,
      6,
      237,
      0,
      "IMAGE"
    ],
    [
      578,
      233,
      3,
      234,
      4,
      "VAE"
    ],
    [
      580,
      237,
      0,
      236,
      0,
      "IMAGE"
    ],
    [
      581,
      234,
      5,
      239,
      0,
      "IMAGE"
    ],
    [
      582,
      233,
      1,
      234,
      0,
      "MODEL"
    ],
    [
      627,
      264,
      0,
      263,
      2,
      "CONTROL_NET"
    ],
    [
      630,
      265,
      4,
      263,
      0,
      "CONDITIONING"
    ],
    [
      631,
      265,
      5,
      263,
      1,
      "CONDITIONING"
    ],
    [
      636,
      260,
      0,
      266,
      0,
      "IMAGE"
    ],
    [
      637,
      266,
      0,
      267,
      0,
      "IMAGE"
    ],
    [
      638,
      266,
      0,
      263,
      3,
      "IMAGE"
    ],
    [
      639,
      232,
      0,
      265,
      0,
      "CPipeAny"
    ],
    [
      642,
      263,
      0,
      269,
      4,
      "*"
    ],
    [
      643,
      263,
      1,
      269,
      5,
      "*"
    ],
    [
      644,
      265,
      0,
      269,
      0,
      "CPipeAny"
    ],
    [
      645,
      269,
      0,
      233,
      0,
      "CPipeAny"
    ],
    [
      646,
      233,
      4,
      234,
      1,
      "CONDITIONING"
    ],
    [
      647,
      233,
      5,
      234,
      2,
      "CONDITIONING"
    ],
    [
      649,
      260,
      0,
      273,
      0,
      "*"
    ],
    [
      650,
      178,
      0,
      273,
      1,
      "IMAGE"
    ],
    [
      651,
      273,
      0,
      60,
      7,
      "IMAGE"
    ],
    [
      653,
      277,
      0,
      276,
      0,
      "STRING"
    ],
    [
      654,
      276,
      0,
      227,
      2,
      "STRING"
    ],
    [
      655,
      276,
      1,
      227,
      3,
      "STRING"
    ]
  ],
  "groups": [
    {
      "title": "IP-ADAPTER STYLE",
      "bounding": [
        846,
        -563,
        537,
        797
      ],
      "color": "#88A",
      "font_size": 24,
      "locked": false
    },
    {
      "title": "Generator",
      "bounding": [
        1585,
        -98,
        798,
        669
      ],
      "color": "#b58b2a",
      "font_size": 24,
      "locked": false
    },
    {
      "title": "INSTANT ID",
      "bounding": [
        -1380,
        -218,
        1791,
        804
      ],
      "color": "#3f789e",
      "font_size": 24,
      "locked": false
    },
    {
      "title": "OpenPose (stabledif.ru)",
      "bounding": [
        546,
        681,
        1011,
        644
      ],
      "color": "#3f789e",
      "font_size": 24,
      "locked": false
    }
  ],
  "config": {},
  "extra": {
    "ds": {
      "scale": 0.23092115320382112,
      "offset": {
        "0": 2166.1250846636794,
        "1": 1168.3528812857408
      }
    }
  },
  "version": 0.4
}