{
  "last_node_id": 390,
  "last_link_id": 723,
  "nodes": [
    {
      "id": 291,
      "type": "Pipe to/edit any [Crystools]",
      "pos": [
        -1692,
        2469
      ],
      "size": {
        "0": 216.59999084472656,
        "1": 146
      },
      "flags": {},
      "order": 22,
      "mode": 0,
      "inputs": [
        {
          "name": "CPipeAny",
          "type": "CPipeAny",
          "link": null
        },
        {
          "name": "any_1",
          "type": "*",
          "link": 548,
          "label": "MODEL"
        },
        {
          "name": "any_2",
          "type": "*",
          "link": 552,
          "label": "CLIP"
        },
        {
          "name": "any_3",
          "type": "*",
          "link": 551,
          "label": "VAE"
        },
        {
          "name": "any_4",
          "type": "*",
          "link": 643,
          "label": "POS"
        },
        {
          "name": "any_5",
          "type": "*",
          "link": 650,
          "label": "NEG"
        },
        {
          "name": "any_6",
          "type": "*",
          "link": 670,
          "label": "Latent"
        }
      ],
      "outputs": [
        {
          "name": "CPipeAny",
          "type": "CPipeAny",
          "links": [
            554
          ],
          "slot_index": 0,
          "shape": 3
        }
      ],
      "properties": {
        "Node name for S&R": "Pipe to/edit any [Crystools]"
      },
      "color": "#432",
      "bgcolor": "#653"
    },
    {
      "id": 356,
      "type": "PreviewImage",
      "pos": [
        -2255.181059249721,
        3755.9183842822526
      ],
      "size": {
        "0": 210,
        "1": 246
      },
      "flags": {},
      "order": 14,
      "mode": 0,
      "inputs": [
        {
          "name": "images",
          "type": "IMAGE",
          "link": 640
        }
      ],
      "properties": {
        "Node name for S&R": "PreviewImage"
      },
      "color": "#233",
      "bgcolor": "#355"
    },
    {
      "id": 363,
      "type": "PerturbedAttentionGuidance",
      "pos": [
        -1301.6663818359395,
        3079.5560946994206
      ],
      "size": {
        "0": 218.39999389648438,
        "1": 58
      },
      "flags": {},
      "order": 30,
      "mode": 0,
      "inputs": [
        {
          "name": "model",
          "type": "MODEL",
          "link": 651,
          "slot_index": 0
        }
      ],
      "outputs": [
        {
          "name": "MODEL",
          "type": "MODEL",
          "links": [
            660
          ],
          "slot_index": 0,
          "shape": 3
        }
      ],
      "properties": {
        "Node name for S&R": "PerturbedAttentionGuidance"
      },
      "widgets_values": [
        3
      ],
      "color": "#233",
      "bgcolor": "#355"
    },
    {
      "id": 367,
      "type": "CR Latent Batch Size",
      "pos": [
        -1282.6663818359395,
        3196.5560946994206
      ],
      "size": {
        "0": 210,
        "1": 58.793853759765625
      },
      "flags": {},
      "order": 31,
      "mode": 0,
      "inputs": [
        {
          "name": "latent",
          "type": "LATENT",
          "link": 668
        }
      ],
      "outputs": [
        {
          "name": "LATENT",
          "type": "LATENT",
          "links": [
            669
          ],
          "slot_index": 0,
          "shape": 3
        }
      ],
      "properties": {
        "Node name for S&R": "CR Latent Batch Size"
      },
      "widgets_values": [
        4
      ],
      "color": "#223",
      "bgcolor": "#335"
    },
    {
      "id": 295,
      "type": "Reroute",
      "pos": [
        -1561,
        2643
      ],
      "size": [
        82,
        26
      ],
      "flags": {},
      "order": 21,
      "mode": 0,
      "inputs": [
        {
          "name": "",
          "type": "*",
          "link": 569,
          "label": "🧲"
        }
      ],
      "outputs": [
        {
          "name": "IMAGE",
          "type": "IMAGE",
          "links": [
            673
          ],
          "slot_index": 0
        }
      ],
      "properties": {
        "showOutputText": true,
        "horizontal": false
      },
      "color": "#432",
      "bgcolor": "#653"
    },
    {
      "id": 293,
      "type": "Pipe from any [Crystools]",
      "pos": [
        -2299,
        3033
      ],
      "size": {
        "0": 216.59999084472656,
        "1": 146
      },
      "flags": {},
      "order": 24,
      "mode": 0,
      "inputs": [
        {
          "name": "CPipeAny",
          "type": "CPipeAny",
          "link": 554
        }
      ],
      "outputs": [
        {
          "name": "CPipeAny",
          "type": "CPipeAny",
          "links": [
            562
          ],
          "slot_index": 0,
          "shape": 3
        },
        {
          "name": "any_1",
          "type": "*",
          "links": [
            564,
            567
          ],
          "slot_index": 1,
          "shape": 3,
          "label": "MODEL"
        },
        {
          "name": "any_2",
          "type": "*",
          "links": [],
          "slot_index": 2,
          "shape": 3,
          "label": "CLIP"
        },
        {
          "name": "any_3",
          "type": "*",
          "links": [],
          "slot_index": 3,
          "shape": 3,
          "label": "VAE"
        },
        {
          "name": "any_4",
          "type": "*",
          "links": [
            565
          ],
          "slot_index": 4,
          "shape": 3,
          "label": "POS"
        },
        {
          "name": "any_5",
          "type": "*",
          "links": [
            566
          ],
          "slot_index": 5,
          "shape": 3,
          "label": "NEG"
        },
        {
          "name": "any_6",
          "type": "*",
          "links": null,
          "shape": 3,
          "label": "Latent"
        }
      ],
      "properties": {
        "Node name for S&R": "Pipe from any [Crystools]"
      },
      "color": "#432",
      "bgcolor": "#653"
    },
    {
      "id": 251,
      "type": "Reroute",
      "pos": [
        -2276,
        2927
      ],
      "size": [
        82,
        26
      ],
      "flags": {},
      "order": 23,
      "mode": 0,
      "inputs": [
        {
          "name": "",
          "type": "*",
          "link": 673,
          "label": "🧲"
        }
      ],
      "outputs": [
        {
          "name": "IMAGE",
          "type": "IMAGE",
          "links": [
            478
          ],
          "slot_index": 0
        }
      ],
      "properties": {
        "showOutputText": true,
        "horizontal": false
      },
      "color": "#432",
      "bgcolor": "#653"
    },
    {
      "id": 244,
      "type": "VAEEncode",
      "pos": [
        -2141,
        2385
      ],
      "size": {
        "0": 210,
        "1": 46
      },
      "flags": {},
      "order": 20,
      "mode": 0,
      "inputs": [
        {
          "name": "pixels",
          "type": "IMAGE",
          "link": 500
        },
        {
          "name": "vae",
          "type": "VAE",
          "link": 572
        }
      ],
      "outputs": [
        {
          "name": "LATENT",
          "type": "LATENT",
          "links": [
            670
          ],
          "slot_index": 0,
          "shape": 3
        }
      ],
      "properties": {
        "Node name for S&R": "VAEEncode"
      },
      "color": "#223",
      "bgcolor": "#335"
    },
    {
      "id": 379,
      "type": "easy imageRemBg",
      "pos": [
        -567.6663818359398,
        3145.5560946994206
      ],
      "size": {
        "0": 315,
        "1": 314.00006103515625
      },
      "flags": {},
      "order": 33,
      "mode": 0,
      "inputs": [
        {
          "name": "images",
          "type": "IMAGE",
          "link": 700
        }
      ],
      "outputs": [
        {
          "name": "image",
          "type": "IMAGE",
          "links": [],
          "slot_index": 0,
          "shape": 3
        },
        {
          "name": "mask",
          "type": "MASK",
          "links": [],
          "slot_index": 1,
          "shape": 3
        }
      ],
      "properties": {
        "Node name for S&R": "easy imageRemBg"
      },
      "widgets_values": [
        "RMBG-1.4",
        "Preview",
        "ComfyUI",
        false
      ]
    },
    {
      "id": 374,
      "type": "PreviewImage",
      "pos": [
        -2845.5555501302138,
        2780
      ],
      "size": {
        "0": 303.3553466796875,
        "1": 246
      },
      "flags": {},
      "order": 18,
      "mode": 0,
      "inputs": [
        {
          "name": "images",
          "type": "IMAGE",
          "link": 689
        }
      ],
      "properties": {
        "Node name for S&R": "PreviewImage"
      },
      "color": "#223",
      "bgcolor": "#335"
    },
    {
      "id": 373,
      "type": "Get resolution [Crystools]",
      "pos": [
        -3095.5555501302138,
        2230
      ],
      "size": {
        "0": 210,
        "1": 96.0001220703125
      },
      "flags": {},
      "order": 8,
      "mode": 0,
      "inputs": [
        {
          "name": "image",
          "type": "IMAGE",
          "link": 688
        }
      ],
      "outputs": [
        {
          "name": "width",
          "type": "INT",
          "links": [
            693
          ],
          "slot_index": 0,
          "shape": 3
        },
        {
          "name": "height",
          "type": "INT",
          "links": [
            694
          ],
          "slot_index": 1,
          "shape": 3
        }
      ],
      "properties": {
        "Node name for S&R": "Get resolution [Crystools]"
      },
      "color": "#223",
      "bgcolor": "#335"
    },
    {
      "id": 383,
      "type": "Seed (rgthree)",
      "pos": {
        "0": -827.1915283203125,
        "1": 1951.594970703125,
        "2": 0,
        "3": 0,
        "4": 0,
        "5": 0,
        "6": 0,
        "7": 0,
        "8": 0,
        "9": 0
      },
      "size": {
        "0": 319.1244812011719,
        "1": 154
      },
      "flags": {},
      "order": 0,
      "mode": 4,
      "inputs": [],
      "outputs": [
        {
          "name": "SEED",
          "type": "INT",
          "links": [
            707
          ],
          "slot_index": 0,
          "shape": 3,
          "dir": 4
        }
      ],
      "properties": {},
      "widgets_values": [
        -1,
        null,
        null,
        null,
        null
      ],
      "color": "#332922",
      "bgcolor": "#593930"
    },
    {
      "id": 381,
      "type": "GoogleTranslateCLIPTextEncodeNode",
      "pos": [
        -842.1910115668597,
        1650.5954759385766
      ],
      "size": {
        "0": 342.3445739746094,
        "1": 255.79171752929688
      },
      "flags": {},
      "order": 11,
      "mode": 4,
      "inputs": [
        {
          "name": "clip",
          "type": "CLIP",
          "link": 703
        }
      ],
      "outputs": [
        {
          "name": "CONDITIONING",
          "type": "CONDITIONING",
          "links": [
            702
          ],
          "slot_index": 0,
          "shape": 3
        },
        {
          "name": "STRING",
          "type": "STRING",
          "links": null,
          "shape": 3
        }
      ],
      "properties": {
        "Node name for S&R": "GoogleTranslateCLIPTextEncodeNode"
      },
      "widgets_values": [
        "auto",
        "en",
        false,
        "Manual Trasnlate",
        "мультяшка персонаж, добро, детский мультик, стилизация Pixar, в полный рост, динамическая поза",
        true
      ],
      "color": "#232",
      "bgcolor": "#353"
    },
    {
      "id": 375,
      "type": "Image Overlay",
      "pos": [
        -2845.5555501302138,
        2440
      ],
      "size": {
        "0": 315,
        "1": 290
      },
      "flags": {},
      "order": 17,
      "mode": 0,
      "inputs": [
        {
          "name": "base_image",
          "type": "IMAGE",
          "link": 719,
          "slot_index": 0,
          "label": "l1"
        },
        {
          "name": "overlay_image",
          "type": "IMAGE",
          "link": 696,
          "slot_index": 1,
          "label": "f1"
        },
        {
          "name": "optional_mask",
          "type": "MASK",
          "link": 699,
          "slot_index": 2,
          "label": "f11"
        }
      ],
      "outputs": [
        {
          "name": "IMAGE",
          "type": "IMAGE",
          "links": [
            689,
            715
          ],
          "slot_index": 0,
          "shape": 3
        }
      ],
      "properties": {
        "Node name for S&R": "Image Overlay"
      },
      "widgets_values": [
        "Resize by rescale_factor",
        "nearest-exact",
        1,
        512,
        512,
        0,
        0,
        0,
        0
      ],
      "color": "#223",
      "bgcolor": "#335",
      "shape": 1
    },
    {
      "id": 378,
      "type": "InvertMask",
      "pos": [
        -3092.599544135204,
        2061.0885969712863
      ],
      "size": {
        "0": 210,
        "1": 26
      },
      "flags": {},
      "order": 12,
      "mode": 0,
      "inputs": [
        {
          "name": "mask",
          "type": "MASK",
          "link": 698
        }
      ],
      "outputs": [
        {
          "name": "MASK",
          "type": "MASK",
          "links": [
            699
          ],
          "slot_index": 0,
          "shape": 3
        }
      ],
      "properties": {
        "Node name for S&R": "InvertMask"
      },
      "color": "#233",
      "bgcolor": "#355"
    },
    {
      "id": 250,
      "type": "IPAdapterUnifiedLoader",
      "pos": [
        -1980,
        3179
      ],
      "size": {
        "0": 315,
        "1": 78
      },
      "flags": {},
      "order": 25,
      "mode": 0,
      "inputs": [
        {
          "name": "model",
          "type": "MODEL",
          "link": 567
        },
        {
          "name": "ipadapter",
          "type": "IPADAPTER",
          "link": null
        }
      ],
      "outputs": [
        {
          "name": "model",
          "type": "MODEL",
          "links": [],
          "slot_index": 0,
          "shape": 3
        },
        {
          "name": "ipadapter",
          "type": "IPADAPTER",
          "links": [
            481
          ],
          "slot_index": 1,
          "shape": 3
        }
      ],
      "properties": {
        "Node name for S&R": "IPAdapterUnifiedLoader"
      },
      "widgets_values": [
        "PLUS (high strength)"
      ],
      "color": "#2a363b",
      "bgcolor": "#3f5159"
    },
    {
      "id": 247,
      "type": "ControlNetLoader",
      "pos": [
        -1995.1810592497204,
        3665.9183842822526
      ],
      "size": {
        "0": 315,
        "1": 58
      },
      "flags": {},
      "order": 1,
      "mode": 0,
      "outputs": [
        {
          "name": "CONTROL_NET",
          "type": "CONTROL_NET",
          "links": [
            475
          ],
          "slot_index": 0,
          "shape": 3
        }
      ],
      "properties": {
        "Node name for S&R": "ControlNetLoader"
      },
      "widgets_values": [
        "XL-OpenPoseXL2.safetensors"
      ],
      "color": "#233",
      "bgcolor": "#355"
    },
    {
      "id": 357,
      "type": "DWPreprocessor",
      "pos": [
        -1995.1810592497204,
        3795.9183842822526
      ],
      "size": {
        "0": 315,
        "1": 198
      },
      "flags": {},
      "order": 9,
      "mode": 0,
      "inputs": [
        {
          "name": "image",
          "type": "IMAGE",
          "link": 639
        }
      ],
      "outputs": [
        {
          "name": "IMAGE",
          "type": "IMAGE",
          "links": [
            640,
            641
          ],
          "slot_index": 0,
          "shape": 3
        },
        {
          "name": "POSE_KEYPOINT",
          "type": "POSE_KEYPOINT",
          "links": null,
          "shape": 3
        }
      ],
      "properties": {
        "Node name for S&R": "DWPreprocessor"
      },
      "widgets_values": [
        "disable",
        "enable",
        "disable",
        1024,
        "yolox_l.onnx",
        "dw-ll_ucoco_384_bs5.torchscript.pt"
      ],
      "color": "#233",
      "bgcolor": "#355"
    },
    {
      "id": 246,
      "type": "ControlNetApplyAdvanced",
      "pos": [
        -1995.1810592497204,
        3445.9183842822526
      ],
      "size": {
        "0": 315,
        "1": 166
      },
      "flags": {},
      "order": 26,
      "mode": 0,
      "inputs": [
        {
          "name": "positive",
          "type": "CONDITIONING",
          "link": 565
        },
        {
          "name": "negative",
          "type": "CONDITIONING",
          "link": 566
        },
        {
          "name": "control_net",
          "type": "CONTROL_NET",
          "link": 475
        },
        {
          "name": "image",
          "type": "IMAGE",
          "link": 641
        }
      ],
      "outputs": [
        {
          "name": "positive",
          "type": "CONDITIONING",
          "links": [
            560
          ],
          "slot_index": 0,
          "shape": 3
        },
        {
          "name": "negative",
          "type": "CONDITIONING",
          "links": [
            561
          ],
          "slot_index": 1,
          "shape": 3
        }
      ],
      "properties": {
        "Node name for S&R": "ControlNetApplyAdvanced"
      },
      "widgets_values": [
        1,
        0,
        1
      ],
      "color": "#233",
      "bgcolor": "#355"
    },
    {
      "id": 292,
      "type": "Pipe from any [Crystools]",
      "pos": [
        -1356.5069903401031,
        2883.8729967567447
      ],
      "size": {
        "0": 216.59999084472656,
        "1": 146
      },
      "flags": {},
      "order": 29,
      "mode": 0,
      "inputs": [
        {
          "name": "CPipeAny",
          "type": "CPipeAny",
          "link": 645
        }
      ],
      "outputs": [
        {
          "name": "CPipeAny",
          "type": "CPipeAny",
          "links": null,
          "shape": 3
        },
        {
          "name": "any_1",
          "type": "*",
          "links": [
            651
          ],
          "slot_index": 1,
          "shape": 3,
          "label": "MODEL"
        },
        {
          "name": "any_2",
          "type": "*",
          "links": [],
          "slot_index": 2,
          "shape": 3,
          "label": "CLIP"
        },
        {
          "name": "any_3",
          "type": "*",
          "links": [
            664
          ],
          "slot_index": 3,
          "shape": 3,
          "label": "VAE"
        },
        {
          "name": "any_4",
          "type": "*",
          "links": [
            722
          ],
          "slot_index": 4,
          "shape": 3,
          "label": "POS"
        },
        {
          "name": "any_5",
          "type": "*",
          "links": [
            723
          ],
          "slot_index": 5,
          "shape": 3,
          "label": "NEG"
        },
        {
          "name": "any_6",
          "type": "*",
          "links": [
            668
          ],
          "slot_index": 6,
          "shape": 3,
          "label": "Latent"
        }
      ],
      "properties": {
        "Node name for S&R": "Pipe from any [Crystools]"
      },
      "color": "#432",
      "bgcolor": "#653"
    },
    {
      "id": 294,
      "type": "Pipe to/edit any [Crystools]",
      "pos": [
        -1624,
        3129
      ],
      "size": {
        "0": 216.59999084472656,
        "1": 146
      },
      "flags": {},
      "order": 28,
      "mode": 0,
      "inputs": [
        {
          "name": "CPipeAny",
          "type": "CPipeAny",
          "link": 562
        },
        {
          "name": "any_1",
          "type": "*",
          "link": 563,
          "label": "MODEL"
        },
        {
          "name": "any_2",
          "type": "*",
          "link": null,
          "label": "CLIP"
        },
        {
          "name": "any_3",
          "type": "*",
          "link": null,
          "label": "VAE"
        },
        {
          "name": "any_4",
          "type": "*",
          "link": 560,
          "label": "POS"
        },
        {
          "name": "any_5",
          "type": "*",
          "link": 561,
          "label": "NEG"
        },
        {
          "name": "any_6",
          "type": "*",
          "link": null,
          "label": "Latent"
        }
      ],
      "outputs": [
        {
          "name": "CPipeAny",
          "type": "CPipeAny",
          "links": [
            645
          ],
          "slot_index": 0,
          "shape": 3
        }
      ],
      "properties": {
        "Node name for S&R": "Pipe to/edit any [Crystools]"
      },
      "color": "#432",
      "bgcolor": "#653"
    },
    {
      "id": 377,
      "type": "CR Color Panel",
      "pos": [
        -2845.5555501302138,
        2230
      ],
      "size": {
        "0": 315,
        "1": 150
      },
      "flags": {},
      "order": 13,
      "mode": 0,
      "inputs": [
        {
          "name": "panel_width",
          "type": "INT",
          "link": 693,
          "widget": {
            "name": "panel_width"
          }
        },
        {
          "name": "panel_height",
          "type": "INT",
          "link": 694,
          "widget": {
            "name": "panel_height"
          }
        }
      ],
      "outputs": [
        {
          "name": "image",
          "type": "IMAGE",
          "links": [
            718
          ],
          "slot_index": 0,
          "shape": 3
        },
        {
          "name": "show_help",
          "type": "STRING",
          "links": null,
          "shape": 3
        }
      ],
      "properties": {
        "Node name for S&R": "CR Color Panel"
      },
      "widgets_values": [
        512,
        512,
        "darkgray",
        "#000000"
      ],
      "color": "#223",
      "bgcolor": "#335"
    },
    {
      "id": 366,
      "type": "easy imageRemBg",
      "pos": [
        -2856,
        1798
      ],
      "size": {
        "0": 315,
        "1": 314.0000305175781
      },
      "flags": {},
      "order": 7,
      "mode": 0,
      "inputs": [
        {
          "name": "images",
          "type": "IMAGE",
          "link": 666
        }
      ],
      "outputs": [
        {
          "name": "image",
          "type": "IMAGE",
          "links": [
            696
          ],
          "slot_index": 0,
          "shape": 3
        },
        {
          "name": "mask",
          "type": "MASK",
          "links": [
            698
          ],
          "slot_index": 1,
          "shape": 3
        }
      ],
      "properties": {
        "Node name for S&R": "easy imageRemBg"
      },
      "widgets_values": [
        "RMBG-1.4",
        "Preview",
        "ComfyUI",
        false
      ],
      "color": "#233",
      "bgcolor": "#355"
    },
    {
      "id": 242,
      "type": "LoadImage",
      "pos": [
        -2242,
        1767
      ],
      "size": {
        "0": 315,
        "1": 314.00006103515625
      },
      "flags": {},
      "order": 2,
      "mode": 0,
      "outputs": [
        {
          "name": "IMAGE",
          "type": "IMAGE",
          "links": [
            666,
            688
          ],
          "slot_index": 0,
          "shape": 3
        },
        {
          "name": "MASK",
          "type": "MASK",
          "links": null,
          "shape": 3
        }
      ],
      "properties": {
        "Node name for S&R": "LoadImage"
      },
      "widgets_values": [
        "00036-1007357407 (1).png",
        "image"
      ],
      "color": "#323",
      "bgcolor": "#535"
    },
    {
      "id": 355,
      "type": "LoadImage",
      "pos": [
        -2265,
        3426
      ],
      "size": {
        "0": 254.14418029785156,
        "1": 322.0826721191406
      },
      "flags": {},
      "order": 3,
      "mode": 0,
      "outputs": [
        {
          "name": "IMAGE",
          "type": "IMAGE",
          "links": [
            639
          ],
          "slot_index": 0,
          "shape": 3
        },
        {
          "name": "MASK",
          "type": "MASK",
          "links": null,
          "shape": 3
        }
      ],
      "properties": {
        "Node name for S&R": "LoadImage"
      },
      "widgets_values": [
        "ComfyUI_temp_gpdgn_00002_ (1).png",
        "image"
      ],
      "color": "#323",
      "bgcolor": "#535"
    },
    {
      "id": 259,
      "type": "ImageScale",
      "pos": [
        -2235,
        2142
      ],
      "size": {
        "0": 315,
        "1": 130
      },
      "flags": {},
      "order": 19,
      "mode": 0,
      "inputs": [
        {
          "name": "image",
          "type": "IMAGE",
          "link": 715
        }
      ],
      "outputs": [
        {
          "name": "IMAGE",
          "type": "IMAGE",
          "links": [
            500,
            569
          ],
          "slot_index": 0,
          "shape": 3
        }
      ],
      "properties": {
        "Node name for S&R": "ImageScale"
      },
      "widgets_values": [
        "nearest-exact",
        840,
        0,
        "disabled"
      ],
      "color": "#223",
      "bgcolor": "#335"
    },
    {
      "id": 249,
      "type": "IPAdapter",
      "pos": [
        -1990,
        2940
      ],
      "size": {
        "0": 315,
        "1": 190
      },
      "flags": {},
      "order": 27,
      "mode": 0,
      "inputs": [
        {
          "name": "model",
          "type": "MODEL",
          "link": 564
        },
        {
          "name": "ipadapter",
          "type": "IPADAPTER",
          "link": 481
        },
        {
          "name": "image",
          "type": "IMAGE",
          "link": 478
        },
        {
          "name": "attn_mask",
          "type": "MASK",
          "link": null
        }
      ],
      "outputs": [
        {
          "name": "MODEL",
          "type": "MODEL",
          "links": [
            563
          ],
          "slot_index": 0,
          "shape": 3
        }
      ],
      "properties": {
        "Node name for S&R": "IPAdapter"
      },
      "widgets_values": [
        0.8,
        0,
        0.8,
        "style transfer"
      ],
      "color": "#2a363b",
      "bgcolor": "#3f5159"
    },
    {
      "id": 380,
      "type": "KSampler (Efficient)",
      "pos": [
        -832,
        2131
      ],
      "size": {
        "0": 325,
        "1": 562
      },
      "flags": {},
      "order": 15,
      "mode": 4,
      "inputs": [
        {
          "name": "model",
          "type": "MODEL",
          "link": 701
        },
        {
          "name": "positive",
          "type": "CONDITIONING",
          "link": 702
        },
        {
          "name": "negative",
          "type": "CONDITIONING",
          "link": 704
        },
        {
          "name": "latent_image",
          "type": "LATENT",
          "link": 705
        },
        {
          "name": "optional_vae",
          "type": "VAE",
          "link": 706
        },
        {
          "name": "script",
          "type": "SCRIPT",
          "link": null
        },
        {
          "name": "seed",
          "type": "INT",
          "link": 707,
          "widget": {
            "name": "seed"
          }
        }
      ],
      "outputs": [
        {
          "name": "MODEL",
          "type": "MODEL",
          "links": null,
          "shape": 3
        },
        {
          "name": "CONDITIONING+",
          "type": "CONDITIONING",
          "links": null,
          "shape": 3
        },
        {
          "name": "CONDITIONING-",
          "type": "CONDITIONING",
          "links": null,
          "shape": 3
        },
        {
          "name": "LATENT",
          "type": "LATENT",
          "links": null,
          "slot_index": 3,
          "shape": 3
        },
        {
          "name": "VAE",
          "type": "VAE",
          "links": [],
          "slot_index": 4,
          "shape": 3
        },
        {
          "name": "IMAGE",
          "type": "IMAGE",
          "links": [],
          "slot_index": 5,
          "shape": 3
        }
      ],
      "properties": {
        "Node name for S&R": "KSampler (Efficient)"
      },
      "widgets_values": [
        515202202328288,
        null,
        16,
        6,
        "dpmpp_2m",
        "karras",
        1,
        "auto",
        "true",
        null
      ],
      "color": "#233",
      "bgcolor": "#355",
      "shape": 1
    },
    {
      "id": 390,
      "type": "ImageNoiseGaussian",
      "pos": [
        -3102,
        2392
      ],
      "size": {
        "0": 210,
        "1": 130
      },
      "flags": {},
      "order": 16,
      "mode": 0,
      "inputs": [
        {
          "name": "images",
          "type": "IMAGE",
          "link": 718
        }
      ],
      "outputs": [
        {
          "name": "IMAGE",
          "type": "IMAGE",
          "links": [
            719
          ],
          "slot_index": 0,
          "shape": 3
        }
      ],
      "properties": {
        "Node name for S&R": "ImageNoiseGaussian"
      },
      "widgets_values": [
        0.5,
        "false",
        "false",
        "rgb"
      ],
      "color": "#223",
      "bgcolor": "#335"
    },
    {
      "id": 358,
      "type": "GoogleTranslateCLIPTextEncodeNode",
      "pos": [
        -2220,
        2510
      ],
      "size": {
        "0": 350.48663330078125,
        "1": 217.86439514160156
      },
      "flags": {},
      "order": 10,
      "mode": 0,
      "inputs": [
        {
          "name": "clip",
          "type": "CLIP",
          "link": 642
        }
      ],
      "outputs": [
        {
          "name": "CONDITIONING",
          "type": "CONDITIONING",
          "links": [
            643
          ],
          "slot_index": 0,
          "shape": 3
        },
        {
          "name": "STRING",
          "type": "STRING",
          "links": null,
          "shape": 3
        }
      ],
      "properties": {
        "Node name for S&R": "GoogleTranslateCLIPTextEncodeNode"
      },
      "widgets_values": [
        "auto",
        "en",
        false,
        "Manual Trasnlate",
        "мультяшный, кот в синем плаще, машет рукой",
        true
      ],
      "color": "#232",
      "bgcolor": "#353"
    },
    {
      "id": 271,
      "type": "Seed (rgthree)",
      "pos": {
        "0": -1291,
        "1": 3320,
        "2": 0,
        "3": 0,
        "4": 0,
        "5": 0,
        "6": 0,
        "7": 0,
        "8": 0,
        "9": 0
      },
      "size": {
        "0": 248.6113739013672,
        "1": 154
      },
      "flags": {},
      "order": 4,
      "mode": 0,
      "inputs": [],
      "outputs": [
        {
          "name": "SEED",
          "type": "INT",
          "links": [
            665
          ],
          "slot_index": 0,
          "shape": 3,
          "dir": 4
        }
      ],
      "properties": {
        "Node name for S&R": "Seed (rgthree)"
      },
      "widgets_values": [
        -1,
        null,
        null,
        null,
        null
      ],
      "color": "#322",
      "bgcolor": "#533"
    },
    {
      "id": 387,
      "type": "Fast Groups Bypasser (rgthree)",
      "pos": {
        "0": -1363,
        "1": 2483,
        "2": 0,
        "3": 0,
        "4": 0,
        "5": 0,
        "6": 0,
        "7": 0,
        "8": 0,
        "9": 0
      },
      "size": {
        "0": 377.28485107421875,
        "1": 226
      },
      "flags": {
        "pinned": false
      },
      "order": 5,
      "mode": 0,
      "inputs": [],
      "outputs": [
        {
          "name": "OPT_CONNECTION",
          "type": "*",
          "links": null
        }
      ],
      "properties": {
        "matchColors": "",
        "matchTitle": "",
        "showNav": true,
        "sort": "position",
        "customSortAlphabet": "",
        "toggleRestriction": "default"
      },
      "color": "#2754dd",
      "bgcolor": "#1340c9"
    },
    {
      "id": 365,
      "type": "KSampler (Efficient)",
      "pos": [
        -980,
        2868
      ],
      "size": {
        "0": 325,
        "1": 558.0000610351562
      },
      "flags": {},
      "order": 32,
      "mode": 0,
      "inputs": [
        {
          "name": "model",
          "type": "MODEL",
          "link": 660
        },
        {
          "name": "positive",
          "type": "CONDITIONING",
          "link": 722
        },
        {
          "name": "negative",
          "type": "CONDITIONING",
          "link": 723
        },
        {
          "name": "latent_image",
          "type": "LATENT",
          "link": 669
        },
        {
          "name": "optional_vae",
          "type": "VAE",
          "link": 664
        },
        {
          "name": "script",
          "type": "SCRIPT",
          "link": null
        },
        {
          "name": "seed",
          "type": "INT",
          "link": 665,
          "slot_index": 6,
          "widget": {
            "name": "seed"
          }
        }
      ],
      "outputs": [
        {
          "name": "MODEL",
          "type": "MODEL",
          "links": null,
          "shape": 3
        },
        {
          "name": "CONDITIONING+",
          "type": "CONDITIONING",
          "links": null,
          "shape": 3
        },
        {
          "name": "CONDITIONING-",
          "type": "CONDITIONING",
          "links": null,
          "shape": 3
        },
        {
          "name": "LATENT",
          "type": "LATENT",
          "links": null,
          "slot_index": 3,
          "shape": 3
        },
        {
          "name": "VAE",
          "type": "VAE",
          "links": [],
          "slot_index": 4,
          "shape": 3
        },
        {
          "name": "IMAGE",
          "type": "IMAGE",
          "links": [
            700
          ],
          "slot_index": 5,
          "shape": 3
        }
      ],
      "properties": {
        "Node name for S&R": "KSampler (Efficient)"
      },
      "widgets_values": [
        1083374709307837,
        null,
        16,
        5,
        "dpmpp_2m",
        "sgm_uniform",
        1,
        "auto",
        "true",
        null
      ],
      "color": "#233",
      "bgcolor": "#355",
      "shape": 1
    },
    {
      "id": 290,
      "type": "Efficient Loader",
      "pos": [
        -1891,
        1784
      ],
      "size": {
        "0": 356.6632080078125,
        "1": 750
      },
      "flags": {},
      "order": 6,
      "mode": 0,
      "inputs": [
        {
          "name": "lora_stack",
          "type": "LORA_STACK",
          "link": null
        },
        {
          "name": "cnet_stack",
          "type": "CONTROL_NET_STACK",
          "link": null
        }
      ],
      "outputs": [
        {
          "name": "MODEL",
          "type": "MODEL",
          "links": [
            548,
            701
          ],
          "slot_index": 0,
          "shape": 3
        },
        {
          "name": "CONDITIONING+",
          "type": "CONDITIONING",
          "links": [],
          "slot_index": 1,
          "shape": 3
        },
        {
          "name": "CONDITIONING-",
          "type": "CONDITIONING",
          "links": [
            650,
            704
          ],
          "slot_index": 2,
          "shape": 3
        },
        {
          "name": "LATENT",
          "type": "LATENT",
          "links": [
            705
          ],
          "slot_index": 3,
          "shape": 3
        },
        {
          "name": "VAE",
          "type": "VAE",
          "links": [
            551,
            572,
            706
          ],
          "slot_index": 4,
          "shape": 3
        },
        {
          "name": "CLIP",
          "type": "CLIP",
          "links": [
            552,
            642,
            703
          ],
          "slot_index": 5,
          "shape": 3
        },
        {
          "name": "DEPENDENCIES",
          "type": "DEPENDENCIES",
          "links": null,
          "shape": 3
        }
      ],
      "properties": {
        "Node name for S&R": "Efficient Loader"
      },
      "widgets_values": [
        "SDXL\\realvisxlV40_v40Bakedvae.safetensors",
        "Baked VAE",
        -1,
        "SD15\\add_detail.safetensors",
        1,
        1,
        "CLIP_POSITIVE",
        "(deformed, distorted, disfigured:1.3), stacked torsos, totem pole, poorly drawn, bad anatomy, wrong anatomy, extra limb, missing limb, floating limbs, (mutated hands and fingers:1.4), disconnected limbs, mutation, mutated, ugly, disgusting, blurry, amputation",
        "none",
        "comfy",
        1024,
        1024,
        2,
        true,
        true
      ],
      "color": "#223",
      "bgcolor": "#335",
      "shape": 1
    }
  ],
  "links": [
    [
      475,
      247,
      0,
      246,
      2,
      "CONTROL_NET"
    ],
    [
      478,
      251,
      0,
      249,
      2,
      "IMAGE"
    ],
    [
      481,
      250,
      1,
      249,
      1,
      "IPADAPTER"
    ],
    [
      500,
      259,
      0,
      244,
      0,
      "IMAGE"
    ],
    [
      548,
      290,
      0,
      291,
      1,
      "*"
    ],
    [
      551,
      290,
      4,
      291,
      3,
      "*"
    ],
    [
      552,
      290,
      5,
      291,
      2,
      "*"
    ],
    [
      554,
      291,
      0,
      293,
      0,
      "CPipeAny"
    ],
    [
      560,
      246,
      0,
      294,
      4,
      "*"
    ],
    [
      561,
      246,
      1,
      294,
      5,
      "*"
    ],
    [
      562,
      293,
      0,
      294,
      0,
      "CPipeAny"
    ],
    [
      563,
      249,
      0,
      294,
      1,
      "*"
    ],
    [
      564,
      293,
      1,
      249,
      0,
      "MODEL"
    ],
    [
      565,
      293,
      4,
      246,
      0,
      "CONDITIONING"
    ],
    [
      566,
      293,
      5,
      246,
      1,
      "CONDITIONING"
    ],
    [
      567,
      293,
      1,
      250,
      0,
      "MODEL"
    ],
    [
      569,
      259,
      0,
      295,
      0,
      "*"
    ],
    [
      572,
      290,
      4,
      244,
      1,
      "VAE"
    ],
    [
      639,
      355,
      0,
      357,
      0,
      "IMAGE"
    ],
    [
      640,
      357,
      0,
      356,
      0,
      "IMAGE"
    ],
    [
      641,
      357,
      0,
      246,
      3,
      "IMAGE"
    ],
    [
      642,
      290,
      5,
      358,
      0,
      "CLIP"
    ],
    [
      643,
      358,
      0,
      291,
      4,
      "*"
    ],
    [
      645,
      294,
      0,
      292,
      0,
      "CPipeAny"
    ],
    [
      650,
      290,
      2,
      291,
      5,
      "*"
    ],
    [
      651,
      292,
      1,
      363,
      0,
      "MODEL"
    ],
    [
      660,
      363,
      0,
      365,
      0,
      "MODEL"
    ],
    [
      664,
      292,
      3,
      365,
      4,
      "VAE"
    ],
    [
      665,
      271,
      0,
      365,
      6,
      "INT"
    ],
    [
      666,
      242,
      0,
      366,
      0,
      "IMAGE"
    ],
    [
      668,
      292,
      6,
      367,
      0,
      "LATENT"
    ],
    [
      669,
      367,
      0,
      365,
      3,
      "LATENT"
    ],
    [
      670,
      244,
      0,
      291,
      6,
      "*"
    ],
    [
      673,
      295,
      0,
      251,
      0,
      "*"
    ],
    [
      688,
      242,
      0,
      373,
      0,
      "IMAGE"
    ],
    [
      689,
      375,
      0,
      374,
      0,
      "IMAGE"
    ],
    [
      693,
      373,
      0,
      377,
      0,
      "INT"
    ],
    [
      694,
      373,
      1,
      377,
      1,
      "INT"
    ],
    [
      696,
      366,
      0,
      375,
      1,
      "IMAGE"
    ],
    [
      698,
      366,
      1,
      378,
      0,
      "MASK"
    ],
    [
      699,
      378,
      0,
      375,
      2,
      "MASK"
    ],
    [
      700,
      365,
      5,
      379,
      0,
      "IMAGE"
    ],
    [
      701,
      290,
      0,
      380,
      0,
      "MODEL"
    ],
    [
      702,
      381,
      0,
      380,
      1,
      "CONDITIONING"
    ],
    [
      703,
      290,
      5,
      381,
      0,
      "CLIP"
    ],
    [
      704,
      290,
      2,
      380,
      2,
      "CONDITIONING"
    ],
    [
      705,
      290,
      3,
      380,
      3,
      "LATENT"
    ],
    [
      706,
      290,
      4,
      380,
      4,
      "VAE"
    ],
    [
      707,
      383,
      0,
      380,
      6,
      "INT"
    ],
    [
      715,
      375,
      0,
      259,
      0,
      "IMAGE"
    ],
    [
      718,
      377,
      0,
      390,
      0,
      "IMAGE"
    ],
    [
      719,
      390,
      0,
      375,
      0,
      "IMAGE"
    ],
    [
      722,
      292,
      4,
      365,
      1,
      "CONDITIONING"
    ],
    [
      723,
      292,
      5,
      365,
      2,
      "CONDITIONING"
    ]
  ],
  "groups": [
    {
      "title": "ControlNet Modify (stabledif.ru)",
      "bounding": [
        -2255,
        2858,
        752,
        441
      ],
      "color": "#3f789e",
      "font_size": 24,
      "locked": false
    },
    {
      "title": "Load Image (stabledif.ru)",
      "bounding": [
        -2253,
        1692,
        763,
        1055
      ],
      "color": "#88A",
      "font_size": 24,
      "locked": false
    },
    {
      "title": "Generation (stabledif.ru)",
      "bounding": [
        -1317,
        2796,
        1081,
        678
      ],
      "color": "#8AA",
      "font_size": 24,
      "locked": false
    },
    {
      "title": "OpenPose (stabledif.ru)",
      "bounding": [
        -2275,
        3352,
        605,
        660
      ],
      "color": "#3f789e",
      "font_size": 24,
      "locked": false
    },
    {
      "title": "Replace Background (stabledif.ru)",
      "bounding": [
        -3114,
        1724,
        594,
        409
      ],
      "color": "#3f789e",
      "font_size": 24,
      "locked": false
    },
    {
      "title": "Genarete (stabledif.ru)",
      "bounding": [
        -852,
        1577,
        362,
        1127
      ],
      "color": "#3f789e",
      "font_size": 24,
      "locked": false
    },
    {
      "title": "DON'T SWITCH 1",
      "bounding": [
        -3106,
        2156,
        595,
        893
      ],
      "color": "#3f789e",
      "font_size": 24,
      "locked": false
    }
  ],
  "config": {},
  "extra": {
    "ds": {
      "scale": 0.2853116706110005,
      "offset": [
        4238.004420809013,
        -1126.7122067259984
      ]
    }
  },
  "version": 0.4
}