{
  "last_node_id": 37,
  "last_link_id": 68,
  "nodes": [
    {
      "id": 12,
      "type": "ControlNetLoader",
      "pos": [
        562.4507533421283,
        937.0772491854119
      ],
      "size": {
        "0": 315,
        "1": 58
      },
      "flags": {},
      "order": 0,
      "mode": 0,
      "outputs": [
        {
          "name": "CONTROL_NET",
          "type": "CONTROL_NET",
          "links": [
            16
          ],
          "slot_index": 0,
          "shape": 3
        }
      ],
      "properties": {
        "Node name for S&R": "ControlNetLoader"
      },
      "widgets_values": [
        "Lineart-SDXL-fp16.safetensors"
      ],
      "color": "#233",
      "bgcolor": "#355"
    },
    {
      "id": 26,
      "type": "Reroute",
      "pos": [
        648.5893141162824,
        58.7206025716343
      ],
      "size": [
        75,
        26
      ],
      "flags": {},
      "order": 12,
      "mode": 0,
      "inputs": [
        {
          "name": "",
          "type": "*",
          "link": 52
        }
      ],
      "outputs": [
        {
          "name": "",
          "type": "MODEL",
          "links": [
            51
          ],
          "slot_index": 0
        }
      ],
      "properties": {
        "showOutputText": false,
        "horizontal": false
      }
    },
    {
      "id": 7,
      "type": "VAEEncode",
      "pos": [
        1310,
        570
      ],
      "size": {
        "0": 210,
        "1": 46
      },
      "flags": {},
      "order": 13,
      "mode": 0,
      "inputs": [
        {
          "name": "pixels",
          "type": "IMAGE",
          "link": 3
        },
        {
          "name": "vae",
          "type": "VAE",
          "link": 63
        }
      ],
      "outputs": [
        {
          "name": "LATENT",
          "type": "LATENT",
          "links": [
            59
          ],
          "slot_index": 0,
          "shape": 3
        }
      ],
      "properties": {
        "Node name for S&R": "VAEEncode"
      },
      "color": "#223",
      "bgcolor": "#335"
    },
    {
      "id": 14,
      "type": "ControlNetApplyAdvanced",
      "pos": [
        559.4507533421285,
        1212.0772491854118
      ],
      "size": {
        "0": 315,
        "1": 166
      },
      "flags": {},
      "order": 14,
      "mode": 0,
      "inputs": [
        {
          "name": "positive",
          "type": "CONDITIONING",
          "link": 53
        },
        {
          "name": "negative",
          "type": "CONDITIONING",
          "link": 54
        },
        {
          "name": "control_net",
          "type": "CONTROL_NET",
          "link": 16
        },
        {
          "name": "image",
          "type": "IMAGE",
          "link": 17
        }
      ],
      "outputs": [
        {
          "name": "positive",
          "type": "CONDITIONING",
          "links": [
            34
          ],
          "slot_index": 0,
          "shape": 3
        },
        {
          "name": "negative",
          "type": "CONDITIONING",
          "links": [
            35
          ],
          "slot_index": 1,
          "shape": 3
        }
      ],
      "properties": {
        "Node name for S&R": "ControlNetApplyAdvanced"
      },
      "widgets_values": [
        0.6,
        0,
        1
      ],
      "color": "#233",
      "bgcolor": "#355"
    },
    {
      "id": 15,
      "type": "ControlNetApplyAdvanced",
      "pos": [
        1268.3348258865256,
        1220.7983209989964
      ],
      "size": {
        "0": 315,
        "1": 166
      },
      "flags": {},
      "order": 18,
      "mode": 0,
      "inputs": [
        {
          "name": "positive",
          "type": "CONDITIONING",
          "link": 34
        },
        {
          "name": "negative",
          "type": "CONDITIONING",
          "link": 35
        },
        {
          "name": "control_net",
          "type": "CONTROL_NET",
          "link": 20
        },
        {
          "name": "image",
          "type": "IMAGE",
          "link": 46
        }
      ],
      "outputs": [
        {
          "name": "positive",
          "type": "CONDITIONING",
          "links": [
            56
          ],
          "slot_index": 0,
          "shape": 3
        },
        {
          "name": "negative",
          "type": "CONDITIONING",
          "links": [
            57
          ],
          "slot_index": 1,
          "shape": 3
        }
      ],
      "properties": {
        "Node name for S&R": "ControlNetApplyAdvanced"
      },
      "widgets_values": [
        0.6,
        0,
        1
      ],
      "color": "#233",
      "bgcolor": "#355"
    },
    {
      "id": 13,
      "type": "LineArtPreprocessor",
      "pos": [
        561.4507533421283,
        1065.0772491854118
      ],
      "size": {
        "0": 315,
        "1": 82
      },
      "flags": {},
      "order": 10,
      "mode": 0,
      "inputs": [
        {
          "name": "image",
          "type": "IMAGE",
          "link": 13
        }
      ],
      "outputs": [
        {
          "name": "IMAGE",
          "type": "IMAGE",
          "links": [
            17,
            61
          ],
          "slot_index": 0,
          "shape": 3
        }
      ],
      "properties": {
        "Node name for S&R": "LineArtPreprocessor"
      },
      "widgets_values": [
        "disable",
        512
      ],
      "color": "#233",
      "bgcolor": "#355"
    },
    {
      "id": 32,
      "type": "PreviewImage",
      "pos": [
        903.4507533421285,
        948.0772491854119
      ],
      "size": {
        "0": 227.6256561279297,
        "1": 252.9798126220703
      },
      "flags": {},
      "order": 15,
      "mode": 0,
      "inputs": [
        {
          "name": "images",
          "type": "IMAGE",
          "link": 61
        }
      ],
      "properties": {
        "Node name for S&R": "PreviewImage"
      },
      "color": "#233",
      "bgcolor": "#355"
    },
    {
      "id": 25,
      "type": "MiDaS-DepthMapPreprocessor",
      "pos": [
        1260.3348258865256,
        1056.7983209989964
      ],
      "size": {
        "0": 315,
        "1": 106
      },
      "flags": {},
      "order": 11,
      "mode": 0,
      "inputs": [
        {
          "name": "image",
          "type": "IMAGE",
          "link": 45
        }
      ],
      "outputs": [
        {
          "name": "IMAGE",
          "type": "IMAGE",
          "links": [
            46,
            62
          ],
          "slot_index": 0,
          "shape": 3
        }
      ],
      "properties": {
        "Node name for S&R": "MiDaS-DepthMapPreprocessor"
      },
      "widgets_values": [
        6.283185307179586,
        0.1,
        512
      ],
      "color": "#233",
      "bgcolor": "#355"
    },
    {
      "id": 16,
      "type": "ControlNetLoader",
      "pos": [
        1258.3348258865256,
        944.7983209989964
      ],
      "size": {
        "0": 315,
        "1": 58
      },
      "flags": {},
      "order": 1,
      "mode": 0,
      "outputs": [
        {
          "name": "CONTROL_NET",
          "type": "CONTROL_NET",
          "links": [
            20
          ],
          "slot_index": 0,
          "shape": 3
        }
      ],
      "properties": {
        "Node name for S&R": "ControlNetLoader"
      },
      "widgets_values": [
        "XL-sai_xl_depth_256lora.safetensors"
      ],
      "color": "#233",
      "bgcolor": "#355"
    },
    {
      "id": 33,
      "type": "PreviewImage",
      "pos": [
        1607.3348258865256,
        943.7983209989964
      ],
      "size": {
        "0": 224.54869079589844,
        "1": 246
      },
      "flags": {},
      "order": 16,
      "mode": 0,
      "inputs": [
        {
          "name": "images",
          "type": "IMAGE",
          "link": 62
        }
      ],
      "properties": {
        "Node name for S&R": "PreviewImage"
      },
      "color": "#233",
      "bgcolor": "#355"
    },
    {
      "id": 3,
      "type": "LoadImage",
      "pos": [
        1320,
        230
      ],
      "size": [
        217.01637268066406,
        314
      ],
      "flags": {},
      "order": 2,
      "mode": 0,
      "outputs": [
        {
          "name": "IMAGE",
          "type": "IMAGE",
          "links": [
            3,
            13,
            45
          ],
          "slot_index": 0,
          "shape": 3
        },
        {
          "name": "MASK",
          "type": "MASK",
          "links": null,
          "shape": 3
        }
      ],
      "properties": {
        "Node name for S&R": "LoadImage"
      },
      "widgets_values": [
        "000009-1179428981-full shot body photo of the most beautiful artwork in the world featuring bikini model, smiling, sexy, High Detail, Sharp focus, (2).png",
        "image"
      ],
      "color": "#223",
      "bgcolor": "#335"
    },
    {
      "id": 30,
      "type": "KSampler (Efficient)",
      "pos": [
        1580,
        238
      ],
      "size": {
        "0": 325,
        "1": 558
      },
      "flags": {},
      "order": 22,
      "mode": 0,
      "inputs": [
        {
          "name": "model",
          "type": "MODEL",
          "link": 68
        },
        {
          "name": "positive",
          "type": "CONDITIONING",
          "link": 56
        },
        {
          "name": "negative",
          "type": "CONDITIONING",
          "link": 57
        },
        {
          "name": "latent_image",
          "type": "LATENT",
          "link": 59
        },
        {
          "name": "optional_vae",
          "type": "VAE",
          "link": 58
        },
        {
          "name": "script",
          "type": "SCRIPT",
          "link": null
        },
        {
          "name": "seed",
          "type": "INT",
          "link": 55,
          "widget": {
            "name": "seed"
          }
        }
      ],
      "outputs": [
        {
          "name": "MODEL",
          "type": "MODEL",
          "links": null,
          "shape": 3
        },
        {
          "name": "CONDITIONING+",
          "type": "CONDITIONING",
          "links": null,
          "shape": 3
        },
        {
          "name": "CONDITIONING-",
          "type": "CONDITIONING",
          "links": null,
          "shape": 3
        },
        {
          "name": "LATENT",
          "type": "LATENT",
          "links": null,
          "shape": 3
        },
        {
          "name": "VAE",
          "type": "VAE",
          "links": null,
          "shape": 3
        },
        {
          "name": "IMAGE",
          "type": "IMAGE",
          "links": null,
          "shape": 3
        }
      ],
      "properties": {
        "Node name for S&R": "KSampler (Efficient)"
      },
      "widgets_values": [
        797974481849711,
        null,
        22,
        6,
        "dpmpp_2m",
        "karras",
        0.75,
        "auto",
        "true",
        null
      ],
      "color": "#223",
      "bgcolor": "#335",
      "shape": 1
    },
    {
      "id": 1,
      "type": "LoadImage",
      "pos": [
        710,
        -409
      ],
      "size": [
        210,
        314
      ],
      "flags": {},
      "order": 3,
      "mode": 0,
      "outputs": [
        {
          "name": "IMAGE",
          "type": "IMAGE",
          "links": [
            9
          ],
          "slot_index": 0,
          "shape": 3
        },
        {
          "name": "MASK",
          "type": "MASK",
          "links": null,
          "shape": 3
        }
      ],
      "properties": {
        "Node name for S&R": "LoadImage"
      },
      "widgets_values": [
        "00036-1007357407.png",
        "image"
      ],
      "color": "#6d3aa0",
      "bgcolor": "#59268c"
    },
    {
      "id": 28,
      "type": "Reroute",
      "pos": [
        1306.5893141162828,
        63.720602571634295
      ],
      "size": [
        75,
        26
      ],
      "flags": {},
      "order": 19,
      "mode": 0,
      "inputs": [
        {
          "name": "",
          "type": "*",
          "link": 48
        }
      ],
      "outputs": [
        {
          "name": "",
          "type": "MODEL",
          "links": [
            64
          ],
          "slot_index": 0
        }
      ],
      "properties": {
        "showOutputText": false,
        "horizontal": false
      }
    },
    {
      "id": 37,
      "type": "LoadImage",
      "pos": [
        1423.1228298611104,
        -304.77845441809154
      ],
      "size": [
        210,
        314.0000114440918
      ],
      "flags": {},
      "order": 4,
      "mode": 4,
      "outputs": [
        {
          "name": "IMAGE",
          "type": "IMAGE",
          "links": [
            67
          ],
          "slot_index": 0,
          "shape": 3
        },
        {
          "name": "MASK",
          "type": "MASK",
          "links": null,
          "shape": 3
        }
      ],
      "properties": {
        "Node name for S&R": "LoadImage"
      },
      "widgets_values": [
        "00036-1007357407 (2).png",
        "image"
      ],
      "color": "#6d3aa0",
      "bgcolor": "#59268c"
    },
    {
      "id": 31,
      "type": "Seed (rgthree)",
      "pos": {
        "0": 1320,
        "1": 660,
        "2": 0,
        "3": 0,
        "4": 0,
        "5": 0,
        "6": 0,
        "7": 0,
        "8": 0,
        "9": 0
      },
      "size": {
        "0": 210,
        "1": 154
      },
      "flags": {},
      "order": 5,
      "mode": 0,
      "inputs": [],
      "outputs": [
        {
          "name": "SEED",
          "type": "INT",
          "links": [
            55
          ],
          "slot_index": 0,
          "shape": 3,
          "dir": 4
        }
      ],
      "properties": {},
      "widgets_values": [
        640568178604082,
        null,
        null,
        null,
        null
      ],
      "color": "#332922",
      "bgcolor": "#593930"
    },
    {
      "id": 9,
      "type": "IPAdapterAdvanced",
      "pos": [
        977,
        -216
      ],
      "size": {
        "0": 315,
        "1": 278
      },
      "flags": {},
      "order": 17,
      "mode": 0,
      "inputs": [
        {
          "name": "model",
          "type": "MODEL",
          "link": 51,
          "slot_index": 0
        },
        {
          "name": "ipadapter",
          "type": "IPADAPTER",
          "link": 44
        },
        {
          "name": "image",
          "type": "IMAGE",
          "link": 9
        },
        {
          "name": "image_negative",
          "type": "IMAGE",
          "link": null
        },
        {
          "name": "attn_mask",
          "type": "MASK",
          "link": null
        },
        {
          "name": "clip_vision",
          "type": "CLIP_VISION",
          "link": 42,
          "slot_index": 5
        }
      ],
      "outputs": [
        {
          "name": "MODEL",
          "type": "MODEL",
          "links": [
            48
          ],
          "slot_index": 0,
          "shape": 3
        }
      ],
      "properties": {
        "Node name for S&R": "IPAdapterAdvanced"
      },
      "widgets_values": [
        0.7000000000000001,
        "style transfer",
        "concat",
        0,
        1,
        "V only"
      ],
      "color": "#6d3aa0",
      "bgcolor": "#59268c"
    },
    {
      "id": 36,
      "type": "IPAdapterAdvanced",
      "pos": [
        1656.1228298611104,
        -267.77845441809154
      ],
      "size": {
        "0": 315,
        "1": 278
      },
      "flags": {},
      "order": 21,
      "mode": 4,
      "inputs": [
        {
          "name": "model",
          "type": "MODEL",
          "link": 65,
          "slot_index": 0
        },
        {
          "name": "ipadapter",
          "type": "IPADAPTER",
          "link": 66
        },
        {
          "name": "image",
          "type": "IMAGE",
          "link": 67
        },
        {
          "name": "image_negative",
          "type": "IMAGE",
          "link": null
        },
        {
          "name": "attn_mask",
          "type": "MASK",
          "link": null
        },
        {
          "name": "clip_vision",
          "type": "CLIP_VISION",
          "link": null,
          "slot_index": 5
        }
      ],
      "outputs": [
        {
          "name": "MODEL",
          "type": "MODEL",
          "links": [
            68
          ],
          "slot_index": 0,
          "shape": 3
        }
      ],
      "properties": {
        "Node name for S&R": "IPAdapterAdvanced"
      },
      "widgets_values": [
        0.7000000000000001,
        "style transfer",
        "concat",
        0,
        1,
        "V only"
      ],
      "color": "#6d3aa0",
      "bgcolor": "#59268c"
    },
    {
      "id": 35,
      "type": "IPAdapterUnifiedLoader",
      "pos": [
        1660,
        -418.24035727119485
      ],
      "size": {
        "0": 315,
        "1": 78
      },
      "flags": {},
      "order": 20,
      "mode": 4,
      "inputs": [
        {
          "name": "model",
          "type": "MODEL",
          "link": 64,
          "slot_index": 0
        },
        {
          "name": "ipadapter",
          "type": "IPADAPTER",
          "link": null
        }
      ],
      "outputs": [
        {
          "name": "model",
          "type": "MODEL",
          "links": [
            65
          ],
          "slot_index": 0,
          "shape": 3
        },
        {
          "name": "ipadapter",
          "type": "IPADAPTER",
          "links": [
            66
          ],
          "slot_index": 1,
          "shape": 3
        }
      ],
      "properties": {
        "Node name for S&R": "IPAdapterUnifiedLoader"
      },
      "widgets_values": [
        "PLUS (high strength)"
      ],
      "color": "#832fbb",
      "bgcolor": "#6f1ba7"
    },
    {
      "id": 24,
      "type": "CLIPVisionLoader",
      "pos": [
        986,
        -330
      ],
      "size": {
        "0": 315,
        "1": 58
      },
      "flags": {},
      "order": 6,
      "mode": 0,
      "outputs": [
        {
          "name": "CLIP_VISION",
          "type": "CLIP_VISION",
          "links": [
            42
          ],
          "shape": 3
        }
      ],
      "properties": {
        "Node name for S&R": "CLIPVisionLoader"
      },
      "widgets_values": [
        "CLIP-ViT-H-14-laion2B-s32B-b79K.safetensors"
      ],
      "color": "#6d3aa0",
      "bgcolor": "#59268c"
    },
    {
      "id": 21,
      "type": "IPAdapterModelLoader",
      "pos": [
        995,
        -436
      ],
      "size": {
        "0": 315,
        "1": 58
      },
      "flags": {},
      "order": 7,
      "mode": 0,
      "outputs": [
        {
          "name": "IPADAPTER",
          "type": "IPADAPTER",
          "links": [
            44
          ],
          "slot_index": 0,
          "shape": 3
        }
      ],
      "properties": {
        "Node name for S&R": "IPAdapterModelLoader"
      },
      "widgets_values": [
        "ip-adapter-plus_sdxl_vit-h.safetensors"
      ],
      "color": "#6d3aa0",
      "bgcolor": "#59268c"
    },
    {
      "id": 29,
      "type": "Efficient Loader",
      "pos": [
        211,
        247
      ],
      "size": {
        "0": 314.6446533203125,
        "1": 558
      },
      "flags": {},
      "order": 8,
      "mode": 0,
      "inputs": [
        {
          "name": "lora_stack",
          "type": "LORA_STACK",
          "link": null
        },
        {
          "name": "cnet_stack",
          "type": "CONTROL_NET_STACK",
          "link": null
        }
      ],
      "outputs": [
        {
          "name": "MODEL",
          "type": "MODEL",
          "links": [
            52
          ],
          "slot_index": 0,
          "shape": 3
        },
        {
          "name": "CONDITIONING+",
          "type": "CONDITIONING",
          "links": [
            53
          ],
          "slot_index": 1,
          "shape": 3
        },
        {
          "name": "CONDITIONING-",
          "type": "CONDITIONING",
          "links": [
            54
          ],
          "slot_index": 2,
          "shape": 3
        },
        {
          "name": "LATENT",
          "type": "LATENT",
          "links": null,
          "shape": 3
        },
        {
          "name": "VAE",
          "type": "VAE",
          "links": [
            58,
            63
          ],
          "slot_index": 4,
          "shape": 3
        },
        {
          "name": "CLIP",
          "type": "CLIP",
          "links": null,
          "slot_index": 5,
          "shape": 3
        },
        {
          "name": "DEPENDENCIES",
          "type": "DEPENDENCIES",
          "links": null,
          "shape": 3
        }
      ],
      "properties": {
        "Node name for S&R": "Efficient Loader"
      },
      "widgets_values": [
        "SDXL\\realvisxlV40_v40Bakedvae.safetensors",
        "Baked VAE",
        -1,
        "SD15\\add_detail.safetensors",
        1,
        1,
        "woman in blue dress on the beach",
        "blurry, lowres, distorted",
        "none",
        "comfy",
        512,
        512,
        1,
        true,
        true
      ],
      "color": "#223",
      "bgcolor": "#335",
      "shape": 1
    },
    {
      "id": 34,
      "type": "Fast Groups Bypasser (rgthree)",
      "pos": {
        "0": 743,
        "1": 415,
        "2": 0,
        "3": 0,
        "4": 0,
        "5": 0,
        "6": 0,
        "7": 0,
        "8": 0,
        "9": 0
      },
      "size": {
        "0": 360.60797119140625,
        "1": 188.19371032714844
      },
      "flags": {},
      "order": 9,
      "mode": 0,
      "inputs": [],
      "outputs": [
        {
          "name": "OPT_CONNECTION",
          "type": "*",
          "links": null
        }
      ],
      "properties": {
        "matchColors": "",
        "matchTitle": "",
        "showNav": true,
        "sort": "position",
        "customSortAlphabet": "",
        "toggleRestriction": "default"
      },
      "color": "#3289e6",
      "bgcolor": "#1e75d2"
    }
  ],
  "links": [
    [
      3,
      3,
      0,
      7,
      0,
      "IMAGE"
    ],
    [
      9,
      1,
      0,
      9,
      2,
      "IMAGE"
    ],
    [
      13,
      3,
      0,
      13,
      0,
      "IMAGE"
    ],
    [
      16,
      12,
      0,
      14,
      2,
      "CONTROL_NET"
    ],
    [
      17,
      13,
      0,
      14,
      3,
      "IMAGE"
    ],
    [
      20,
      16,
      0,
      15,
      2,
      "CONTROL_NET"
    ],
    [
      34,
      14,
      0,
      15,
      0,
      "CONDITIONING"
    ],
    [
      35,
      14,
      1,
      15,
      1,
      "CONDITIONING"
    ],
    [
      42,
      24,
      0,
      9,
      5,
      "CLIP_VISION"
    ],
    [
      44,
      21,
      0,
      9,
      1,
      "IPADAPTER"
    ],
    [
      45,
      3,
      0,
      25,
      0,
      "IMAGE"
    ],
    [
      46,
      25,
      0,
      15,
      3,
      "IMAGE"
    ],
    [
      48,
      9,
      0,
      28,
      0,
      "*"
    ],
    [
      51,
      26,
      0,
      9,
      0,
      "MODEL"
    ],
    [
      52,
      29,
      0,
      26,
      0,
      "*"
    ],
    [
      53,
      29,
      1,
      14,
      0,
      "CONDITIONING"
    ],
    [
      54,
      29,
      2,
      14,
      1,
      "CONDITIONING"
    ],
    [
      55,
      31,
      0,
      30,
      6,
      "INT"
    ],
    [
      56,
      15,
      0,
      30,
      1,
      "CONDITIONING"
    ],
    [
      57,
      15,
      1,
      30,
      2,
      "CONDITIONING"
    ],
    [
      58,
      29,
      4,
      30,
      4,
      "VAE"
    ],
    [
      59,
      7,
      0,
      30,
      3,
      "LATENT"
    ],
    [
      61,
      13,
      0,
      32,
      0,
      "IMAGE"
    ],
    [
      62,
      25,
      0,
      33,
      0,
      "IMAGE"
    ],
    [
      63,
      29,
      4,
      7,
      1,
      "VAE"
    ],
    [
      64,
      28,
      0,
      35,
      0,
      "MODEL"
    ],
    [
      65,
      35,
      0,
      36,
      0,
      "MODEL"
    ],
    [
      66,
      35,
      1,
      36,
      1,
      "IPADAPTER"
    ],
    [
      67,
      37,
      0,
      36,
      2,
      "IMAGE"
    ],
    [
      68,
      36,
      0,
      30,
      0,
      "MODEL"
    ]
  ],
  "groups": [
    {
      "title": "IP-ADAPTER 1 (stabledif.ru)",
      "bounding": [
        687,
        -515,
        667,
        636
      ],
      "color": "#712395",
      "font_size": 24,
      "locked": false
    },
    {
      "title": "CN LINEART (stabledif.ru)",
      "bounding": [
        549,
        863,
        592,
        525
      ],
      "color": "#8AA",
      "font_size": 24,
      "locked": false
    },
    {
      "title": "CN Depth (stabledif.ru)",
      "bounding": [
        1248,
        870,
        594,
        527
      ],
      "color": "#8AA",
      "font_size": 24,
      "locked": false
    },
    {
      "title": "IP-ADAPTER 2 (stabledif.ru)",
      "bounding": [
        1413,
        -498,
        568,
        518
      ],
      "color": "#bf8df2",
      "font_size": 24,
      "locked": false
    }
  ],
  "config": {},
  "extra": {
    "ds": {
      "scale": 0.5559917313492256,
      "offset": [
        25.882632648372464,
        90.08532047998358
      ]
    }
  },
  "version": 0.4
}