{
  "last_node_id": 58,
  "last_link_id": 94,
  "nodes": [
    {
      "id": 11,
      "type": "SaveImage",
      "pos": [
        1042.942330297643,
        302.830568333288
      ],
      "size": [
        315,
        270
      ],
      "flags": {},
      "order": 15,
      "mode": 0,
      "inputs": [
        {
          "name": "images",
          "type": "IMAGE",
          "link": 11
        }
      ],
      "properties": {},
      "widgets_values": [
        "ComfyUI"
      ]
    },
    {
      "id": 13,
      "type": "Note",
      "pos": [
        -186.05766970235697,
        -18.169431666712004
      ],
      "size": [
        315.44263641357423,
        305.21068847656255
      ],
      "flags": {},
      "order": 0,
      "mode": 0,
      "properties": {
        "text": ""
      },
      "widgets_values": [
        "Kohya Deep Shrink - это не апскейлер, но позволяет генерировать с большим разрешением."
      ],
      "color": "#432",
      "bgcolor": "#653"
    },
    {
      "id": 15,
      "type": "Terminal Log //CM",
      "pos": [
        -181.05766970235697,
        353.830568333288
      ],
      "size": [
        318.3079197753908,
        375.46927207031285
      ],
      "flags": {},
      "order": 1,
      "mode": 0,
      "properties": {
        "text": ""
      },
      "color": "#222222",
      "bgcolor": "#000000"
    },
    {
      "id": 12,
      "type": "PatchModelAddDownscale",
      "pos": [
        227.9423302976429,
        -228.169431666712
      ],
      "size": {
        "0": 315,
        "1": 202
      },
      "flags": {},
      "order": 5,
      "mode": 0,
      "inputs": [
        {
          "name": "model",
          "type": "MODEL",
          "link": 15
        }
      ],
      "outputs": [
        {
          "name": "MODEL",
          "type": "MODEL",
          "links": [
            22
          ],
          "shape": 3,
          "slot_index": 0
        }
      ],
      "properties": {
        "Node name for S&R": "PatchModelAddDownscale"
      },
      "widgets_values": [
        3,
        2,
        0,
        0.35,
        true,
        "bicubic",
        "bicubic"
      ],
      "color": "#223",
      "bgcolor": "#335"
    },
    {
      "id": 5,
      "type": "EmptyLatentImage",
      "pos": [
        324.94233029764285,
        614.8305683332879
      ],
      "size": {
        "0": 315,
        "1": 106
      },
      "flags": {},
      "order": 2,
      "mode": 0,
      "outputs": [
        {
          "name": "LATENT",
          "type": "LATENT",
          "links": [
            2
          ],
          "slot_index": 0
        }
      ],
      "properties": {
        "Node name for S&R": "EmptyLatentImage"
      },
      "widgets_values": [
        1024,
        1024,
        1
      ],
      "color": "#323",
      "bgcolor": "#535"
    },
    {
      "id": 4,
      "type": "CheckpointLoaderSimple",
      "pos": [
        -206.05766970235697,
        -194.169431666712
      ],
      "size": {
        "0": 315,
        "1": 98
      },
      "flags": {},
      "order": 3,
      "mode": 0,
      "outputs": [
        {
          "name": "MODEL",
          "type": "MODEL",
          "links": [
            15
          ],
          "slot_index": 0
        },
        {
          "name": "CLIP",
          "type": "CLIP",
          "links": [
            3,
            5
          ],
          "slot_index": 1
        },
        {
          "name": "VAE",
          "type": "VAE",
          "links": [
            8,
            24
          ],
          "slot_index": 2
        }
      ],
      "properties": {
        "Node name for S&R": "CheckpointLoaderSimple"
      },
      "widgets_values": [
        "SD15\\juggernaut_reborn.safetensors"
      ],
      "color": "#223",
      "bgcolor": "#335"
    },
    {
      "id": 6,
      "type": "CLIPTextEncode",
      "pos": [
        226.9423302976429,
        77.830568333288
      ],
      "size": [
        422.84503173828125,
        164.31304931640625
      ],
      "flags": {},
      "order": 6,
      "mode": 0,
      "inputs": [
        {
          "name": "clip",
          "type": "CLIP",
          "link": 3
        }
      ],
      "outputs": [
        {
          "name": "CONDITIONING",
          "type": "CONDITIONING",
          "links": [
            4,
            25
          ],
          "slot_index": 0
        }
      ],
      "properties": {
        "Node name for S&R": "CLIPTextEncode"
      },
      "widgets_values": [
        "portrait of a woman in the image of a golden queen in expensive jewelry and with a crown, intricate details, a lot of color, many small strokes"
      ],
      "color": "#232",
      "bgcolor": "#353"
    },
    {
      "id": 22,
      "type": "FreeU_V2",
      "pos": [
        612.9423302976433,
        -226.169431666712
      ],
      "size": {
        "0": 315,
        "1": 130
      },
      "flags": {},
      "order": 9,
      "mode": 4,
      "inputs": [
        {
          "name": "model",
          "type": "MODEL",
          "link": 22
        }
      ],
      "outputs": [
        {
          "name": "MODEL",
          "type": "MODEL",
          "links": [
            23,
            26
          ],
          "shape": 3,
          "slot_index": 0
        }
      ],
      "properties": {
        "Node name for S&R": "FreeU_V2"
      },
      "widgets_values": [
        1.5,
        1.6,
        0.9,
        0.2
      ],
      "color": "#223",
      "bgcolor": "#335"
    },
    {
      "id": 3,
      "type": "KSampler",
      "pos": [
        697.9423302976433,
        199.830568333288
      ],
      "size": {
        "0": 315,
        "1": 262
      },
      "flags": {},
      "order": 11,
      "mode": 0,
      "inputs": [
        {
          "name": "model",
          "type": "MODEL",
          "link": 23
        },
        {
          "name": "positive",
          "type": "CONDITIONING",
          "link": 4
        },
        {
          "name": "negative",
          "type": "CONDITIONING",
          "link": 6
        },
        {
          "name": "latent_image",
          "type": "LATENT",
          "link": 2
        }
      ],
      "outputs": [
        {
          "name": "LATENT",
          "type": "LATENT",
          "links": [
            7,
            34
          ],
          "slot_index": 0
        }
      ],
      "properties": {
        "Node name for S&R": "KSampler"
      },
      "widgets_values": [
        52051577944952,
        "fixed",
        24,
        7,
        "dpmpp_2m_sde_gpu",
        "karras",
        1
      ]
    },
    {
      "id": 31,
      "type": "KSamplerAdvanced",
      "pos": [
        2761.106448306953,
        -731.5496304983536
      ],
      "size": {
        "0": 315,
        "1": 334
      },
      "flags": {},
      "order": 20,
      "mode": 0,
      "inputs": [
        {
          "name": "model",
          "type": "MODEL",
          "link": 36
        },
        {
          "name": "positive",
          "type": "CONDITIONING",
          "link": 37
        },
        {
          "name": "negative",
          "type": "CONDITIONING",
          "link": 38
        },
        {
          "name": "latent_image",
          "type": "LATENT",
          "link": 35
        }
      ],
      "outputs": [
        {
          "name": "LATENT",
          "type": "LATENT",
          "links": [
            39
          ],
          "shape": 3,
          "slot_index": 0
        }
      ],
      "properties": {
        "Node name for S&R": "KSamplerAdvanced"
      },
      "widgets_values": [
        "enable",
        777,
        "fixed",
        20,
        7,
        "dpmpp_2m_sde_gpu",
        "karras",
        8,
        10000,
        "disable"
      ],
      "color": "#323",
      "bgcolor": "#535"
    },
    {
      "id": 32,
      "type": "VAEDecode",
      "pos": [
        3131.106448306953,
        -731.5496304983536
      ],
      "size": [
        239.84622469815304,
        46
      ],
      "flags": {},
      "order": 25,
      "mode": 0,
      "inputs": [
        {
          "name": "samples",
          "type": "LATENT",
          "link": 39
        },
        {
          "name": "vae",
          "type": "VAE",
          "link": 41
        }
      ],
      "outputs": [
        {
          "name": "IMAGE",
          "type": "IMAGE",
          "links": [
            40
          ],
          "shape": 3,
          "slot_index": 0
        }
      ],
      "properties": {
        "Node name for S&R": "VAEDecode"
      },
      "color": "#323",
      "bgcolor": "#535"
    },
    {
      "id": 34,
      "type": "PreviewImage",
      "pos": [
        3421.106448306953,
        -731.5496304983536
      ],
      "size": [
        276.66440651633457,
        246
      ],
      "flags": {},
      "order": 30,
      "mode": 0,
      "inputs": [
        {
          "name": "images",
          "type": "IMAGE",
          "link": 40
        }
      ],
      "properties": {
        "Node name for S&R": "PreviewImage"
      },
      "color": "#323",
      "bgcolor": "#535"
    },
    {
      "id": 27,
      "type": "LatentUpscaleBy",
      "pos": [
        2421.106448306953,
        -721.5496304983536
      ],
      "size": [
        268.18159068714476,
        82
      ],
      "flags": {},
      "order": 14,
      "mode": 0,
      "inputs": [
        {
          "name": "samples",
          "type": "LATENT",
          "link": 34
        }
      ],
      "outputs": [
        {
          "name": "LATENT",
          "type": "LATENT",
          "links": [
            35
          ],
          "shape": 3,
          "slot_index": 0
        }
      ],
      "properties": {
        "Node name for S&R": "LatentUpscaleBy"
      },
      "widgets_values": [
        "bilinear",
        1.5
      ],
      "color": "#323",
      "bgcolor": "#535"
    },
    {
      "id": 37,
      "type": "VAEDecode",
      "pos": [
        3105.1219187889087,
        1247.936517210503
      ],
      "size": {
        "0": 239.84622192382812,
        "1": 46
      },
      "flags": {},
      "order": 31,
      "mode": 0,
      "inputs": [
        {
          "name": "samples",
          "type": "LATENT",
          "link": 47
        },
        {
          "name": "vae",
          "type": "VAE",
          "link": 48
        }
      ],
      "outputs": [
        {
          "name": "IMAGE",
          "type": "IMAGE",
          "links": [
            49
          ],
          "shape": 3,
          "slot_index": 0
        }
      ],
      "properties": {
        "Node name for S&R": "VAEDecode"
      },
      "color": "#2a363b",
      "bgcolor": "#3f5159"
    },
    {
      "id": 38,
      "type": "PreviewImage",
      "pos": [
        3385.1219187889087,
        1237.936517210503
      ],
      "size": {
        "0": 276.6643981933594,
        "1": 246
      },
      "flags": {},
      "order": 35,
      "mode": 0,
      "inputs": [
        {
          "name": "images",
          "type": "IMAGE",
          "link": 49
        }
      ],
      "properties": {
        "Node name for S&R": "PreviewImage"
      },
      "color": "#2a363b",
      "bgcolor": "#3f5159"
    },
    {
      "id": 39,
      "type": "VAEEncode",
      "pos": [
        2435.1219187889087,
        1417.936517210503
      ],
      "size": {
        "0": 210,
        "1": 46
      },
      "flags": {},
      "order": 21,
      "mode": 0,
      "inputs": [
        {
          "name": "pixels",
          "type": "IMAGE",
          "link": 50
        },
        {
          "name": "vae",
          "type": "VAE",
          "link": 52,
          "slot_index": 1
        }
      ],
      "outputs": [
        {
          "name": "LATENT",
          "type": "LATENT",
          "links": [
            51
          ],
          "shape": 3,
          "slot_index": 0
        }
      ],
      "properties": {
        "Node name for S&R": "VAEEncode"
      },
      "color": "#2a363b",
      "bgcolor": "#3f5159"
    },
    {
      "id": 43,
      "type": "VAEDecode",
      "pos": [
        3378.949836873948,
        17.91377174659567
      ],
      "size": {
        "0": 239.84622192382812,
        "1": 46
      },
      "flags": {},
      "order": 32,
      "mode": 0,
      "inputs": [
        {
          "name": "samples",
          "type": "LATENT",
          "link": 58
        },
        {
          "name": "vae",
          "type": "VAE",
          "link": 59
        }
      ],
      "outputs": [
        {
          "name": "IMAGE",
          "type": "IMAGE",
          "links": [
            60
          ],
          "shape": 3,
          "slot_index": 0
        }
      ],
      "properties": {
        "Node name for S&R": "VAEDecode"
      },
      "color": "#223",
      "bgcolor": "#335"
    },
    {
      "id": 45,
      "type": "VAEEncode",
      "pos": [
        2738.949836873948,
        177.9137717465957
      ],
      "size": {
        "0": 210,
        "1": 46
      },
      "flags": {},
      "order": 22,
      "mode": 0,
      "inputs": [
        {
          "name": "pixels",
          "type": "IMAGE",
          "link": 64
        },
        {
          "name": "vae",
          "type": "VAE",
          "link": 62,
          "slot_index": 1
        }
      ],
      "outputs": [
        {
          "name": "LATENT",
          "type": "LATENT",
          "links": [
            57
          ],
          "shape": 3,
          "slot_index": 0
        }
      ],
      "properties": {
        "Node name for S&R": "VAEEncode"
      },
      "color": "#223",
      "bgcolor": "#335"
    },
    {
      "id": 44,
      "type": "PreviewImage",
      "pos": [
        3658.949836873948,
        27.91377174659568
      ],
      "size": {
        "0": 276.6643981933594,
        "1": 246
      },
      "flags": {},
      "order": 36,
      "mode": 0,
      "inputs": [
        {
          "name": "images",
          "type": "IMAGE",
          "link": 60
        }
      ],
      "properties": {
        "Node name for S&R": "PreviewImage"
      },
      "color": "#223",
      "bgcolor": "#335"
    },
    {
      "id": 8,
      "type": "VAEDecode",
      "pos": [
        1053.942330297643,
        199.830568333288
      ],
      "size": {
        "0": 210,
        "1": 46
      },
      "flags": {},
      "order": 13,
      "mode": 0,
      "inputs": [
        {
          "name": "samples",
          "type": "LATENT",
          "link": 7
        },
        {
          "name": "vae",
          "type": "VAE",
          "link": 8
        }
      ],
      "outputs": [
        {
          "name": "IMAGE",
          "type": "IMAGE",
          "links": [
            11,
            42,
            63,
            66,
            80
          ],
          "slot_index": 0
        }
      ],
      "properties": {
        "Node name for S&R": "VAEDecode"
      }
    },
    {
      "id": 46,
      "type": "ImageUpscaleWithModel",
      "pos": [
        2760.01009358017,
        698.1905094036472
      ],
      "size": {
        "0": 241.79998779296875,
        "1": 46
      },
      "flags": {},
      "order": 18,
      "mode": 0,
      "inputs": [
        {
          "name": "upscale_model",
          "type": "UPSCALE_MODEL",
          "link": 65,
          "slot_index": 0
        },
        {
          "name": "image",
          "type": "IMAGE",
          "link": 66
        }
      ],
      "outputs": [
        {
          "name": "IMAGE",
          "type": "IMAGE",
          "links": [
            69
          ],
          "shape": 3,
          "slot_index": 0
        }
      ],
      "properties": {
        "Node name for S&R": "ImageUpscaleWithModel"
      },
      "color": "#233",
      "bgcolor": "#355"
    },
    {
      "id": 47,
      "type": "UpscaleModelLoader",
      "pos": [
        2370.010093580172,
        638.1905094036472
      ],
      "size": {
        "0": 315,
        "1": 58
      },
      "flags": {},
      "order": 4,
      "mode": 0,
      "outputs": [
        {
          "name": "UPSCALE_MODEL",
          "type": "UPSCALE_MODEL",
          "links": [
            65
          ],
          "shape": 3
        }
      ],
      "properties": {
        "Node name for S&R": "UpscaleModelLoader"
      },
      "widgets_values": [
        "4x_NMKD-Siax_200k.pth"
      ],
      "color": "#233",
      "bgcolor": "#355"
    },
    {
      "id": 49,
      "type": "KSamplerAdvanced",
      "pos": [
        3650.01009358017,
        658.1905094036472
      ],
      "size": {
        "0": 315,
        "1": 334
      },
      "flags": {},
      "order": 33,
      "mode": 0,
      "inputs": [
        {
          "name": "model",
          "type": "MODEL",
          "link": 70
        },
        {
          "name": "positive",
          "type": "CONDITIONING",
          "link": 71
        },
        {
          "name": "negative",
          "type": "CONDITIONING",
          "link": 72
        },
        {
          "name": "latent_image",
          "type": "LATENT",
          "link": 73
        }
      ],
      "outputs": [
        {
          "name": "LATENT",
          "type": "LATENT",
          "links": [
            74
          ],
          "shape": 3,
          "slot_index": 0
        }
      ],
      "properties": {
        "Node name for S&R": "KSamplerAdvanced"
      },
      "widgets_values": [
        "enable",
        777,
        "fixed",
        20,
        7,
        "dpmpp_2m_sde_gpu",
        "karras",
        8,
        10000,
        "disable"
      ],
      "color": "#233",
      "bgcolor": "#355"
    },
    {
      "id": 50,
      "type": "VAEDecode",
      "pos": [
        4020.01009358017,
        658.1905094036472
      ],
      "size": {
        "0": 239.84622192382812,
        "1": 46
      },
      "flags": {},
      "order": 37,
      "mode": 0,
      "inputs": [
        {
          "name": "samples",
          "type": "LATENT",
          "link": 74
        },
        {
          "name": "vae",
          "type": "VAE",
          "link": 75
        }
      ],
      "outputs": [
        {
          "name": "IMAGE",
          "type": "IMAGE",
          "links": [
            76
          ],
          "shape": 3,
          "slot_index": 0
        }
      ],
      "properties": {
        "Node name for S&R": "VAEDecode"
      },
      "color": "#233",
      "bgcolor": "#355"
    },
    {
      "id": 52,
      "type": "VAEEncode",
      "pos": [
        3370.01009358017,
        818.1905094036472
      ],
      "size": {
        "0": 210,
        "1": 46
      },
      "flags": {},
      "order": 28,
      "mode": 0,
      "inputs": [
        {
          "name": "pixels",
          "type": "IMAGE",
          "link": 79
        },
        {
          "name": "vae",
          "type": "VAE",
          "link": 78,
          "slot_index": 1
        }
      ],
      "outputs": [
        {
          "name": "LATENT",
          "type": "LATENT",
          "links": [
            73
          ],
          "shape": 3,
          "slot_index": 0
        }
      ],
      "properties": {
        "Node name for S&R": "VAEEncode"
      },
      "color": "#233",
      "bgcolor": "#355"
    },
    {
      "id": 48,
      "type": "ImageScaleBy",
      "pos": [
        3040.01009358017,
        688.1905094036472
      ],
      "size": {
        "0": 281.17181396484375,
        "1": 82
      },
      "flags": {},
      "order": 23,
      "mode": 0,
      "inputs": [
        {
          "name": "image",
          "type": "IMAGE",
          "link": 69
        }
      ],
      "outputs": [
        {
          "name": "IMAGE",
          "type": "IMAGE",
          "links": [
            79
          ],
          "shape": 3,
          "slot_index": 0
        }
      ],
      "properties": {
        "Node name for S&R": "ImageScaleBy"
      },
      "widgets_values": [
        "lanczos",
        0.38
      ],
      "color": "#233",
      "bgcolor": "#355"
    },
    {
      "id": 51,
      "type": "PreviewImage",
      "pos": [
        4310.010093580173,
        648.1905094036472
      ],
      "size": {
        "0": 276.6643981933594,
        "1": 246
      },
      "flags": {},
      "order": 39,
      "mode": 0,
      "inputs": [
        {
          "name": "images",
          "type": "IMAGE",
          "link": 76
        }
      ],
      "properties": {
        "Node name for S&R": "PreviewImage"
      },
      "color": "#233",
      "bgcolor": "#355"
    },
    {
      "id": 40,
      "type": "ImageScale",
      "pos": [
        2398.949836873948,
        -12.086228253404332
      ],
      "size": {
        "0": 315,
        "1": 130
      },
      "flags": {},
      "order": 17,
      "mode": 0,
      "inputs": [
        {
          "name": "image",
          "type": "IMAGE",
          "link": 63,
          "slot_index": 0
        }
      ],
      "outputs": [
        {
          "name": "IMAGE",
          "type": "IMAGE",
          "links": [
            64
          ],
          "shape": 3,
          "slot_index": 0
        }
      ],
      "properties": {
        "Node name for S&R": "ImageScale"
      },
      "widgets_values": [
        "lanczos",
        512,
        0,
        "disabled"
      ],
      "color": "#223",
      "bgcolor": "#335"
    },
    {
      "id": 35,
      "type": "ImageScaleBy",
      "pos": [
        2375.1219187889087,
        1257.936517210503
      ],
      "size": [
        281.1718132812498,
        82
      ],
      "flags": {},
      "order": 16,
      "mode": 0,
      "inputs": [
        {
          "name": "image",
          "type": "IMAGE",
          "link": 42
        }
      ],
      "outputs": [
        {
          "name": "IMAGE",
          "type": "IMAGE",
          "links": [
            50
          ],
          "shape": 3,
          "slot_index": 0
        }
      ],
      "properties": {
        "Node name for S&R": "ImageScaleBy"
      },
      "widgets_values": [
        "lanczos",
        1.5
      ],
      "color": "#2a363b",
      "bgcolor": "#3f5159"
    },
    {
      "id": 42,
      "type": "KSamplerAdvanced",
      "pos": [
        3008.949836873948,
        17.91377174659567
      ],
      "size": {
        "0": 315,
        "1": 334
      },
      "flags": {},
      "order": 27,
      "mode": 0,
      "inputs": [
        {
          "name": "model",
          "type": "MODEL",
          "link": 54
        },
        {
          "name": "positive",
          "type": "CONDITIONING",
          "link": 55
        },
        {
          "name": "negative",
          "type": "CONDITIONING",
          "link": 56
        },
        {
          "name": "latent_image",
          "type": "LATENT",
          "link": 57
        }
      ],
      "outputs": [
        {
          "name": "LATENT",
          "type": "LATENT",
          "links": [
            58
          ],
          "shape": 3,
          "slot_index": 0
        }
      ],
      "properties": {
        "Node name for S&R": "KSamplerAdvanced"
      },
      "widgets_values": [
        "enable",
        777,
        "fixed",
        20,
        7,
        "dpmpp_2m_sde_gpu",
        "karras",
        8,
        10000,
        "disable"
      ],
      "color": "#223",
      "bgcolor": "#335"
    },
    {
      "id": 36,
      "type": "KSamplerAdvanced",
      "pos": [
        2735.1219187889087,
        1247.936517210503
      ],
      "size": {
        "0": 315,
        "1": 334
      },
      "flags": {},
      "order": 26,
      "mode": 0,
      "inputs": [
        {
          "name": "model",
          "type": "MODEL",
          "link": 43
        },
        {
          "name": "positive",
          "type": "CONDITIONING",
          "link": 44
        },
        {
          "name": "negative",
          "type": "CONDITIONING",
          "link": 45
        },
        {
          "name": "latent_image",
          "type": "LATENT",
          "link": 51
        }
      ],
      "outputs": [
        {
          "name": "LATENT",
          "type": "LATENT",
          "links": [
            47
          ],
          "shape": 3,
          "slot_index": 0
        }
      ],
      "properties": {
        "Node name for S&R": "KSamplerAdvanced"
      },
      "widgets_values": [
        "enable",
        777,
        "fixed",
        20,
        7,
        "dpmpp_2m_sde_gpu",
        "karras",
        8,
        10000,
        "disable"
      ],
      "color": "#2a363b",
      "bgcolor": "#3f5159"
    },
    {
      "id": 55,
      "type": "VAEDecode",
      "pos": [
        3106.4129302625774,
        1802.3174139474845
      ],
      "size": {
        "0": 239.84622192382812,
        "1": 46
      },
      "flags": {},
      "order": 34,
      "mode": 0,
      "inputs": [
        {
          "name": "samples",
          "type": "LATENT",
          "link": 94
        },
        {
          "name": "vae",
          "type": "VAE",
          "link": 86
        }
      ],
      "outputs": [
        {
          "name": "IMAGE",
          "type": "IMAGE",
          "links": [
            87
          ],
          "shape": 3,
          "slot_index": 0
        }
      ],
      "properties": {
        "Node name for S&R": "VAEDecode"
      },
      "color": "#223",
      "bgcolor": "#335"
    },
    {
      "id": 57,
      "type": "VAEEncode",
      "pos": [
        2436.4129302625774,
        1972.3174139474845
      ],
      "size": {
        "0": 210,
        "1": 46
      },
      "flags": {},
      "order": 24,
      "mode": 0,
      "inputs": [
        {
          "name": "pixels",
          "type": "IMAGE",
          "link": 88
        },
        {
          "name": "vae",
          "type": "VAE",
          "link": 89,
          "slot_index": 1
        }
      ],
      "outputs": [
        {
          "name": "LATENT",
          "type": "LATENT",
          "links": [
            93
          ],
          "shape": 3,
          "slot_index": 0
        }
      ],
      "properties": {
        "Node name for S&R": "VAEEncode"
      },
      "color": "#223",
      "bgcolor": "#335"
    },
    {
      "id": 26,
      "type": "Reroute",
      "pos": [
        1586.1813207558746,
        -146.01121855379682
      ],
      "size": [
        82,
        26
      ],
      "flags": {},
      "order": 12,
      "mode": 0,
      "inputs": [
        {
          "name": "",
          "type": "*",
          "link": 26
        }
      ],
      "outputs": [
        {
          "name": "MODEL",
          "type": "MODEL",
          "links": [
            36,
            43,
            54,
            70,
            90
          ],
          "slot_index": 0
        }
      ],
      "properties": {
        "showOutputText": true,
        "horizontal": false
      },
      "color": "#223",
      "bgcolor": "#335"
    },
    {
      "id": 25,
      "type": "Reroute",
      "pos": [
        1526.1813207558746,
        -196.01121855379682
      ],
      "size": [
        140.8,
        26
      ],
      "flags": {},
      "order": 10,
      "mode": 0,
      "inputs": [
        {
          "name": "",
          "type": "*",
          "link": 25
        }
      ],
      "outputs": [
        {
          "name": "CONDITIONING",
          "type": "CONDITIONING",
          "links": [
            37,
            44,
            55,
            71,
            91
          ],
          "label": "PROMPT",
          "slot_index": 0
        }
      ],
      "properties": {
        "showOutputText": true,
        "horizontal": false
      },
      "color": "#232",
      "bgcolor": "#353"
    },
    {
      "id": 7,
      "type": "CLIPTextEncode",
      "pos": [
        215.9423302976429,
        335.830568333288
      ],
      "size": {
        "0": 425.27801513671875,
        "1": 180.6060791015625
      },
      "flags": {},
      "order": 7,
      "mode": 0,
      "inputs": [
        {
          "name": "clip",
          "type": "CLIP",
          "link": 5
        }
      ],
      "outputs": [
        {
          "name": "CONDITIONING",
          "type": "CONDITIONING",
          "links": [
            6,
            38,
            45,
            56,
            72,
            92
          ],
          "slot_index": 0
        }
      ],
      "properties": {
        "Node name for S&R": "CLIPTextEncode"
      },
      "widgets_values": [
        "(deformed, distorted, disfigured:1.3), stacked torsos, totem pole, poorly drawn, bad anatomy, wrong anatomy, extra limb, missing limb, floating limbs, (mutated hands and fingers:1.4), disconnected limbs, mutation, mutated, ugly, disgusting, blurry, amputation"
      ],
      "color": "#322",
      "bgcolor": "#533"
    },
    {
      "id": 53,
      "type": "ImageScaleBy",
      "pos": [
        2376.4129302625774,
        1812.3174139474845
      ],
      "size": {
        "0": 281.17181396484375,
        "1": 82
      },
      "flags": {},
      "order": 19,
      "mode": 0,
      "inputs": [
        {
          "name": "image",
          "type": "IMAGE",
          "link": 80
        }
      ],
      "outputs": [
        {
          "name": "IMAGE",
          "type": "IMAGE",
          "links": [
            88
          ],
          "shape": 3,
          "slot_index": 0
        }
      ],
      "properties": {
        "Node name for S&R": "ImageScaleBy"
      },
      "widgets_values": [
        "lanczos",
        1.5
      ],
      "color": "#223",
      "bgcolor": "#335"
    },
    {
      "id": 58,
      "type": "KSampler",
      "pos": [
        2728.4129302625774,
        1796.3174139474845
      ],
      "size": {
        "0": 315,
        "1": 262
      },
      "flags": {},
      "order": 29,
      "mode": 0,
      "inputs": [
        {
          "name": "model",
          "type": "MODEL",
          "link": 90
        },
        {
          "name": "positive",
          "type": "CONDITIONING",
          "link": 91
        },
        {
          "name": "negative",
          "type": "CONDITIONING",
          "link": 92
        },
        {
          "name": "latent_image",
          "type": "LATENT",
          "link": 93,
          "slot_index": 3
        }
      ],
      "outputs": [
        {
          "name": "LATENT",
          "type": "LATENT",
          "links": [
            94
          ],
          "shape": 3,
          "slot_index": 0
        }
      ],
      "properties": {
        "Node name for S&R": "KSampler"
      },
      "widgets_values": [
        777,
        "fixed",
        20,
        7,
        "dpmpp_2m_sde_gpu",
        "karras",
        0.6
      ],
      "color": "#223",
      "bgcolor": "#335"
    },
    {
      "id": 56,
      "type": "PreviewImage",
      "pos": [
        3394.4129302625774,
        1786.3174139474845
      ],
      "size": {
        "0": 276.6643981933594,
        "1": 246
      },
      "flags": {},
      "order": 38,
      "mode": 0,
      "inputs": [
        {
          "name": "images",
          "type": "IMAGE",
          "link": 87
        }
      ],
      "properties": {
        "Node name for S&R": "PreviewImage"
      },
      "color": "#223",
      "bgcolor": "#335"
    },
    {
      "id": 24,
      "type": "Reroute",
      "pos": [
        1596.1813207558746,
        -256.0112185537968
      ],
      "size": [
        75,
        26
      ],
      "flags": {},
      "order": 8,
      "mode": 0,
      "inputs": [
        {
          "name": "",
          "type": "*",
          "link": 24
        }
      ],
      "outputs": [
        {
          "name": "VAE",
          "type": "VAE",
          "links": [
            41,
            48,
            52,
            59,
            62,
            75,
            78,
            86,
            89
          ],
          "slot_index": 0
        }
      ],
      "properties": {
        "showOutputText": true,
        "horizontal": false
      }
    }
  ],
  "links": [
    [
      2,
      5,
      0,
      3,
      3,
      "LATENT"
    ],
    [
      3,
      4,
      1,
      6,
      0,
      "CLIP"
    ],
    [
      4,
      6,
      0,
      3,
      1,
      "CONDITIONING"
    ],
    [
      5,
      4,
      1,
      7,
      0,
      "CLIP"
    ],
    [
      6,
      7,
      0,
      3,
      2,
      "CONDITIONING"
    ],
    [
      7,
      3,
      0,
      8,
      0,
      "LATENT"
    ],
    [
      8,
      4,
      2,
      8,
      1,
      "VAE"
    ],
    [
      11,
      8,
      0,
      11,
      0,
      "IMAGE"
    ],
    [
      15,
      4,
      0,
      12,
      0,
      "MODEL"
    ],
    [
      22,
      12,
      0,
      22,
      0,
      "MODEL"
    ],
    [
      23,
      22,
      0,
      3,
      0,
      "MODEL"
    ],
    [
      24,
      4,
      2,
      24,
      0,
      "*"
    ],
    [
      25,
      6,
      0,
      25,
      0,
      "*"
    ],
    [
      26,
      22,
      0,
      26,
      0,
      "*"
    ],
    [
      34,
      3,
      0,
      27,
      0,
      "LATENT"
    ],
    [
      35,
      27,
      0,
      31,
      3,
      "LATENT"
    ],
    [
      36,
      26,
      0,
      31,
      0,
      "MODEL"
    ],
    [
      37,
      25,
      0,
      31,
      1,
      "CONDITIONING"
    ],
    [
      38,
      7,
      0,
      31,
      2,
      "CONDITIONING"
    ],
    [
      39,
      31,
      0,
      32,
      0,
      "LATENT"
    ],
    [
      40,
      32,
      0,
      34,
      0,
      "IMAGE"
    ],
    [
      41,
      24,
      0,
      32,
      1,
      "VAE"
    ],
    [
      42,
      8,
      0,
      35,
      0,
      "IMAGE"
    ],
    [
      43,
      26,
      0,
      36,
      0,
      "MODEL"
    ],
    [
      44,
      25,
      0,
      36,
      1,
      "CONDITIONING"
    ],
    [
      45,
      7,
      0,
      36,
      2,
      "CONDITIONING"
    ],
    [
      47,
      36,
      0,
      37,
      0,
      "LATENT"
    ],
    [
      48,
      24,
      0,
      37,
      1,
      "VAE"
    ],
    [
      49,
      37,
      0,
      38,
      0,
      "IMAGE"
    ],
    [
      50,
      35,
      0,
      39,
      0,
      "IMAGE"
    ],
    [
      51,
      39,
      0,
      36,
      3,
      "LATENT"
    ],
    [
      52,
      24,
      0,
      39,
      1,
      "VAE"
    ],
    [
      54,
      26,
      0,
      42,
      0,
      "MODEL"
    ],
    [
      55,
      25,
      0,
      42,
      1,
      "CONDITIONING"
    ],
    [
      56,
      7,
      0,
      42,
      2,
      "CONDITIONING"
    ],
    [
      57,
      45,
      0,
      42,
      3,
      "LATENT"
    ],
    [
      58,
      42,
      0,
      43,
      0,
      "LATENT"
    ],
    [
      59,
      24,
      0,
      43,
      1,
      "VAE"
    ],
    [
      60,
      43,
      0,
      44,
      0,
      "IMAGE"
    ],
    [
      62,
      24,
      0,
      45,
      1,
      "VAE"
    ],
    [
      63,
      8,
      0,
      40,
      0,
      "IMAGE"
    ],
    [
      64,
      40,
      0,
      45,
      0,
      "IMAGE"
    ],
    [
      65,
      47,
      0,
      46,
      0,
      "UPSCALE_MODEL"
    ],
    [
      66,
      8,
      0,
      46,
      1,
      "IMAGE"
    ],
    [
      69,
      46,
      0,
      48,
      0,
      "IMAGE"
    ],
    [
      70,
      26,
      0,
      49,
      0,
      "MODEL"
    ],
    [
      71,
      25,
      0,
      49,
      1,
      "CONDITIONING"
    ],
    [
      72,
      7,
      0,
      49,
      2,
      "CONDITIONING"
    ],
    [
      73,
      52,
      0,
      49,
      3,
      "LATENT"
    ],
    [
      74,
      49,
      0,
      50,
      0,
      "LATENT"
    ],
    [
      75,
      24,
      0,
      50,
      1,
      "VAE"
    ],
    [
      76,
      50,
      0,
      51,
      0,
      "IMAGE"
    ],
    [
      78,
      24,
      0,
      52,
      1,
      "VAE"
    ],
    [
      79,
      48,
      0,
      52,
      0,
      "IMAGE"
    ],
    [
      80,
      8,
      0,
      53,
      0,
      "IMAGE"
    ],
    [
      86,
      24,
      0,
      55,
      1,
      "VAE"
    ],
    [
      87,
      55,
      0,
      56,
      0,
      "IMAGE"
    ],
    [
      88,
      53,
      0,
      57,
      0,
      "IMAGE"
    ],
    [
      89,
      24,
      0,
      57,
      1,
      "VAE"
    ],
    [
      90,
      26,
      0,
      58,
      0,
      "MODEL"
    ],
    [
      91,
      25,
      0,
      58,
      1,
      "CONDITIONING"
    ],
    [
      92,
      7,
      0,
      58,
      2,
      "CONDITIONING"
    ],
    [
      93,
      57,
      0,
      58,
      3,
      "LATENT"
    ],
    [
      94,
      58,
      0,
      55,
      0,
      "LATENT"
    ]
  ],
  "groups": [
    {
      "title": "Group",
      "bounding": [
        2411,
        -805,
        1297,
        418
      ],
      "color": "#3f789e",
      "font_size": 24
    },
    {
      "title": "Group",
      "bounding": [
        2389,
        -87,
        1557,
        448
      ],
      "color": "#3f789e",
      "font_size": 24
    },
    {
      "title": "Group",
      "bounding": [
        2360,
        564,
        2237,
        438
      ],
      "color": "#3f789e",
      "font_size": 24
    },
    {
      "title": "Group",
      "bounding": [
        2365,
        1164,
        1307,
        428
      ],
      "color": "#3f789e",
      "font_size": 24
    },
    {
      "title": "Group",
      "bounding": [
        2366,
        1712,
        1315,
        356
      ],
      "color": "#3f789e",
      "font_size": 24
    },
    {
      "title": "Group",
      "bounding": [
        1524,
        -299,
        161,
        189
      ],
      "color": "#3f789e",
      "font_size": 24
    },
    {
      "title": "Group",
      "bounding": [
        -216,
        -302,
        1584,
        1041
      ],
      "color": "#3f789e",
      "font_size": 24
    }
  ],
  "config": {},
  "extra": {},
  "version": 0.4
}