{
  "last_node_id": 62,
  "last_link_id": 129,
  "nodes": [
    {
      "id": 13,
      "type": "Seed (rgthree)",
      "pos": {
        "0": 672,
        "1": 514,
        "2": 0,
        "3": 0,
        "4": 0,
        "5": 0,
        "6": 0,
        "7": 0,
        "8": 0,
        "9": 0
      },
      "size": {
        "0": 244.8321533203125,
        "1": 130
      },
      "flags": {},
      "order": 0,
      "mode": 0,
      "inputs": [],
      "outputs": [
        {
          "name": "SEED",
          "type": "INT",
          "links": [
            38,
            78,
            85
          ],
          "shape": 3,
          "dir": 4,
          "slot_index": 0
        }
      ],
      "properties": {},
      "widgets_values": [
        1031572691792322,
        null,
        null,
        null
      ],
      "color": "#332922",
      "bgcolor": "#593930"
    },
    {
      "id": 11,
      "type": "GoogleTranslateTextNode",
      "pos": [
        -605,
        288
      ],
      "size": {
        "0": 319.1651611328125,
        "1": 194.50949096679688
      },
      "flags": {},
      "order": 1,
      "mode": 0,
      "outputs": [
        {
          "name": "text",
          "type": "STRING",
          "links": [
            14
          ],
          "shape": 3,
          "slot_index": 0
        }
      ],
      "properties": {
        "Node name for S&R": "GoogleTranslateTextNode"
      },
      "widgets_values": [
        "auto",
        "en",
        false,
        "Manual Trasnlate",
        "Кролик боксёр"
      ],
      "color": "#232",
      "bgcolor": "#353"
    },
    {
      "id": 37,
      "type": "KSampler (Efficient)",
      "pos": [
        1010,
        1538
      ],
      "size": {
        "0": 330,
        "1": 560
      },
      "flags": {},
      "order": 10,
      "mode": 0,
      "inputs": [
        {
          "name": "model",
          "type": "MODEL",
          "link": 72
        },
        {
          "name": "positive",
          "type": "CONDITIONING",
          "link": 73
        },
        {
          "name": "negative",
          "type": "CONDITIONING",
          "link": 74
        },
        {
          "name": "latent_image",
          "type": "LATENT",
          "link": 75
        },
        {
          "name": "optional_vae",
          "type": "VAE",
          "link": 76
        },
        {
          "name": "script",
          "type": "SCRIPT",
          "link": 77,
          "slot_index": 5
        },
        {
          "name": "seed",
          "type": "INT",
          "link": 78,
          "widget": {
            "name": "seed"
          }
        }
      ],
      "outputs": [
        {
          "name": "MODEL",
          "type": "MODEL",
          "links": [],
          "shape": 3,
          "slot_index": 0
        },
        {
          "name": "CONDITIONING+",
          "type": "CONDITIONING",
          "links": [],
          "shape": 3,
          "slot_index": 1
        },
        {
          "name": "CONDITIONING-",
          "type": "CONDITIONING",
          "links": [],
          "shape": 3,
          "slot_index": 2
        },
        {
          "name": "LATENT",
          "type": "LATENT",
          "links": null,
          "shape": 3
        },
        {
          "name": "VAE",
          "type": "VAE",
          "links": [],
          "shape": 3,
          "slot_index": 4
        },
        {
          "name": "IMAGE",
          "type": "IMAGE",
          "links": [
            86
          ],
          "shape": 3,
          "slot_index": 5
        }
      ],
      "properties": {
        "Node name for S&R": "KSampler (Efficient)"
      },
      "widgets_values": [
        366033418905938,
        null,
        20,
        6,
        "dpmpp_2m",
        "karras",
        1,
        "auto",
        "true (tiled)"
      ],
      "color": "#2a363b",
      "bgcolor": "#3f5159",
      "shape": 1
    },
    {
      "id": 38,
      "type": "KSampler (Efficient)",
      "pos": [
        1006,
        861
      ],
      "size": {
        "0": 330,
        "1": 560
      },
      "flags": {},
      "order": 11,
      "mode": 0,
      "inputs": [
        {
          "name": "model",
          "type": "MODEL",
          "link": 80
        },
        {
          "name": "positive",
          "type": "CONDITIONING",
          "link": 81
        },
        {
          "name": "negative",
          "type": "CONDITIONING",
          "link": 82
        },
        {
          "name": "latent_image",
          "type": "LATENT",
          "link": 83
        },
        {
          "name": "optional_vae",
          "type": "VAE",
          "link": 84
        },
        {
          "name": "script",
          "type": "SCRIPT",
          "link": 100,
          "slot_index": 5
        },
        {
          "name": "seed",
          "type": "INT",
          "link": 85,
          "widget": {
            "name": "seed"
          }
        }
      ],
      "outputs": [
        {
          "name": "MODEL",
          "type": "MODEL",
          "links": [],
          "shape": 3,
          "slot_index": 0
        },
        {
          "name": "CONDITIONING+",
          "type": "CONDITIONING",
          "links": [],
          "shape": 3,
          "slot_index": 1
        },
        {
          "name": "CONDITIONING-",
          "type": "CONDITIONING",
          "links": [],
          "shape": 3,
          "slot_index": 2
        },
        {
          "name": "LATENT",
          "type": "LATENT",
          "links": null,
          "shape": 3
        },
        {
          "name": "VAE",
          "type": "VAE",
          "links": [],
          "shape": 3,
          "slot_index": 4
        },
        {
          "name": "IMAGE",
          "type": "IMAGE",
          "links": [
            87
          ],
          "shape": 3,
          "slot_index": 5
        }
      ],
      "properties": {
        "Node name for S&R": "KSampler (Efficient)"
      },
      "widgets_values": [
        366033418905938,
        null,
        20,
        6,
        "dpmpp_2m",
        "karras",
        1,
        "auto",
        "true (tiled)"
      ],
      "color": "#2a363b",
      "bgcolor": "#3f5159",
      "shape": 1
    },
    {
      "id": 21,
      "type": "Tiled Upscaler Script",
      "pos": [
        643,
        1661
      ],
      "size": {
        "0": 325,
        "1": 226
      },
      "flags": {},
      "order": 2,
      "mode": 0,
      "inputs": [
        {
          "name": "script",
          "type": "SCRIPT",
          "link": null
        }
      ],
      "outputs": [
        {
          "name": "SCRIPT",
          "type": "SCRIPT",
          "links": [
            77
          ],
          "shape": 3,
          "slot_index": 0
        }
      ],
      "properties": {
        "Node name for S&R": "Tiled Upscaler Script"
      },
      "widgets_values": [
        1.5,
        1024,
        "random strict",
        20,
        739639675344386,
        null,
        0.5,
        false,
        "XL-sai_xl_canny_256lora.safetensors",
        1
      ],
      "color": "#332222",
      "bgcolor": "#553333",
      "shape": 1
    },
    {
      "id": 34,
      "type": "PreviewImage",
      "pos": [
        2240,
        310
      ],
      "size": {
        "0": 210,
        "1": 246
      },
      "flags": {},
      "order": 17,
      "mode": 0,
      "inputs": [
        {
          "name": "images",
          "type": "IMAGE",
          "link": 69
        }
      ],
      "properties": {
        "Node name for S&R": "PreviewImage"
      }
    },
    {
      "id": 40,
      "type": "PreviewImage",
      "pos": [
        1431,
        995
      ],
      "size": {
        "0": 210,
        "1": 246
      },
      "flags": {},
      "order": 14,
      "mode": 0,
      "inputs": [
        {
          "name": "images",
          "type": "IMAGE",
          "link": 87
        }
      ],
      "properties": {
        "Node name for S&R": "PreviewImage"
      }
    },
    {
      "id": 39,
      "type": "PreviewImage",
      "pos": [
        1393,
        1553
      ],
      "size": {
        "0": 210,
        "1": 246
      },
      "flags": {},
      "order": 13,
      "mode": 0,
      "inputs": [
        {
          "name": "images",
          "type": "IMAGE",
          "link": 86
        }
      ],
      "properties": {
        "Node name for S&R": "PreviewImage"
      }
    },
    {
      "id": 35,
      "type": "UpscaleModelLoader",
      "pos": [
        1479,
        451
      ],
      "size": {
        "0": 315,
        "1": 58
      },
      "flags": {},
      "order": 3,
      "mode": 0,
      "outputs": [
        {
          "name": "UPSCALE_MODEL",
          "type": "UPSCALE_MODEL",
          "links": [
            70
          ],
          "shape": 3
        }
      ],
      "properties": {
        "Node name for S&R": "UpscaleModelLoader"
      },
      "widgets_values": [
        "4x-UltraSharp.pth"
      ]
    },
    {
      "id": 30,
      "type": "HighRes-Fix Script",
      "pos": [
        624,
        981
      ],
      "size": [
        325,
        298
      ],
      "flags": {},
      "order": 4,
      "mode": 0,
      "inputs": [
        {
          "name": "script",
          "type": "SCRIPT",
          "link": null,
          "slot_index": 0
        }
      ],
      "outputs": [
        {
          "name": "SCRIPT",
          "type": "SCRIPT",
          "links": [
            100
          ],
          "shape": 3,
          "slot_index": 0
        }
      ],
      "properties": {
        "Node name for S&R": "HighRes-Fix Script"
      },
      "widgets_values": [
        "latent",
        "(use same)",
        "nearest-exact",
        "4x_NMKD-Siax_200k.pth",
        1.25,
        false,
        661480506759476,
        null,
        20,
        0.5,
        2,
        false,
        "XL-sai_xl_canny_256lora.safetensors",
        0.5,
        "CannyEdgePreprocessor",
        true
      ],
      "color": "#443322",
      "bgcolor": "#665533",
      "shape": 1
    },
    {
      "id": 1,
      "type": "Efficient Loader",
      "pos": [
        156,
        256
      ],
      "size": {
        "0": 400,
        "1": 462
      },
      "flags": {},
      "order": 7,
      "mode": 0,
      "inputs": [
        {
          "name": "lora_stack",
          "type": "LORA_STACK",
          "link": null
        },
        {
          "name": "cnet_stack",
          "type": "CONTROL_NET_STACK",
          "link": null
        },
        {
          "name": "positive",
          "type": "STRING",
          "link": 39,
          "widget": {
            "name": "positive"
          }
        },
        {
          "name": "negative",
          "type": "STRING",
          "link": 40,
          "widget": {
            "name": "negative"
          }
        }
      ],
      "outputs": [
        {
          "name": "MODEL",
          "type": "MODEL",
          "links": [
            30,
            72,
            80
          ],
          "shape": 3,
          "slot_index": 0
        },
        {
          "name": "CONDITIONING+",
          "type": "CONDITIONING",
          "links": [
            41,
            73,
            81
          ],
          "shape": 3,
          "slot_index": 1
        },
        {
          "name": "CONDITIONING-",
          "type": "CONDITIONING",
          "links": [
            42,
            74,
            82
          ],
          "shape": 3,
          "slot_index": 2
        },
        {
          "name": "LATENT",
          "type": "LATENT",
          "links": [
            75,
            83,
            96
          ],
          "shape": 3,
          "slot_index": 3
        },
        {
          "name": "VAE",
          "type": "VAE",
          "links": [
            43,
            76,
            84
          ],
          "shape": 3,
          "slot_index": 4
        },
        {
          "name": "CLIP",
          "type": "CLIP",
          "links": [],
          "shape": 3,
          "slot_index": 5
        },
        {
          "name": "DEPENDENCIES",
          "type": "DEPENDENCIES",
          "links": null,
          "shape": 3
        }
      ],
      "properties": {
        "Node name for S&R": "Efficient Loader"
      },
      "widgets_values": [
        "SDXL\\realvisxlV40_v40Bakedvae.safetensors",
        "Baked VAE",
        -1,
        "None",
        0.76,
        0.91,
        "CLIP_POSITIVE",
        "CLIP_NEGATIVE",
        "none",
        "comfy",
        1024,
        1024,
        1
      ],
      "color": "#223",
      "bgcolor": "#335",
      "shape": 1
    },
    {
      "id": 12,
      "type": "SDXLPromptStyler",
      "pos": [
        -229,
        286
      ],
      "size": {
        "0": 324.5039978027344,
        "1": 205.0833740234375
      },
      "flags": {},
      "order": 6,
      "mode": 0,
      "inputs": [
        {
          "name": "text_positive",
          "type": "STRING",
          "link": 14,
          "widget": {
            "name": "text_positive"
          }
        }
      ],
      "outputs": [
        {
          "name": "text_positive",
          "type": "STRING",
          "links": [
            39,
            117
          ],
          "shape": 3,
          "slot_index": 0
        },
        {
          "name": "text_negative",
          "type": "STRING",
          "links": [
            40,
            118
          ],
          "shape": 3,
          "slot_index": 1
        }
      ],
      "properties": {
        "Node name for S&R": "SDXLPromptStyler"
      },
      "widgets_values": [
        "",
        "",
        "X CartoonHero",
        true,
        true,
        true
      ],
      "color": "#233",
      "bgcolor": "#355"
    },
    {
      "id": 59,
      "type": "Efficient Loader",
      "pos": [
        1603,
        -403
      ],
      "size": {
        "0": 400,
        "1": 462
      },
      "flags": {},
      "order": 8,
      "mode": 0,
      "inputs": [
        {
          "name": "lora_stack",
          "type": "LORA_STACK",
          "link": null
        },
        {
          "name": "cnet_stack",
          "type": "CONTROL_NET_STACK",
          "link": null
        },
        {
          "name": "positive",
          "type": "STRING",
          "link": 117,
          "widget": {
            "name": "positive"
          }
        },
        {
          "name": "negative",
          "type": "STRING",
          "link": 118,
          "widget": {
            "name": "negative"
          }
        }
      ],
      "outputs": [
        {
          "name": "MODEL",
          "type": "MODEL",
          "links": [
            119
          ],
          "shape": 3,
          "slot_index": 0
        },
        {
          "name": "CONDITIONING+",
          "type": "CONDITIONING",
          "links": [
            123
          ],
          "shape": 3,
          "slot_index": 1
        },
        {
          "name": "CONDITIONING-",
          "type": "CONDITIONING",
          "links": [
            124
          ],
          "shape": 3,
          "slot_index": 2
        },
        {
          "name": "LATENT",
          "type": "LATENT",
          "links": [],
          "shape": 3,
          "slot_index": 3
        },
        {
          "name": "VAE",
          "type": "VAE",
          "links": [
            122
          ],
          "shape": 3,
          "slot_index": 4
        },
        {
          "name": "CLIP",
          "type": "CLIP",
          "links": [],
          "shape": 3,
          "slot_index": 5
        },
        {
          "name": "DEPENDENCIES",
          "type": "DEPENDENCIES",
          "links": null,
          "shape": 3
        }
      ],
      "properties": {
        "Node name for S&R": "Efficient Loader"
      },
      "widgets_values": [
        "SD15\\juggernaut_reborn.safetensors",
        "Baked VAE",
        -1,
        "None",
        0.76,
        0.91,
        "CLIP_POSITIVE",
        "CLIP_NEGATIVE",
        "none",
        "comfy",
        1024,
        1024,
        1
      ],
      "color": "#223",
      "bgcolor": "#335",
      "shape": 1
    },
    {
      "id": 61,
      "type": "ControlNetLoader",
      "pos": [
        2141,
        -311
      ],
      "size": {
        "0": 315,
        "1": 58
      },
      "flags": {},
      "order": 5,
      "mode": 0,
      "outputs": [
        {
          "name": "CONTROL_NET",
          "type": "CONTROL_NET",
          "links": [
            127
          ],
          "shape": 3
        }
      ],
      "properties": {
        "Node name for S&R": "ControlNetLoader"
      },
      "widgets_values": [
        "control_v11f1e_sd15_tile.safetensors"
      ]
    },
    {
      "id": 2,
      "type": "KSampler (Efficient)",
      "pos": [
        1007,
        210
      ],
      "size": {
        "0": 330,
        "1": 560
      },
      "flags": {},
      "order": 9,
      "mode": 0,
      "inputs": [
        {
          "name": "model",
          "type": "MODEL",
          "link": 30
        },
        {
          "name": "positive",
          "type": "CONDITIONING",
          "link": 41
        },
        {
          "name": "negative",
          "type": "CONDITIONING",
          "link": 42
        },
        {
          "name": "latent_image",
          "type": "LATENT",
          "link": 96,
          "slot_index": 3
        },
        {
          "name": "optional_vae",
          "type": "VAE",
          "link": 43
        },
        {
          "name": "script",
          "type": "SCRIPT",
          "link": null,
          "slot_index": 5
        },
        {
          "name": "seed",
          "type": "INT",
          "link": 38,
          "widget": {
            "name": "seed"
          }
        }
      ],
      "outputs": [
        {
          "name": "MODEL",
          "type": "MODEL",
          "links": [],
          "shape": 3,
          "slot_index": 0
        },
        {
          "name": "CONDITIONING+",
          "type": "CONDITIONING",
          "links": [],
          "shape": 3,
          "slot_index": 1
        },
        {
          "name": "CONDITIONING-",
          "type": "CONDITIONING",
          "links": [],
          "shape": 3,
          "slot_index": 2
        },
        {
          "name": "LATENT",
          "type": "LATENT",
          "links": [],
          "shape": 3,
          "slot_index": 3
        },
        {
          "name": "VAE",
          "type": "VAE",
          "links": [],
          "shape": 3,
          "slot_index": 4
        },
        {
          "name": "IMAGE",
          "type": "IMAGE",
          "links": [
            64,
            128
          ],
          "shape": 3,
          "slot_index": 5
        }
      ],
      "properties": {
        "Node name for S&R": "KSampler (Efficient)"
      },
      "widgets_values": [
        366033418905938,
        null,
        20,
        6,
        "dpmpp_2m",
        "karras",
        1,
        "auto",
        "true"
      ],
      "color": "#2a363b",
      "bgcolor": "#3f5159",
      "shape": 1
    },
    {
      "id": 62,
      "type": "TilePreprocessor",
      "pos": [
        2139,
        60
      ],
      "size": {
        "0": 315,
        "1": 82
      },
      "flags": {},
      "order": 12,
      "mode": 0,
      "inputs": [
        {
          "name": "image",
          "type": "IMAGE",
          "link": 128
        }
      ],
      "outputs": [
        {
          "name": "IMAGE",
          "type": "IMAGE",
          "links": [
            129
          ],
          "shape": 3,
          "slot_index": 0
        }
      ],
      "properties": {
        "Node name for S&R": "TilePreprocessor"
      },
      "widgets_values": [
        1,
        512
      ]
    },
    {
      "id": 60,
      "type": "ControlNetApplyAdvanced",
      "pos": [
        2139,
        -171
      ],
      "size": {
        "0": 315,
        "1": 166
      },
      "flags": {},
      "order": 15,
      "mode": 0,
      "inputs": [
        {
          "name": "positive",
          "type": "CONDITIONING",
          "link": 123
        },
        {
          "name": "negative",
          "type": "CONDITIONING",
          "link": 124
        },
        {
          "name": "control_net",
          "type": "CONTROL_NET",
          "link": 127,
          "slot_index": 2
        },
        {
          "name": "image",
          "type": "IMAGE",
          "link": 129
        }
      ],
      "outputs": [
        {
          "name": "positive",
          "type": "CONDITIONING",
          "links": [
            125
          ],
          "shape": 3,
          "slot_index": 0
        },
        {
          "name": "negative",
          "type": "CONDITIONING",
          "links": [
            126
          ],
          "shape": 3,
          "slot_index": 1
        }
      ],
      "properties": {
        "Node name for S&R": "ControlNetApplyAdvanced"
      },
      "widgets_values": [
        0.6,
        0,
        0.7000000000000001
      ]
    },
    {
      "id": 33,
      "type": "UltimateSDUpscale",
      "pos": [
        1890,
        270
      ],
      "size": {
        "0": 315,
        "1": 614
      },
      "flags": {},
      "order": 16,
      "mode": 0,
      "inputs": [
        {
          "name": "image",
          "type": "IMAGE",
          "link": 64
        },
        {
          "name": "model",
          "type": "MODEL",
          "link": 119
        },
        {
          "name": "positive",
          "type": "CONDITIONING",
          "link": 125
        },
        {
          "name": "negative",
          "type": "CONDITIONING",
          "link": 126
        },
        {
          "name": "vae",
          "type": "VAE",
          "link": 122
        },
        {
          "name": "upscale_model",
          "type": "UPSCALE_MODEL",
          "link": 70,
          "slot_index": 5
        }
      ],
      "outputs": [
        {
          "name": "IMAGE",
          "type": "IMAGE",
          "links": [
            69
          ],
          "shape": 3,
          "slot_index": 0
        }
      ],
      "properties": {
        "Node name for S&R": "UltimateSDUpscale"
      },
      "widgets_values": [
        1.5,
        617351927791974,
        "fixed",
        20,
        6,
        "dpmpp_2m",
        "karras",
        0.5,
        "Linear",
        1024,
        1024,
        8,
        32,
        "Band Pass",
        1,
        64,
        8,
        16,
        true,
        true
      ]
    }
  ],
  "links": [
    [
      14,
      11,
      0,
      12,
      0,
      "STRING"
    ],
    [
      30,
      1,
      0,
      2,
      0,
      "MODEL"
    ],
    [
      38,
      13,
      0,
      2,
      6,
      "INT"
    ],
    [
      39,
      12,
      0,
      1,
      2,
      "STRING"
    ],
    [
      40,
      12,
      1,
      1,
      3,
      "STRING"
    ],
    [
      41,
      1,
      1,
      2,
      1,
      "CONDITIONING"
    ],
    [
      42,
      1,
      2,
      2,
      2,
      "CONDITIONING"
    ],
    [
      43,
      1,
      4,
      2,
      4,
      "VAE"
    ],
    [
      64,
      2,
      5,
      33,
      0,
      "IMAGE"
    ],
    [
      69,
      33,
      0,
      34,
      0,
      "IMAGE"
    ],
    [
      70,
      35,
      0,
      33,
      5,
      "UPSCALE_MODEL"
    ],
    [
      72,
      1,
      0,
      37,
      0,
      "MODEL"
    ],
    [
      73,
      1,
      1,
      37,
      1,
      "CONDITIONING"
    ],
    [
      74,
      1,
      2,
      37,
      2,
      "CONDITIONING"
    ],
    [
      75,
      1,
      3,
      37,
      3,
      "LATENT"
    ],
    [
      76,
      1,
      4,
      37,
      4,
      "VAE"
    ],
    [
      77,
      21,
      0,
      37,
      5,
      "SCRIPT"
    ],
    [
      78,
      13,
      0,
      37,
      6,
      "INT"
    ],
    [
      80,
      1,
      0,
      38,
      0,
      "MODEL"
    ],
    [
      81,
      1,
      1,
      38,
      1,
      "CONDITIONING"
    ],
    [
      82,
      1,
      2,
      38,
      2,
      "CONDITIONING"
    ],
    [
      83,
      1,
      3,
      38,
      3,
      "LATENT"
    ],
    [
      84,
      1,
      4,
      38,
      4,
      "VAE"
    ],
    [
      85,
      13,
      0,
      38,
      6,
      "INT"
    ],
    [
      86,
      37,
      5,
      39,
      0,
      "IMAGE"
    ],
    [
      87,
      38,
      5,
      40,
      0,
      "IMAGE"
    ],
    [
      96,
      1,
      3,
      2,
      3,
      "LATENT"
    ],
    [
      100,
      30,
      0,
      38,
      5,
      "SCRIPT"
    ],
    [
      117,
      12,
      0,
      59,
      2,
      "STRING"
    ],
    [
      118,
      12,
      1,
      59,
      3,
      "STRING"
    ],
    [
      119,
      59,
      0,
      33,
      1,
      "MODEL"
    ],
    [
      122,
      59,
      4,
      33,
      4,
      "VAE"
    ],
    [
      123,
      59,
      1,
      60,
      0,
      "CONDITIONING"
    ],
    [
      124,
      59,
      2,
      60,
      1,
      "CONDITIONING"
    ],
    [
      125,
      60,
      0,
      33,
      2,
      "CONDITIONING"
    ],
    [
      126,
      60,
      1,
      33,
      3,
      "CONDITIONING"
    ],
    [
      127,
      61,
      0,
      60,
      2,
      "CONTROL_NET"
    ],
    [
      128,
      2,
      5,
      62,
      0,
      "IMAGE"
    ],
    [
      129,
      62,
      0,
      60,
      3,
      "IMAGE"
    ]
  ],
  "groups": [],
  "config": {},
  "extra": {
    "ds": {
      "scale": 0.3914251301220591,
      "offset": [
        57.558075208602986,
        515.2613745180479
      ]
    }
  },
  "version": 0.4
}