{
  "last_node_id": 308,
  "last_link_id": 661,
  "nodes": [
    {
      "id": 203,
      "type": "Reroute",
      "pos": [
        2558.3312683513022,
        1551.5446739504907
      ],
      "size": [
        82,
        26
      ],
      "flags": {},
      "order": 7,
      "mode": 4,
      "inputs": [
        {
          "name": "",
          "type": "*",
          "link": 627,
          "label": " ",
          "slot_index": 0
        }
      ],
      "outputs": [
        {
          "name": "IMAGE",
          "type": "IMAGE",
          "links": [
            628,
            629
          ],
          "slot_index": 0
        }
      ],
      "properties": {
        "showOutputText": true,
        "horizontal": false
      },
      "color": "#432",
      "bgcolor": "#653"
    },
    {
      "id": 268,
      "type": "Image Comparer (rgthree)",
      "pos": {
        "0": 4593.93701171875,
        "1": 1860.37109375,
        "2": 0,
        "3": 0,
        "4": 0,
        "5": 0,
        "6": 0,
        "7": 0,
        "8": 0,
        "9": 0
      },
      "size": {
        "0": 451.9393005371094,
        "1": 381.0650634765625
      },
      "flags": {},
      "order": 20,
      "mode": 4,
      "inputs": [
        {
          "name": "image_a",
          "type": "IMAGE",
          "link": 630,
          "dir": 3,
          "slot_index": 0
        },
        {
          "name": "image_b",
          "type": "IMAGE",
          "link": 629,
          "dir": 3
        }
      ],
      "outputs": [],
      "properties": {
        "comparer_mode": "Slide"
      },
      "widgets_values": [
        [
          {
            "name": "A",
            "selected": true,
            "url": "/view?filename=rgthree.compare._temp_qpmzj_00001_.png&type=temp&subfolder=&rand=0.18137270547839068"
          },
          {
            "name": "B",
            "selected": true,
            "url": "/view?filename=rgthree.compare._temp_qpmzj_00002_.png&type=temp&subfolder=&rand=0.97326346811728"
          }
        ]
      ],
      "color": "#432",
      "bgcolor": "#653"
    },
    {
      "id": 295,
      "type": "Image Comparer (rgthree)",
      "pos": {
        "0": 1993.50732421875,
        "1": 1887.03369140625,
        "2": 0,
        "3": 0,
        "4": 0,
        "5": 0,
        "6": 0,
        "7": 0,
        "8": 0,
        "9": 0
      },
      "size": {
        "0": 487.02880859375,
        "1": 485.37701416015625
      },
      "flags": {},
      "order": 12,
      "mode": 0,
      "inputs": [
        {
          "name": "image_a",
          "type": "IMAGE",
          "link": 619,
          "dir": 3,
          "slot_index": 0
        },
        {
          "name": "image_b",
          "type": "IMAGE",
          "link": 620,
          "dir": 3
        }
      ],
      "outputs": [],
      "properties": {
        "comparer_mode": "Slide"
      },
      "widgets_values": [
        [
          {
            "name": "A",
            "selected": true,
            "url": "/view?filename=rgthree.compare._temp_mynbi_00003_.png&type=temp&subfolder=&rand=0.0751541728007099"
          },
          {
            "name": "B",
            "selected": true,
            "url": "/view?filename=rgthree.compare._temp_mynbi_00004_.png&type=temp&subfolder=&rand=0.5240042442839008"
          }
        ]
      ],
      "color": "#233",
      "bgcolor": "#355"
    },
    {
      "id": 274,
      "type": "LoadImage",
      "pos": [
        1001,
        759.5555555555557
      ],
      "size": {
        "0": 394.47613525390625,
        "1": 360.1953125
      },
      "flags": {},
      "order": 0,
      "mode": 0,
      "outputs": [
        {
          "name": "IMAGE",
          "type": "IMAGE",
          "links": [
            584,
            620,
            626
          ],
          "shape": 3,
          "slot_index": 0
        },
        {
          "name": "MASK",
          "type": "MASK",
          "links": null,
          "shape": 3
        }
      ],
      "properties": {
        "Node name for S&R": "LoadImage"
      },
      "widgets_values": [
        "Портрет2.jpg",
        "image"
      ],
      "color": "#223",
      "bgcolor": "#335"
    },
    {
      "id": 296,
      "type": "SaveImage",
      "pos": [
        2233,
        1521
      ],
      "size": {
        "0": 252.61244201660156,
        "1": 270.0000915527344
      },
      "flags": {},
      "order": 11,
      "mode": 0,
      "inputs": [
        {
          "name": "images",
          "type": "IMAGE",
          "link": 618
        }
      ],
      "properties": {},
      "widgets_values": [
        "ComfyUI"
      ],
      "color": "#233",
      "bgcolor": "#355"
    },
    {
      "id": 277,
      "type": "BLIP Model Loader",
      "pos": [
        1513,
        793
      ],
      "size": {
        "0": 395.458984375,
        "1": 115.45358276367188
      },
      "flags": {},
      "order": 1,
      "mode": 0,
      "outputs": [
        {
          "name": "BLIP_MODEL",
          "type": "BLIP_MODEL",
          "links": [
            576
          ],
          "shape": 3,
          "slot_index": 0
        }
      ],
      "properties": {
        "Node name for S&R": "BLIP Model Loader"
      },
      "widgets_values": [
        "Salesforce/blip-image-captioning-base",
        "Salesforce/blip-vqa-base",
        "cuda"
      ],
      "color": "#232",
      "bgcolor": "#353"
    },
    {
      "id": 276,
      "type": "ShowText|pysssss",
      "pos": [
        1516,
        1254
      ],
      "size": {
        "0": 392.3587341308594,
        "1": 94.12722778320312
      },
      "flags": {},
      "order": 8,
      "mode": 0,
      "inputs": [
        {
          "name": "text",
          "type": "STRING",
          "link": 577,
          "widget": {
            "name": "text"
          }
        }
      ],
      "outputs": [
        {
          "name": "STRING",
          "type": "STRING",
          "links": null,
          "shape": 6
        }
      ],
      "properties": {
        "Node name for S&R": "ShowText|pysssss"
      },
      "widgets_values": [
        "",
        "a young woman with long hair and blue eyes, wearing a sweater in a forest, looking at the camera with a serious look on her face\n\n"
      ],
      "color": "#232",
      "bgcolor": "#353"
    },
    {
      "id": 271,
      "type": "ImageScale",
      "pos": [
        1022,
        1174
      ],
      "size": [
        349.91085771825374,
        130
      ],
      "flags": {},
      "order": 4,
      "mode": 0,
      "inputs": [
        {
          "name": "image",
          "type": "IMAGE",
          "link": 626,
          "slot_index": 0
        }
      ],
      "outputs": [
        {
          "name": "IMAGE",
          "type": "IMAGE",
          "links": [
            569,
            625,
            627
          ],
          "shape": 3,
          "slot_index": 0
        }
      ],
      "properties": {
        "Node name for S&R": "ImageScale"
      },
      "widgets_values": [
        "lanczos",
        2240,
        0,
        "disabled"
      ],
      "color": "#223",
      "bgcolor": "#335"
    },
    {
      "id": 292,
      "type": "CheckpointLoaderSimple",
      "pos": [
        2625,
        1646
      ],
      "size": {
        "0": 315,
        "1": 98
      },
      "flags": {},
      "order": 2,
      "mode": 4,
      "outputs": [
        {
          "name": "MODEL",
          "type": "MODEL",
          "links": [
            612
          ],
          "shape": 3,
          "slot_index": 0
        },
        {
          "name": "CLIP",
          "type": "CLIP",
          "links": [
            613
          ],
          "shape": 3,
          "slot_index": 1
        },
        {
          "name": "VAE",
          "type": "VAE",
          "links": [
            614
          ],
          "shape": 3,
          "slot_index": 2
        }
      ],
      "properties": {
        "Node name for S&R": "CheckpointLoaderSimple"
      },
      "widgets_values": [
        "SDXL\\realvisxlV40_v40Bakedvae.safetensors"
      ],
      "color": "#432",
      "bgcolor": "#653"
    },
    {
      "id": 269,
      "type": "SUPIR_model_loader_v2",
      "pos": [
        3044,
        1656
      ],
      "size": {
        "0": 372.93829345703125,
        "1": 170
      },
      "flags": {},
      "order": 6,
      "mode": 4,
      "inputs": [
        {
          "name": "model",
          "type": "MODEL",
          "link": 612,
          "slot_index": 0
        },
        {
          "name": "clip",
          "type": "CLIP",
          "link": 613
        },
        {
          "name": "vae",
          "type": "VAE",
          "link": 614
        }
      ],
      "outputs": [
        {
          "name": "SUPIR_model",
          "type": "SUPIRMODEL",
          "links": [
            596,
            597
          ],
          "shape": 3,
          "slot_index": 0
        },
        {
          "name": "SUPIR_VAE",
          "type": "SUPIRVAE",
          "links": [
            586
          ],
          "shape": 3,
          "slot_index": 1
        }
      ],
      "properties": {
        "Node name for S&R": "SUPIR_model_loader_v2"
      },
      "widgets_values": [
        "SUPIR\\SUPIR-v0Q_fp16.safetensors",
        false,
        "auto",
        false
      ],
      "color": "#432",
      "bgcolor": "#653"
    },
    {
      "id": 283,
      "type": "PreviewImage",
      "pos": [
        3506,
        1781
      ],
      "size": {
        "0": 265.6612243652344,
        "1": 246
      },
      "flags": {},
      "order": 14,
      "mode": 4,
      "inputs": [
        {
          "name": "images",
          "type": "IMAGE",
          "link": 599
        }
      ],
      "properties": {
        "Node name for S&R": "PreviewImage"
      },
      "color": "#432",
      "bgcolor": "#653"
    },
    {
      "id": 257,
      "type": "SUPIR_first_stage",
      "pos": [
        3509,
        1557
      ],
      "size": {
        "0": 248.86013793945312,
        "1": 170
      },
      "flags": {},
      "order": 10,
      "mode": 4,
      "inputs": [
        {
          "name": "SUPIR_VAE",
          "type": "SUPIRVAE",
          "link": 586,
          "slot_index": 0
        },
        {
          "name": "image",
          "type": "IMAGE",
          "link": 628
        }
      ],
      "outputs": [
        {
          "name": "SUPIR_VAE",
          "type": "SUPIRVAE",
          "links": [
            589,
            590
          ],
          "shape": 3,
          "slot_index": 0
        },
        {
          "name": "denoised_image",
          "type": "IMAGE",
          "links": [
            553,
            599
          ],
          "shape": 3,
          "slot_index": 1
        },
        {
          "name": "denoised_latents",
          "type": "LATENT",
          "links": [
            549
          ],
          "shape": 3,
          "slot_index": 2
        }
      ],
      "properties": {
        "Node name for S&R": "SUPIR_first_stage"
      },
      "widgets_values": [
        true,
        1024,
        1024,
        "auto"
      ],
      "color": "#432",
      "bgcolor": "#653"
    },
    {
      "id": 275,
      "type": "BLIP Analyze Image",
      "pos": [
        1512,
        963
      ],
      "size": {
        "0": 400,
        "1": 240.00018310546875
      },
      "flags": {},
      "order": 5,
      "mode": 0,
      "inputs": [
        {
          "name": "images",
          "type": "IMAGE",
          "link": 584
        },
        {
          "name": "blip_model",
          "type": "BLIP_MODEL",
          "link": 576,
          "slot_index": 1
        }
      ],
      "outputs": [
        {
          "name": "STRING",
          "type": "STRING",
          "links": [
            577,
            583,
            651,
            652,
            661
          ],
          "shape": 3,
          "slot_index": 0
        },
        {
          "name": "STRING",
          "type": "STRING",
          "links": null,
          "shape": 6
        }
      ],
      "properties": {
        "Node name for S&R": "BLIP Analyze Image"
      },
      "widgets_values": [
        "caption",
        "describe the image",
        24,
        64,
        2,
        2,
        false
      ],
      "color": "#232",
      "bgcolor": "#353"
    },
    {
      "id": 259,
      "type": "SUPIR_conditioner",
      "pos": [
        3851,
        1895
      ],
      "size": {
        "0": 315.9413146972656,
        "1": 171.16697692871094
      },
      "flags": {},
      "order": 15,
      "mode": 4,
      "inputs": [
        {
          "name": "SUPIR_model",
          "type": "SUPIRMODEL",
          "link": 596,
          "slot_index": 0
        },
        {
          "name": "latents",
          "type": "LATENT",
          "link": 549,
          "slot_index": 1
        },
        {
          "name": "captions",
          "type": "STRING",
          "link": 661,
          "widget": {
            "name": "captions"
          }
        },
        {
          "name": "positive_prompt",
          "type": "STRING",
          "link": 583,
          "widget": {
            "name": "positive_prompt"
          }
        }
      ],
      "outputs": [
        {
          "name": "positive",
          "type": "SUPIR_cond_pos",
          "links": [
            546
          ],
          "shape": 3
        },
        {
          "name": "negative",
          "type": "SUPIR_cond_neg",
          "links": [
            547
          ],
          "shape": 3,
          "slot_index": 1
        }
      ],
      "properties": {
        "Node name for S&R": "SUPIR_conditioner"
      },
      "widgets_values": [
        "high quality, detailed, photograph of an old man",
        "low quality, blurry, overexposed, soft,\ncartoon, crayon, sketch, graphite, impressionist, noisy, deformed, painting, drawing, illustration",
        ""
      ],
      "color": "#432",
      "bgcolor": "#653"
    },
    {
      "id": 258,
      "type": "SUPIR_sample",
      "pos": [
        4225,
        1775
      ],
      "size": {
        "0": 315,
        "1": 454
      },
      "flags": {},
      "order": 16,
      "mode": 4,
      "inputs": [
        {
          "name": "SUPIR_model",
          "type": "SUPIRMODEL",
          "link": 597,
          "slot_index": 0
        },
        {
          "name": "latents",
          "type": "LATENT",
          "link": 545
        },
        {
          "name": "positive",
          "type": "SUPIR_cond_pos",
          "link": 546,
          "slot_index": 2
        },
        {
          "name": "negative",
          "type": "SUPIR_cond_neg",
          "link": 547
        }
      ],
      "outputs": [
        {
          "name": "latent",
          "type": "LATENT",
          "links": [
            551
          ],
          "shape": 3,
          "slot_index": 0
        }
      ],
      "properties": {
        "Node name for S&R": "SUPIR_sample"
      },
      "widgets_values": [
        174277455657960,
        "fixed",
        30,
        0,
        2,
        5,
        1.0030000000000001,
        1,
        0,
        1,
        -1,
        false,
        "TiledRestoreDPMPP2MSampler",
        1024,
        512
      ],
      "color": "#432",
      "bgcolor": "#653"
    },
    {
      "id": 260,
      "type": "SUPIR_decode",
      "pos": [
        4591,
        1547
      ],
      "size": {
        "0": 258.0101318359375,
        "1": 102
      },
      "flags": {},
      "order": 17,
      "mode": 4,
      "inputs": [
        {
          "name": "SUPIR_VAE",
          "type": "SUPIRVAE",
          "link": 590,
          "slot_index": 0
        },
        {
          "name": "latents",
          "type": "LATENT",
          "link": 551
        }
      ],
      "outputs": [
        {
          "name": "image",
          "type": "IMAGE",
          "links": [
            556
          ],
          "shape": 3,
          "slot_index": 0
        }
      ],
      "properties": {
        "Node name for S&R": "SUPIR_decode"
      },
      "widgets_values": [
        true,
        1024
      ],
      "color": "#432",
      "bgcolor": "#653"
    },
    {
      "id": 261,
      "type": "SUPIR_encode",
      "pos": [
        3885,
        1578
      ],
      "size": {
        "0": 217.8501434326172,
        "1": 126
      },
      "flags": {},
      "order": 13,
      "mode": 4,
      "inputs": [
        {
          "name": "SUPIR_VAE",
          "type": "SUPIRVAE",
          "link": 589
        },
        {
          "name": "image",
          "type": "IMAGE",
          "link": 553
        }
      ],
      "outputs": [
        {
          "name": "latent",
          "type": "LATENT",
          "links": [
            545
          ],
          "shape": 3,
          "slot_index": 0
        }
      ],
      "properties": {
        "Node name for S&R": "SUPIR_encode"
      },
      "widgets_values": [
        true,
        1024,
        "auto"
      ],
      "color": "#432",
      "bgcolor": "#653"
    },
    {
      "id": 294,
      "type": "SUPIR_Upscale",
      "pos": [
        1516,
        1521
      ],
      "size": {
        "0": 407.40972900390625,
        "1": 828.2842407226562
      },
      "flags": {},
      "order": 9,
      "mode": 0,
      "inputs": [
        {
          "name": "image",
          "type": "IMAGE",
          "link": 625
        },
        {
          "name": "captions",
          "type": "STRING",
          "link": 651,
          "widget": {
            "name": "captions"
          },
          "slot_index": 1
        },
        {
          "name": "a_prompt",
          "type": "STRING",
          "link": 652,
          "widget": {
            "name": "a_prompt"
          },
          "slot_index": 2
        }
      ],
      "outputs": [
        {
          "name": "upscaled_image",
          "type": "IMAGE",
          "links": [
            618,
            619
          ],
          "shape": 3,
          "slot_index": 0
        }
      ],
      "properties": {
        "Node name for S&R": "SUPIR_Upscale"
      },
      "widgets_values": [
        "SUPIR\\SUPIR-v0Q_fp16.safetensors",
        "SDXL\\realvisxlV40_v40Bakedvae.safetensors",
        998030308723419,
        "fixed",
        "lanczos",
        1,
        30,
        -1,
        2,
        "high quality, detailed",
        "low quality, blurry, overexposed, soft,\ncartoon, crayon, sketch, graphite, impressionist, noisy, deformed, painting, drawing, illustration",
        5,
        1.003,
        1,
        0,
        0,
        "None",
        false,
        true,
        1024,
        64,
        "",
        "auto",
        "auto",
        1,
        true,
        1024,
        512,
        false,
        false,
        "RestoreDPMPP2MSampler"
      ],
      "color": "#233",
      "bgcolor": "#355"
    },
    {
      "id": 263,
      "type": "ColorMatch",
      "pos": [
        4594,
        1713
      ],
      "size": {
        "0": 251.33470153808594,
        "1": 78
      },
      "flags": {},
      "order": 18,
      "mode": 4,
      "inputs": [
        {
          "name": "image_ref",
          "type": "IMAGE",
          "link": 569,
          "slot_index": 0
        },
        {
          "name": "image_target",
          "type": "IMAGE",
          "link": 556
        }
      ],
      "outputs": [
        {
          "name": "image",
          "type": "IMAGE",
          "links": [
            598,
            630
          ],
          "shape": 3,
          "slot_index": 0
        }
      ],
      "properties": {
        "Node name for S&R": "ColorMatch"
      },
      "widgets_values": [
        "mkl"
      ],
      "color": "#432",
      "bgcolor": "#653"
    },
    {
      "id": 282,
      "type": "SaveImage",
      "pos": [
        4884,
        1551
      ],
      "size": {
        "0": 249.69552612304688,
        "1": 270.0000305175781
      },
      "flags": {},
      "order": 19,
      "mode": 4,
      "inputs": [
        {
          "name": "images",
          "type": "IMAGE",
          "link": 598
        }
      ],
      "properties": {},
      "widgets_values": [
        "ComfyUI"
      ],
      "color": "#432",
      "bgcolor": "#653"
    },
    {
      "id": 172,
      "type": "Fast Groups Bypasser (rgthree)",
      "pos": {
        "0": 1991,
        "1": 1046,
        "2": 0,
        "3": 0,
        "4": 0,
        "5": 0,
        "6": 0,
        "7": 0,
        "8": 0,
        "9": 0
      },
      "size": {
        "0": 489.0106506347656,
        "1": 322
      },
      "flags": {},
      "order": 3,
      "mode": 0,
      "inputs": [],
      "outputs": [
        {
          "name": "OPT_CONNECTION",
          "type": "*",
          "links": null
        }
      ],
      "properties": {
        "matchColors": "",
        "matchTitle": "",
        "showNav": true,
        "sort": "position",
        "customSortAlphabet": "",
        "toggleRestriction": "default"
      },
      "color": "#ff7431",
      "bgcolor": "#fc601d"
    }
  ],
  "links": [
    [
      545,
      261,
      0,
      258,
      1,
      "LATENT"
    ],
    [
      546,
      259,
      0,
      258,
      2,
      "SUPIR_cond_pos"
    ],
    [
      547,
      259,
      1,
      258,
      3,
      "SUPIR_cond_neg"
    ],
    [
      549,
      257,
      2,
      259,
      1,
      "LATENT"
    ],
    [
      551,
      258,
      0,
      260,
      1,
      "LATENT"
    ],
    [
      553,
      257,
      1,
      261,
      1,
      "IMAGE"
    ],
    [
      556,
      260,
      0,
      263,
      1,
      "IMAGE"
    ],
    [
      569,
      271,
      0,
      263,
      0,
      "IMAGE"
    ],
    [
      576,
      277,
      0,
      275,
      1,
      "BLIP_MODEL"
    ],
    [
      577,
      275,
      0,
      276,
      0,
      "STRING"
    ],
    [
      583,
      275,
      0,
      259,
      3,
      "STRING"
    ],
    [
      584,
      274,
      0,
      275,
      0,
      "IMAGE"
    ],
    [
      586,
      269,
      1,
      257,
      0,
      "SUPIRVAE"
    ],
    [
      589,
      257,
      0,
      261,
      0,
      "SUPIRVAE"
    ],
    [
      590,
      257,
      0,
      260,
      0,
      "SUPIRVAE"
    ],
    [
      596,
      269,
      0,
      259,
      0,
      "SUPIRMODEL"
    ],
    [
      597,
      269,
      0,
      258,
      0,
      "SUPIRMODEL"
    ],
    [
      598,
      263,
      0,
      282,
      0,
      "IMAGE"
    ],
    [
      599,
      257,
      1,
      283,
      0,
      "IMAGE"
    ],
    [
      612,
      292,
      0,
      269,
      0,
      "MODEL"
    ],
    [
      613,
      292,
      1,
      269,
      1,
      "CLIP"
    ],
    [
      614,
      292,
      2,
      269,
      2,
      "VAE"
    ],
    [
      618,
      294,
      0,
      296,
      0,
      "IMAGE"
    ],
    [
      619,
      294,
      0,
      295,
      0,
      "IMAGE"
    ],
    [
      620,
      274,
      0,
      295,
      1,
      "IMAGE"
    ],
    [
      625,
      271,
      0,
      294,
      0,
      "IMAGE"
    ],
    [
      626,
      274,
      0,
      271,
      0,
      "IMAGE"
    ],
    [
      627,
      271,
      0,
      203,
      0,
      "*"
    ],
    [
      628,
      203,
      0,
      257,
      1,
      "IMAGE"
    ],
    [
      629,
      203,
      0,
      268,
      1,
      "IMAGE"
    ],
    [
      630,
      263,
      0,
      268,
      0,
      "IMAGE"
    ],
    [
      651,
      275,
      0,
      294,
      1,
      "STRING"
    ],
    [
      652,
      275,
      0,
      294,
      2,
      "STRING"
    ],
    [
      661,
      275,
      0,
      259,
      2,
      "STRING"
    ]
  ],
  "groups": [
    {
      "title": "OreX & STABLEDIF.RU",
      "bounding": [
        2002,
        629,
        542,
        80
      ],
      "color": "#ffa914",
      "font_size": 50,
      "locked": false
    },
    {
      "title": "SUPIR 2 - ПОД КАПОТОМ - (stabledif.ru)",
      "bounding": [
        2588,
        1473,
        2566,
        805
      ],
      "color": "#b58b2a",
      "font_size": 24,
      "locked": false
    },
    {
      "title": "BLIP (stabledif.ru)",
      "bounding": [
        1501,
        718,
        437,
        643
      ],
      "color": "#8A8",
      "font_size": 24,
      "locked": false
    },
    {
      "title": "LOAD IMG - (stabledif.ru)",
      "bounding": [
        994,
        678,
        414,
        635
      ],
      "color": "#88A",
      "font_size": 24,
      "locked": false
    },
    {
      "title": "SUPIR 1 - (stabledif.ru)",
      "bounding": [
        1487,
        1435,
        1008,
        948
      ],
      "color": "#8AA",
      "font_size": 24,
      "locked": false
    }
  ],
  "config": {},
  "extra": {
    "ds": {
      "scale": 0.2309211532038356,
      "offset": {
        "0": 358.58982281106523,
        "1": 41.45411218761433
      }
    }
  },
  "version": 0.4
}