{
  "last_node_id": 110,
  "last_link_id": 215,
  "nodes": [
    {
      "id": 17,
      "type": "LoadImage",
      "pos": [
        553.0233039362605,
        1017.9579449493057
      ],
      "size": {
        "0": 290.8611755371094,
        "1": 314
      },
      "flags": {},
      "order": 0,
      "mode": 0,
      "outputs": [
        {
          "name": "IMAGE",
          "type": "IMAGE",
          "links": [
            111
          ],
          "slot_index": 0,
          "shape": 3
        },
        {
          "name": "MASK",
          "type": "MASK",
          "links": null,
          "shape": 3
        }
      ],
      "properties": {
        "Node name for S&R": "LoadImage"
      },
      "widgets_values": [
        "ComfyUI_temp_lfepp_00001_.png",
        "image"
      ],
      "color": "#233",
      "bgcolor": "#355"
    },
    {
      "id": 56,
      "type": "Image Comparer (rgthree)",
      "pos": {
        "0": 2250,
        "1": 320,
        "2": 0,
        "3": 0,
        "4": 0,
        "5": 0,
        "6": 0,
        "7": 0,
        "8": 0,
        "9": 0
      },
      "size": {
        "0": 374.125732421875,
        "1": 400.8251037597656
      },
      "flags": {},
      "order": 14,
      "mode": 0,
      "inputs": [
        {
          "name": "image_a",
          "type": "IMAGE",
          "link": 206,
          "dir": 3,
          "label": "Upscale"
        },
        {
          "name": "image_b",
          "type": "IMAGE",
          "link": 207,
          "dir": 3,
          "label": "Referenc"
        }
      ],
      "outputs": [],
      "properties": {
        "comparer_mode": "Slide"
      },
      "widgets_values": [
        [
          {
            "name": "A",
            "selected": true,
            "url": "/api/view?filename=rgthree.compare._temp_eiejh_00001_.png&type=temp&subfolder=&rand=0.5439053939848411"
          },
          {
            "name": "B",
            "selected": true,
            "url": "/api/view?filename=rgthree.compare._temp_eiejh_00002_.png&type=temp&subfolder=&rand=0.7505544076178654"
          }
        ]
      ],
      "color": "#223",
      "bgcolor": "#335"
    },
    {
      "id": 83,
      "type": "SaveImage",
      "pos": [
        2240,
        810
      ],
      "size": {
        "0": 210,
        "1": 270
      },
      "flags": {},
      "order": 13,
      "mode": 0,
      "inputs": [
        {
          "name": "images",
          "type": "IMAGE",
          "link": 196
        }
      ],
      "properties": {
        "Node name for S&R": "SaveImage"
      },
      "widgets_values": [
        "ComfyUI"
      ],
      "color": "#223",
      "bgcolor": "#335"
    },
    {
      "id": 47,
      "type": "Reroute",
      "pos": [
        1468.047430814317,
        645.2976516923261
      ],
      "size": [
        75,
        26
      ],
      "flags": {},
      "order": 5,
      "mode": 0,
      "inputs": [
        {
          "name": "",
          "type": "*",
          "link": 114,
          "label": "🧲 IMG"
        }
      ],
      "outputs": [
        {
          "name": "",
          "type": "IMAGE",
          "links": [
            178,
            207
          ],
          "slot_index": 0
        }
      ],
      "properties": {
        "showOutputText": false,
        "horizontal": false
      },
      "color": "#223",
      "bgcolor": "#335"
    },
    {
      "id": 84,
      "type": "VAEEncode",
      "pos": [
        1731,
        719
      ],
      "size": {
        "0": 140,
        "1": 46
      },
      "flags": {
        "collapsed": true
      },
      "order": 8,
      "mode": 0,
      "inputs": [
        {
          "name": "pixels",
          "type": "IMAGE",
          "link": 179
        },
        {
          "name": "vae",
          "type": "VAE",
          "link": 205
        }
      ],
      "outputs": [
        {
          "name": "LATENT",
          "type": "LATENT",
          "links": [
            191
          ],
          "slot_index": 0,
          "shape": 3
        }
      ],
      "properties": {
        "Node name for S&R": "VAEEncode"
      },
      "color": "#223",
      "bgcolor": "#335"
    },
    {
      "id": 71,
      "type": "ConstrainImage|pysssss",
      "pos": [
        881,
        1022
      ],
      "size": {
        "0": 315,
        "1": 154
      },
      "flags": {},
      "order": 3,
      "mode": 0,
      "inputs": [
        {
          "name": "images",
          "type": "IMAGE",
          "link": 111,
          "slot_index": 0
        }
      ],
      "outputs": [
        {
          "name": "IMAGE",
          "type": "IMAGE",
          "links": [
            114
          ],
          "slot_index": 0,
          "shape": 6
        }
      ],
      "properties": {
        "Node name for S&R": "ConstrainImage|pysssss"
      },
      "widgets_values": [
        960,
        960,
        0,
        0,
        "no"
      ],
      "color": "#233",
      "bgcolor": "#355"
    },
    {
      "id": 44,
      "type": "TiledDiffusion",
      "pos": [
        1474,
        314
      ],
      "size": {
        "0": 315,
        "1": 154
      },
      "flags": {},
      "order": 4,
      "mode": 0,
      "inputs": [
        {
          "name": "model",
          "type": "MODEL",
          "link": 202
        }
      ],
      "outputs": [
        {
          "name": "MODEL",
          "type": "MODEL",
          "links": [
            92
          ],
          "slot_index": 0,
          "shape": 3
        }
      ],
      "properties": {
        "Node name for S&R": "TiledDiffusion"
      },
      "widgets_values": [
        "MultiDiffusion",
        848,
        848,
        128,
        8
      ],
      "color": "#223",
      "bgcolor": "#335"
    },
    {
      "id": 55,
      "type": "FreeU_V2",
      "pos": [
        1837,
        316
      ],
      "size": {
        "0": 315,
        "1": 130
      },
      "flags": {},
      "order": 6,
      "mode": 0,
      "inputs": [
        {
          "name": "model",
          "type": "MODEL",
          "link": 92
        }
      ],
      "outputs": [
        {
          "name": "MODEL",
          "type": "MODEL",
          "links": [
            211
          ],
          "slot_index": 0,
          "shape": 3
        }
      ],
      "properties": {
        "Node name for S&R": "FreeU_V2"
      },
      "widgets_values": [
        1.3,
        1.4000000000000001,
        0.9,
        0.2
      ],
      "color": "#223",
      "bgcolor": "#335"
    },
    {
      "id": 104,
      "type": "CR Upscale Image",
      "pos": [
        1548,
        763
      ],
      "size": {
        "0": 315,
        "1": 222
      },
      "flags": {},
      "order": 7,
      "mode": 0,
      "inputs": [
        {
          "name": "image",
          "type": "IMAGE",
          "link": 178
        }
      ],
      "outputs": [
        {
          "name": "IMAGE",
          "type": "IMAGE",
          "links": [
            179,
            212
          ],
          "slot_index": 0,
          "shape": 3
        },
        {
          "name": "show_help",
          "type": "STRING",
          "links": null,
          "shape": 3
        }
      ],
      "properties": {
        "Node name for S&R": "CR Upscale Image"
      },
      "widgets_values": [
        "4x_NMKD-Siax_200k.pth",
        "rescale",
        3,
        1024,
        "lanczos",
        "true",
        8
      ],
      "color": "#223",
      "bgcolor": "#335"
    },
    {
      "id": 19,
      "type": "ControlNetApplyAdvanced",
      "pos": [
        1092.3588866168457,
        -58.326028280101696
      ],
      "size": {
        "0": 343.86712646484375,
        "1": 166
      },
      "flags": {},
      "order": 11,
      "mode": 0,
      "inputs": [
        {
          "name": "positive",
          "type": "CONDITIONING",
          "link": 198
        },
        {
          "name": "negative",
          "type": "CONDITIONING",
          "link": 199
        },
        {
          "name": "control_net",
          "type": "CONTROL_NET",
          "link": 25,
          "slot_index": 2
        },
        {
          "name": "image",
          "type": "IMAGE",
          "link": 215,
          "slot_index": 3
        }
      ],
      "outputs": [
        {
          "name": "positive",
          "type": "CONDITIONING",
          "links": [
            200
          ],
          "slot_index": 0,
          "shape": 3
        },
        {
          "name": "negative",
          "type": "CONDITIONING",
          "links": [
            201
          ],
          "slot_index": 1,
          "shape": 3
        }
      ],
      "properties": {
        "Node name for S&R": "ControlNetApplyAdvanced"
      },
      "widgets_values": [
        1,
        0,
        0.9
      ],
      "color": "#432",
      "bgcolor": "#653"
    },
    {
      "id": 34,
      "type": "Reroute",
      "pos": [
        982,
        31
      ],
      "size": [
        75,
        26
      ],
      "flags": {},
      "order": 9,
      "mode": 0,
      "inputs": [
        {
          "name": "",
          "type": "*",
          "link": 212,
          "label": "🧲 IMG"
        }
      ],
      "outputs": [
        {
          "name": "",
          "type": "IMAGE",
          "links": [
            214
          ],
          "slot_index": 0
        }
      ],
      "properties": {
        "showOutputText": false,
        "horizontal": false
      },
      "color": "#432",
      "bgcolor": "#653"
    },
    {
      "id": 95,
      "type": "TilePreprocessor",
      "pos": [
        1102,
        152
      ],
      "size": {
        "0": 315,
        "1": 82
      },
      "flags": {},
      "order": 10,
      "mode": 0,
      "inputs": [
        {
          "name": "image",
          "type": "IMAGE",
          "link": 214
        }
      ],
      "outputs": [
        {
          "name": "IMAGE",
          "type": "IMAGE",
          "links": [
            215
          ],
          "slot_index": 0,
          "shape": 3
        }
      ],
      "properties": {
        "Node name for S&R": "TilePreprocessor"
      },
      "widgets_values": [
        1,
        768
      ],
      "color": "#432",
      "bgcolor": "#653"
    },
    {
      "id": 107,
      "type": "Efficient Loader",
      "pos": [
        697,
        420
      ],
      "size": {
        "0": 293.9726257324219,
        "1": 462
      },
      "flags": {},
      "order": 1,
      "mode": 0,
      "inputs": [
        {
          "name": "lora_stack",
          "type": "LORA_STACK",
          "link": null
        },
        {
          "name": "cnet_stack",
          "type": "CONTROL_NET_STACK",
          "link": null
        }
      ],
      "outputs": [
        {
          "name": "MODEL",
          "type": "MODEL",
          "links": [
            202
          ],
          "slot_index": 0,
          "shape": 3
        },
        {
          "name": "CONDITIONING+",
          "type": "CONDITIONING",
          "links": [
            198
          ],
          "slot_index": 1,
          "shape": 3
        },
        {
          "name": "CONDITIONING-",
          "type": "CONDITIONING",
          "links": [
            199
          ],
          "slot_index": 2,
          "shape": 3
        },
        {
          "name": "LATENT",
          "type": "LATENT",
          "links": null,
          "slot_index": 3,
          "shape": 3
        },
        {
          "name": "VAE",
          "type": "VAE",
          "links": [
            203,
            205
          ],
          "slot_index": 4,
          "shape": 3
        },
        {
          "name": "CLIP",
          "type": "CLIP",
          "links": [],
          "slot_index": 5,
          "shape": 3
        },
        {
          "name": "DEPENDENCIES",
          "type": "DEPENDENCIES",
          "links": [],
          "slot_index": 6,
          "shape": 3
        }
      ],
      "properties": {
        "Node name for S&R": "Efficient Loader"
      },
      "widgets_values": [
        "SD15\\juggernaut_reborn.safetensors",
        "Baked VAE",
        -1,
        "None",
        1,
        1,
        "masterpiece, ultra quality, ultra detailed, highres, ",
        "low quality, blurry, overexposed, soft,\nembedding:SD15\\JuggernautNegative-neg, ",
        "none",
        "comfy",
        512,
        512,
        1,
        true,
        true
      ],
      "color": "#2a363b",
      "bgcolor": "#3f5159",
      "shape": 1
    },
    {
      "id": 20,
      "type": "ControlNetLoader",
      "pos": [
        1092.3588866168457,
        -168.32602828010147
      ],
      "size": {
        "0": 344.26751708984375,
        "1": 61.083885192871094
      },
      "flags": {},
      "order": 2,
      "mode": 0,
      "outputs": [
        {
          "name": "CONTROL_NET",
          "type": "CONTROL_NET",
          "links": [
            25
          ],
          "slot_index": 0,
          "shape": 3
        }
      ],
      "properties": {
        "Node name for S&R": "ControlNetLoader"
      },
      "widgets_values": [
        "control_v11f1e_sd15_tile.safetensors"
      ],
      "color": "#432",
      "bgcolor": "#653"
    },
    {
      "id": 108,
      "type": "KSampler (Efficient)",
      "pos": [
        1920,
        490
      ],
      "size": [
        290.2326354980469,
        586
      ],
      "flags": {},
      "order": 12,
      "mode": 0,
      "inputs": [
        {
          "name": "model",
          "type": "MODEL",
          "link": 211
        },
        {
          "name": "positive",
          "type": "CONDITIONING",
          "link": 200
        },
        {
          "name": "negative",
          "type": "CONDITIONING",
          "link": 201
        },
        {
          "name": "latent_image",
          "type": "LATENT",
          "link": 191
        },
        {
          "name": "optional_vae",
          "type": "VAE",
          "link": 203
        },
        {
          "name": "script",
          "type": "SCRIPT",
          "link": null
        }
      ],
      "outputs": [
        {
          "name": "MODEL",
          "type": "MODEL",
          "links": null,
          "shape": 3
        },
        {
          "name": "CONDITIONING+",
          "type": "CONDITIONING",
          "links": null,
          "shape": 3
        },
        {
          "name": "CONDITIONING-",
          "type": "CONDITIONING",
          "links": null,
          "shape": 3
        },
        {
          "name": "LATENT",
          "type": "LATENT",
          "links": null,
          "shape": 3
        },
        {
          "name": "VAE",
          "type": "VAE",
          "links": null,
          "shape": 3
        },
        {
          "name": "IMAGE",
          "type": "IMAGE",
          "links": [
            196,
            206
          ],
          "slot_index": 5,
          "shape": 3
        }
      ],
      "properties": {
        "Node name for S&R": "KSampler (Efficient)"
      },
      "widgets_values": [
        508194900053784,
        "fixed",
        20,
        6,
        "heun",
        "karras",
        0.35000000000000003,
        "auto",
        "true",
        null
      ],
      "color": "#223",
      "bgcolor": "#335",
      "shape": 1
    }
  ],
  "links": [
    [
      25,
      20,
      0,
      19,
      2,
      "CONTROL_NET"
    ],
    [
      92,
      44,
      0,
      55,
      0,
      "MODEL"
    ],
    [
      111,
      17,
      0,
      71,
      0,
      "IMAGE"
    ],
    [
      114,
      71,
      0,
      47,
      0,
      "*"
    ],
    [
      178,
      47,
      0,
      104,
      0,
      "IMAGE"
    ],
    [
      179,
      104,
      0,
      84,
      0,
      "IMAGE"
    ],
    [
      191,
      84,
      0,
      108,
      3,
      "LATENT"
    ],
    [
      196,
      108,
      5,
      83,
      0,
      "IMAGE"
    ],
    [
      198,
      107,
      1,
      19,
      0,
      "CONDITIONING"
    ],
    [
      199,
      107,
      2,
      19,
      1,
      "CONDITIONING"
    ],
    [
      200,
      19,
      0,
      108,
      1,
      "CONDITIONING"
    ],
    [
      201,
      19,
      1,
      108,
      2,
      "CONDITIONING"
    ],
    [
      202,
      107,
      0,
      44,
      0,
      "MODEL"
    ],
    [
      203,
      107,
      4,
      108,
      4,
      "VAE"
    ],
    [
      205,
      107,
      4,
      84,
      1,
      "VAE"
    ],
    [
      206,
      108,
      5,
      56,
      0,
      "IMAGE"
    ],
    [
      207,
      47,
      0,
      56,
      1,
      "IMAGE"
    ],
    [
      211,
      55,
      0,
      108,
      0,
      "MODEL"
    ],
    [
      212,
      104,
      0,
      34,
      0,
      "*"
    ],
    [
      214,
      34,
      0,
      95,
      0,
      "IMAGE"
    ],
    [
      215,
      95,
      0,
      19,
      3,
      "IMAGE"
    ]
  ],
  "groups": [
    {
      "title": "ControlNet (StableDif.ru)",
      "bounding": [
        1007,
        -242,
        453,
        491
      ],
      "color": "#b58b2a",
      "font_size": 24,
      "locked": false
    },
    {
      "title": "ПЛИТОЧНЫЙ АПСКЕЙЛЕР (StableDif.ru)",
      "bounding": [
        1505,
        227,
        1151,
        833
      ],
      "color": "#88A",
      "font_size": 24,
      "locked": false
    },
    {
      "title": "МОДЕЛЬ И ИЗОБРАЖЕНИЕ (StableDif.ru)",
      "bounding": [
        644,
        338,
        474,
        561
      ],
      "color": "#3f789e",
      "font_size": 24,
      "locked": false
    },
    {
      "title": "OreX & STABLEDIF.RU",
      "bounding": [
        1195,
        -517,
        538,
        80
      ],
      "color": "#ffab1a",
      "font_size": 50,
      "locked": false
    },
    {
      "title": "LOAD IMG (StableDif.ru)",
      "bounding": [
        544,
        944,
        627,
        399
      ],
      "color": "#8AA",
      "font_size": 24,
      "locked": false
    }
  ],
  "config": {},
  "extra": {
    "ds": {
      "scale": 0.6115909044841588,
      "offset": [
        -844.6492230372478,
        228.71458278471164
      ]
    }
  },
  "version": 0.4
}