{
  "last_node_id": 131,
  "last_link_id": 224,
  "nodes": [
    {
      "id": 49,
      "type": "GoogleTranslateTextNode",
      "pos": [
        591.1850076409189,
        -629.8236072708495
      ],
      "size": {
        "0": 220,
        "1": 142
      },
      "flags": {
        "collapsed": true
      },
      "order": 18,
      "mode": 0,
      "inputs": [
        {
          "name": "text",
          "type": "STRING",
          "link": 86,
          "widget": {
            "name": "text"
          }
        }
      ],
      "outputs": [
        {
          "name": "text",
          "type": "STRING",
          "links": [
            84
          ],
          "shape": 3,
          "slot_index": 0
        }
      ],
      "properties": {
        "Node name for S&R": "GoogleTranslateTextNode"
      },
      "widgets_values": [
        "en",
        "ru",
        false,
        "Manual Trasnlate",
        "женщина на мотоцикле"
      ],
      "color": "#232",
      "bgcolor": "#353"
    },
    {
      "id": 13,
      "type": "IF_DisplayText",
      "pos": [
        583.185007640919,
        -364.8236072708487
      ],
      "size": {
        "0": 381.2855529785156,
        "1": 148.77264404296875
      },
      "flags": {},
      "order": 20,
      "mode": 0,
      "inputs": [
        {
          "name": "text",
          "type": "STRING",
          "link": 18,
          "widget": {
            "name": "text"
          }
        }
      ],
      "outputs": [
        {
          "name": "STRING",
          "type": "STRING",
          "links": [],
          "shape": 3,
          "slot_index": 0
        }
      ],
      "properties": {
        "Node name for S&R": "IF_DisplayText"
      },
      "widgets_values": [
        "",
        "lowres,  text,  error,  cropped,  worst quality,  low quality,  jpeg artifacts,  ugly,  duplicate,  morbid,  mutilated,  out of frame,  mutation,  deformed,  blurry,  dehydrated,  bad anatomy,  bad proportions,  disfigured, username,  watermark,  signature, backgound out of focus, black and white,  monochrome"
      ],
      "color": "#322",
      "bgcolor": "#533"
    },
    {
      "id": 78,
      "type": "SDXL Empty Latent Image (rgthree)",
      "pos": [
        1434.7368771611746,
        -198.50215741621437
      ],
      "size": {
        "0": 300.1403503417969,
        "1": 146
      },
      "flags": {},
      "order": 0,
      "mode": 0,
      "outputs": [
        {
          "name": "LATENT",
          "type": "LATENT",
          "links": [
            163
          ],
          "shape": 3,
          "slot_index": 0
        },
        {
          "name": "CLIP_WIDTH",
          "type": "INT",
          "links": null,
          "shape": 3
        },
        {
          "name": "CLIP_HEIGHT",
          "type": "INT",
          "links": null,
          "shape": 3
        }
      ],
      "properties": {
        "Node name for S&R": "SDXL Empty Latent Image (rgthree)"
      },
      "widgets_values": [
        "1024 x 1024  (square)",
        2,
        2
      ],
      "color": "#323",
      "bgcolor": "#535"
    },
    {
      "id": 91,
      "type": "ShowText|pysssss",
      "pos": [
        -300,
        -296
      ],
      "size": {
        "0": 334.46246337890625,
        "1": 89.59432220458984
      },
      "flags": {},
      "order": 8,
      "mode": 0,
      "inputs": [
        {
          "name": "text",
          "type": "STRING",
          "link": 168,
          "widget": {
            "name": "text"
          }
        }
      ],
      "outputs": [
        {
          "name": "STRING",
          "type": "STRING",
          "links": [
            169
          ],
          "shape": 6,
          "slot_index": 0
        }
      ],
      "properties": {
        "Node name for S&R": "ShowText|pysssss"
      },
      "widgets_values": [
        "",
        "Portrait of a woman riding a wolf jumping in a forest glade to meet a huge moon"
      ],
      "color": "#2a363b",
      "bgcolor": "#3f5159"
    },
    {
      "id": 81,
      "type": "CLIPTextEncode",
      "pos": [
        1494.7368771611746,
        -308.5021574162143
      ],
      "size": {
        "0": 210,
        "1": 54
      },
      "flags": {
        "collapsed": false
      },
      "order": 28,
      "mode": 0,
      "inputs": [
        {
          "name": "clip",
          "type": "CLIP",
          "link": 177,
          "slot_index": 0
        },
        {
          "name": "text",
          "type": "STRING",
          "link": 220,
          "widget": {
            "name": "text"
          }
        }
      ],
      "outputs": [
        {
          "name": "CONDITIONING",
          "type": "CONDITIONING",
          "links": [
            162
          ],
          "slot_index": 0
        }
      ],
      "properties": {
        "Node name for S&R": "CLIPTextEncode"
      },
      "widgets_values": [
        "text, watermark"
      ],
      "color": "#322",
      "bgcolor": "#533"
    },
    {
      "id": 80,
      "type": "CLIPTextEncode",
      "pos": [
        1504.7368771611746,
        -418.5021574162143
      ],
      "size": {
        "0": 210,
        "1": 54
      },
      "flags": {
        "collapsed": false
      },
      "order": 27,
      "mode": 0,
      "inputs": [
        {
          "name": "clip",
          "type": "CLIP",
          "link": 176,
          "slot_index": 0
        },
        {
          "name": "text",
          "type": "STRING",
          "link": 219,
          "widget": {
            "name": "text"
          }
        }
      ],
      "outputs": [
        {
          "name": "CONDITIONING",
          "type": "CONDITIONING",
          "links": [
            161
          ],
          "slot_index": 0
        }
      ],
      "properties": {
        "Node name for S&R": "CLIPTextEncode"
      },
      "widgets_values": [
        "beautiful scenery nature glass bottle landscape, , purple galaxy bottle,"
      ],
      "color": "#232",
      "bgcolor": "#353"
    },
    {
      "id": 99,
      "type": "GoogleTranslateTextNode",
      "pos": [
        508.69044716963265,
        263.75372229841815
      ],
      "size": {
        "0": 220,
        "1": 142
      },
      "flags": {
        "collapsed": true
      },
      "order": 12,
      "mode": 4,
      "inputs": [
        {
          "name": "text",
          "type": "STRING",
          "link": 184,
          "widget": {
            "name": "text"
          }
        }
      ],
      "outputs": [
        {
          "name": "text",
          "type": "STRING",
          "links": [
            183
          ],
          "shape": 3,
          "slot_index": 0
        }
      ],
      "properties": {
        "Node name for S&R": "GoogleTranslateTextNode"
      },
      "widgets_values": [
        "en",
        "ru",
        false,
        "Manual Trasnlate",
        "женщина на мотоцикле"
      ],
      "color": "#232",
      "bgcolor": "#353"
    },
    {
      "id": 35,
      "type": "LoadImage",
      "pos": [
        -352.30955283036747,
        244.75372229841815
      ],
      "size": {
        "0": 321.2512512207031,
        "1": 314
      },
      "flags": {},
      "order": 1,
      "mode": 4,
      "outputs": [
        {
          "name": "IMAGE",
          "type": "IMAGE",
          "links": [
            182
          ],
          "shape": 3,
          "slot_index": 0
        },
        {
          "name": "MASK",
          "type": "MASK",
          "links": null,
          "shape": 3
        }
      ],
      "properties": {
        "Node name for S&R": "LoadImage"
      },
      "widgets_values": [
        "00007-3346033706-dancing beautiful girl 12 yo dressed in magical fairy clothes, (Beautiful face_1.3),_beautiful fairytale forest, moss, fireflies (2).png",
        "image"
      ]
    },
    {
      "id": 93,
      "type": "Reroute",
      "pos": [
        994,
        -627
      ],
      "size": [
        90.4,
        26
      ],
      "flags": {},
      "order": 19,
      "mode": 0,
      "inputs": [
        {
          "name": "",
          "type": "*",
          "link": 172
        }
      ],
      "outputs": [
        {
          "name": "STRING",
          "type": "STRING",
          "links": [
            192
          ],
          "slot_index": 0
        }
      ],
      "properties": {
        "showOutputText": true,
        "horizontal": false
      },
      "color": "#232",
      "bgcolor": "#353"
    },
    {
      "id": 94,
      "type": "Reroute",
      "pos": [
        995,
        -567
      ],
      "size": [
        90.4,
        26
      ],
      "flags": {},
      "order": 21,
      "mode": 0,
      "inputs": [
        {
          "name": "",
          "type": "*",
          "link": 173
        }
      ],
      "outputs": [
        {
          "name": "STRING",
          "type": "STRING",
          "links": [
            193
          ],
          "slot_index": 0
        }
      ],
      "properties": {
        "showOutputText": true,
        "horizontal": false
      },
      "color": "#322",
      "bgcolor": "#533"
    },
    {
      "id": 10,
      "type": "IF_PromptMkr",
      "pos": [
        91.77774386935181,
        -619.4445800781226
      ],
      "size": {
        "0": 400,
        "1": 428
      },
      "flags": {},
      "order": 11,
      "mode": 0,
      "inputs": [
        {
          "name": "input_prompt",
          "type": "STRING",
          "link": 169,
          "widget": {
            "name": "input_prompt"
          },
          "slot_index": 0
        }
      ],
      "outputs": [
        {
          "name": "Question",
          "type": "STRING",
          "links": [],
          "shape": 3,
          "slot_index": 0
        },
        {
          "name": "Response",
          "type": "STRING",
          "links": [
            86,
            172
          ],
          "shape": 3,
          "slot_index": 1
        },
        {
          "name": "Negative",
          "type": "STRING",
          "links": [
            18,
            173
          ],
          "shape": 3,
          "slot_index": 2
        }
      ],
      "properties": {
        "Node name for S&R": "IF_PromptMkr"
      },
      "widgets_values": [
        "woman, full body",
        "localhost",
        "11434",
        "ollama",
        "brxce/stable-diffusion-prompt-generator:latest",
        "None",
        "Simple",
        "None",
        "Standard",
        0.6000000000000001,
        200,
        777,
        "fixed",
        false,
        false
      ],
      "color": "#223",
      "bgcolor": "#335"
    },
    {
      "id": 82,
      "type": "KSampler (Efficient)",
      "pos": [
        1824.7368771611746,
        -608.5021574162146
      ],
      "size": {
        "0": 274.94775390625,
        "1": 562
      },
      "flags": {},
      "order": 29,
      "mode": 0,
      "inputs": [
        {
          "name": "model",
          "type": "MODEL",
          "link": 171
        },
        {
          "name": "positive",
          "type": "CONDITIONING",
          "link": 161
        },
        {
          "name": "negative",
          "type": "CONDITIONING",
          "link": 162
        },
        {
          "name": "latent_image",
          "type": "LATENT",
          "link": 163
        },
        {
          "name": "optional_vae",
          "type": "VAE",
          "link": 164
        },
        {
          "name": "script",
          "type": "SCRIPT",
          "link": null
        }
      ],
      "outputs": [
        {
          "name": "MODEL",
          "type": "MODEL",
          "links": null,
          "shape": 3
        },
        {
          "name": "CONDITIONING+",
          "type": "CONDITIONING",
          "links": null,
          "shape": 3
        },
        {
          "name": "CONDITIONING-",
          "type": "CONDITIONING",
          "links": null,
          "shape": 3
        },
        {
          "name": "LATENT",
          "type": "LATENT",
          "links": null,
          "shape": 3
        },
        {
          "name": "VAE",
          "type": "VAE",
          "links": [],
          "shape": 3,
          "slot_index": 4
        },
        {
          "name": "IMAGE",
          "type": "IMAGE",
          "links": [
            165
          ],
          "shape": 3,
          "slot_index": 5
        }
      ],
      "properties": {
        "Node name for S&R": "KSampler (Efficient)"
      },
      "widgets_values": [
        834,
        null,
        21,
        7,
        "dpmpp_2m",
        "karras",
        1,
        "auto",
        "true"
      ],
      "color": "#233",
      "bgcolor": "#355",
      "shape": 1
    },
    {
      "id": 102,
      "type": "Reroute",
      "pos": [
        926.6904471696328,
        344.75372229841815
      ],
      "size": [
        90.4,
        26
      ],
      "flags": {},
      "order": 15,
      "mode": 4,
      "inputs": [
        {
          "name": "",
          "type": "*",
          "link": 202
        }
      ],
      "outputs": [
        {
          "name": "STRING",
          "type": "STRING",
          "links": [
            196
          ],
          "slot_index": 0
        }
      ],
      "properties": {
        "showOutputText": true,
        "horizontal": false
      },
      "color": "#322",
      "bgcolor": "#533"
    },
    {
      "id": 101,
      "type": "Reroute",
      "pos": [
        926.6904471696328,
        284.75372229841815
      ],
      "size": [
        90.4,
        26
      ],
      "flags": {},
      "order": 13,
      "mode": 4,
      "inputs": [
        {
          "name": "",
          "type": "*",
          "link": 201
        }
      ],
      "outputs": [
        {
          "name": "STRING",
          "type": "STRING",
          "links": [
            195
          ],
          "slot_index": 0
        }
      ],
      "properties": {
        "showOutputText": true,
        "horizontal": false
      },
      "color": "#232",
      "bgcolor": "#353"
    },
    {
      "id": 97,
      "type": "IF_ImagePrompt",
      "pos": [
        33.757609049479534,
        248.15165540907248
      ],
      "size": {
        "0": 400,
        "1": 452
      },
      "flags": {},
      "order": 9,
      "mode": 4,
      "inputs": [
        {
          "name": "image",
          "type": "IMAGE",
          "link": 182
        },
        {
          "name": "image_prompt",
          "type": "STRING",
          "link": 189,
          "widget": {
            "name": "image_prompt"
          }
        }
      ],
      "outputs": [
        {
          "name": "Question",
          "type": "STRING",
          "links": [],
          "shape": 3,
          "slot_index": 0
        },
        {
          "name": "Response",
          "type": "STRING",
          "links": [
            184,
            201
          ],
          "shape": 3,
          "slot_index": 1
        },
        {
          "name": "Negative",
          "type": "STRING",
          "links": [
            186,
            202
          ],
          "shape": 3,
          "slot_index": 2
        }
      ],
      "properties": {
        "Node name for S&R": "IF_ImagePrompt"
      },
      "widgets_values": [
        "",
        "localhost",
        "11434",
        "ollama",
        "llava:latest",
        "IF_PromptMKR_IMG",
        "None",
        "None",
        "None",
        0.7,
        150,
        777,
        "fixed",
        false,
        false
      ],
      "color": "#223",
      "bgcolor": "#335"
    },
    {
      "id": 119,
      "type": "GoogleTranslateTextNode",
      "pos": [
        520.1111992730024,
        1064.444407145183
      ],
      "size": {
        "0": 220,
        "1": 142
      },
      "flags": {
        "collapsed": true
      },
      "order": 16,
      "mode": 4,
      "inputs": [
        {
          "name": "text",
          "type": "STRING",
          "link": 215,
          "widget": {
            "name": "text"
          }
        }
      ],
      "outputs": [
        {
          "name": "text",
          "type": "STRING",
          "links": [
            208
          ],
          "shape": 3,
          "slot_index": 0
        }
      ],
      "properties": {
        "Node name for S&R": "GoogleTranslateTextNode"
      },
      "widgets_values": [
        "en",
        "ru",
        false,
        "Manual Trasnlate",
        "женщина на мотоцикле"
      ],
      "color": "#232",
      "bgcolor": "#353"
    },
    {
      "id": 105,
      "type": "Any Switch (rgthree)",
      "pos": {
        "0": 1224.73681640625,
        "1": -467.5021667480469,
        "2": 0,
        "3": 0,
        "4": 0,
        "5": 0,
        "6": 0,
        "7": 0,
        "8": 0,
        "9": 0
      },
      "size": {
        "0": 168,
        "1": 106
      },
      "flags": {},
      "order": 25,
      "mode": 0,
      "inputs": [
        {
          "name": "any_01",
          "type": "STRING",
          "link": 192,
          "dir": 3
        },
        {
          "name": "any_02",
          "type": "STRING",
          "link": 195,
          "dir": 3
        },
        {
          "name": "any_03",
          "type": "STRING",
          "link": null,
          "dir": 3
        },
        {
          "name": "any_04",
          "type": "STRING",
          "link": null,
          "dir": 3
        },
        {
          "name": "any_05",
          "type": "STRING",
          "link": null,
          "dir": 3
        }
      ],
      "outputs": [
        {
          "name": "*",
          "type": "STRING",
          "links": [
            219
          ],
          "shape": 3,
          "dir": 4,
          "slot_index": 0,
          "label": "STRING"
        }
      ],
      "properties": {},
      "widgets_values": [],
      "color": "#223",
      "bgcolor": "#335"
    },
    {
      "id": 106,
      "type": "Any Switch (rgthree)",
      "pos": {
        "0": 1224.73681640625,
        "1": -292.5022277832031,
        "2": 0,
        "3": 0,
        "4": 0,
        "5": 0,
        "6": 0,
        "7": 0,
        "8": 0,
        "9": 0
      },
      "size": {
        "0": 168,
        "1": 106
      },
      "flags": {},
      "order": 26,
      "mode": 0,
      "inputs": [
        {
          "name": "any_01",
          "type": "STRING",
          "link": 193,
          "dir": 3
        },
        {
          "name": "any_02",
          "type": "STRING",
          "link": 196,
          "dir": 3
        },
        {
          "name": "any_03",
          "type": "STRING",
          "link": null,
          "dir": 3
        },
        {
          "name": "any_04",
          "type": "STRING",
          "link": null,
          "dir": 3
        },
        {
          "name": "any_05",
          "type": "STRING",
          "link": null,
          "dir": 3
        }
      ],
      "outputs": [
        {
          "name": "*",
          "type": "STRING",
          "links": [
            220
          ],
          "shape": 3,
          "dir": 4,
          "slot_index": 0,
          "label": "STRING"
        }
      ],
      "properties": {},
      "widgets_values": [],
      "color": "#223",
      "bgcolor": "#335"
    },
    {
      "id": 77,
      "type": "CheckpointLoader|pysssss",
      "pos": [
        1434.7368771611746,
        -588.5021574162146
      ],
      "size": {
        "0": 309.0415954589844,
        "1": 122
      },
      "flags": {},
      "order": 2,
      "mode": 0,
      "inputs": [],
      "outputs": [
        {
          "name": "MODEL",
          "type": "MODEL",
          "links": [
            171
          ],
          "shape": 3,
          "slot_index": 0
        },
        {
          "name": "CLIP",
          "type": "CLIP",
          "links": [
            176,
            177
          ],
          "shape": 3,
          "slot_index": 1
        },
        {
          "name": "VAE",
          "type": "VAE",
          "links": [
            164
          ],
          "shape": 3,
          "slot_index": 2
        }
      ],
      "properties": {
        "Node name for S&R": "CheckpointLoader|pysssss"
      },
      "widgets_values": [
        {
          "content": "SDXL\\realvisxlV40_v40Bakedvae.safetensors",
          "image": null
        },
        "[none]"
      ],
      "color": "#223",
      "bgcolor": "#335"
    },
    {
      "id": 45,
      "type": "GoogleTranslateTextNode",
      "pos": [
        -306,
        -616
      ],
      "size": {
        "0": 343.79150390625,
        "1": 269.2064514160156
      },
      "flags": {},
      "order": 3,
      "mode": 0,
      "outputs": [
        {
          "name": "text",
          "type": "STRING",
          "links": [
            168
          ],
          "shape": 3,
          "slot_index": 0
        }
      ],
      "properties": {
        "Node name for S&R": "GoogleTranslateTextNode"
      },
      "widgets_values": [
        "auto",
        "en",
        false,
        "Manual Trasnlate",
        "портрет женщина верхом на волке скачущая по лесной поляне на встречу огромной луне"
      ],
      "color": "#232",
      "bgcolor": "#353"
    },
    {
      "id": 50,
      "type": "ShowText|pysssss",
      "pos": [
        571.1850076409189,
        -579.8236072708494
      ],
      "size": {
        "0": 386.3735656738281,
        "1": 158.5421905517578
      },
      "flags": {},
      "order": 24,
      "mode": 0,
      "inputs": [
        {
          "name": "text",
          "type": "STRING",
          "link": 84,
          "widget": {
            "name": "text"
          }
        }
      ],
      "outputs": [
        {
          "name": "STRING",
          "type": "STRING",
          "links": null,
          "shape": 6
        }
      ],
      "properties": {
        "Node name for S&R": "ShowText|pysssss"
      },
      "widgets_values": [
        "",
        "Лучшее качество, шедевр, высокие детали, портрет женщины, едущей на волке, прыгающей в лесной поляне, чтобы встретить огромную луну, фэнтезийную живопись, концептуальное искусство, замысловатые детали, высоко детализированные, Грег Рутковски и Том Багшоу, 4K Resolution, Trending OnИскусство"
      ],
      "color": "#232",
      "bgcolor": "#353"
    },
    {
      "id": 100,
      "type": "ShowText|pysssss",
      "pos": [
        506.6904471696326,
        324.75372229841815
      ],
      "size": [
        384.61285540077864,
        183.45715849217828
      ],
      "flags": {},
      "order": 22,
      "mode": 4,
      "inputs": [
        {
          "name": "text",
          "type": "STRING",
          "link": 183,
          "widget": {
            "name": "text"
          }
        }
      ],
      "outputs": [
        {
          "name": "STRING",
          "type": "STRING",
          "links": [],
          "shape": 6,
          "slot_index": 0
        }
      ],
      "properties": {
        "Node name for S&R": "ShowText|pysssss"
      },
      "widgets_values": [
        "",
        "На изображении изображена молодая девушка в костюме на тему фэнтези, напоминающей фею или эльф.Она стоит среди пышного леса с мистической атмосферой, характеризующимся сиянием магических огней и присутствием большого дерева.Ее наряд замысловатая, с яркими цветами, деликатными узорами и тем, что кажется светообразным эффектом.Общий стиль изображения является эфирным и причудливым, что предполагает очаровательную атмосферу.Художник, опытный в фэнтезийной иллюстрации, может создать это изображение, сосредоточившись на реалистичных текстурах, мягком затенении и гармоничной цветовой палитре, которая вызывает чувство удивления и воображения."
      ],
      "color": "#232",
      "bgcolor": "#353"
    },
    {
      "id": 98,
      "type": "IF_DisplayText",
      "pos": [
        509,
        556
      ],
      "size": {
        "0": 381.2855529785156,
        "1": 148.77264404296875
      },
      "flags": {},
      "order": 14,
      "mode": 4,
      "inputs": [
        {
          "name": "text",
          "type": "STRING",
          "link": 186,
          "widget": {
            "name": "text"
          }
        }
      ],
      "outputs": [
        {
          "name": "STRING",
          "type": "STRING",
          "links": [],
          "shape": 3,
          "slot_index": 0
        }
      ],
      "properties": {
        "Node name for S&R": "IF_DisplayText"
      },
      "widgets_values": [
        "",
        ""
      ],
      "color": "#322",
      "bgcolor": "#533"
    },
    {
      "id": 104,
      "type": "GoogleTranslateTextNode",
      "pos": [
        -372,
        571
      ],
      "size": {
        "0": 343.79150390625,
        "1": 269.2064514160156
      },
      "flags": {},
      "order": 4,
      "mode": 4,
      "outputs": [
        {
          "name": "text",
          "type": "STRING",
          "links": [
            189
          ],
          "shape": 3,
          "slot_index": 0
        }
      ],
      "properties": {
        "Node name for S&R": "GoogleTranslateTextNode"
      },
      "widgets_values": [
        "auto",
        "en",
        false,
        "Manual Trasnlate",
        "Опиши основной объект.\nОпиши стиль изображения.\nКакой художник мог такое изображение создать.\nУложи описание в 150 символов."
      ],
      "color": "#232",
      "bgcolor": "#353"
    },
    {
      "id": 83,
      "type": "SaveImage",
      "pos": [
        2135,
        -389
      ],
      "size": {
        "0": 330.2332763671875,
        "1": 340.2467041015625
      },
      "flags": {},
      "order": 30,
      "mode": 0,
      "inputs": [
        {
          "name": "images",
          "type": "IMAGE",
          "link": 165
        }
      ],
      "properties": {
        "Node name for S&R": "SaveImage"
      },
      "widgets_values": [
        "ComfyUI"
      ],
      "color": "#233",
      "bgcolor": "#355"
    },
    {
      "id": 124,
      "type": "IF_ChatPrompt",
      "pos": [
        71.11119927300251,
        1056.444407145183
      ],
      "size": {
        "0": 400,
        "1": 670
      },
      "flags": {},
      "order": 10,
      "mode": 4,
      "inputs": [
        {
          "name": "images",
          "type": "IMAGE",
          "link": null
        },
        {
          "name": "context",
          "type": "STRING",
          "link": null,
          "widget": {
            "name": "context"
          }
        },
        {
          "name": "prompt",
          "type": "STRING",
          "link": 213,
          "widget": {
            "name": "prompt"
          }
        }
      ],
      "outputs": [
        {
          "name": "Question",
          "type": "STRING",
          "links": null,
          "shape": 3
        },
        {
          "name": "Response",
          "type": "STRING",
          "links": [
            215,
            222
          ],
          "shape": 3,
          "slot_index": 1
        },
        {
          "name": "Negative",
          "type": "STRING",
          "links": [],
          "shape": 3,
          "slot_index": 2
        },
        {
          "name": "Context",
          "type": "STRING",
          "links": [],
          "shape": 3,
          "slot_index": 3
        }
      ],
      "properties": {
        "Node name for S&R": "IF_ChatPrompt"
      },
      "widgets_values": [
        "",
        "localhost",
        "11434",
        "ollama",
        "llava:latest",
        "None",
        "",
        2048,
        0.7,
        40,
        0.2,
        1.1,
        "",
        766440256765291,
        "randomize",
        false,
        "None",
        "None",
        "None",
        true,
        10,
        false,
        false,
        false
      ]
    },
    {
      "id": 120,
      "type": "ShowText|pysssss",
      "pos": [
        520.1111992730024,
        1122.444407145183
      ],
      "size": {
        "0": 392.0758972167969,
        "1": 560.1219482421875
      },
      "flags": {},
      "order": 23,
      "mode": 4,
      "inputs": [
        {
          "name": "text",
          "type": "STRING",
          "link": 208,
          "widget": {
            "name": "text"
          }
        }
      ],
      "outputs": [
        {
          "name": "STRING",
          "type": "STRING",
          "links": [],
          "shape": 6,
          "slot_index": 0
        }
      ],
      "properties": {
        "Node name for S&R": "ShowText|pysssss"
      },
      "widgets_values": [
        "",
        "Конечно, вот десять артистов, перечисленных без нумерации или маркеров:\n\n|Ван Гог |Моне |Пикассо |Уорхол |Дали |Рембрандт |Ренуар |Matisse |Cezanne |Дега |"
      ],
      "color": "#232",
      "bgcolor": "#353"
    },
    {
      "id": 123,
      "type": "GoogleTranslateTextNode",
      "pos": [
        -350,
        1077
      ],
      "size": [
        403.24647933279095,
        360.96037161312915
      ],
      "flags": {},
      "order": 5,
      "mode": 4,
      "outputs": [
        {
          "name": "text",
          "type": "STRING",
          "links": [
            213
          ],
          "shape": 3,
          "slot_index": 0
        }
      ],
      "properties": {
        "Node name for S&R": "GoogleTranslateTextNode"
      },
      "widgets_values": [
        "auto",
        "en",
        false,
        "Manual Trasnlate",
        "Составь список имён 10 художников.  \nПеречисли имена через символ |\nПереведи на английский. Без нумерации и маркеров."
      ],
      "color": "#232",
      "bgcolor": "#353"
    },
    {
      "id": 130,
      "type": "ShowText|pysssss",
      "pos": [
        945,
        1128
      ],
      "size": [
        349.4988643761608,
        550.2126427852618
      ],
      "flags": {},
      "order": 17,
      "mode": 4,
      "inputs": [
        {
          "name": "text",
          "type": "STRING",
          "link": 222,
          "widget": {
            "name": "text"
          }
        }
      ],
      "outputs": [
        {
          "name": "STRING",
          "type": "STRING",
          "links": null,
          "shape": 6
        }
      ],
      "properties": {
        "Node name for S&R": "ShowText|pysssss"
      },
      "widgets_values": [
        "",
        "Sure, here are ten artists listed without numbering or markers:\n\n| Van Gogh | Monet | Picasso | Warhol | Dali | Rembrandt | Renoir | Matisse | Cezanne | Degas |"
      ],
      "color": "#233",
      "bgcolor": "#355"
    },
    {
      "id": 110,
      "type": "Fast Groups Bypasser (rgthree)",
      "pos": {
        "0": 571,
        "1": -59,
        "2": 0,
        "3": 0,
        "4": 0,
        "5": 0,
        "6": 0,
        "7": 0,
        "8": 0,
        "9": 0
      },
      "size": {
        "0": 416.8654479980469,
        "1": 175.97633361816406
      },
      "flags": {},
      "order": 6,
      "mode": 0,
      "inputs": [],
      "outputs": [
        {
          "name": "OPT_CONNECTION",
          "type": "*",
          "links": null
        }
      ],
      "properties": {
        "matchColors": "",
        "matchTitle": "Prompt Gen",
        "showNav": true,
        "sort": "position",
        "customSortAlphabet": "",
        "toggleRestriction": "always one"
      },
      "color": "#317ccd",
      "bgcolor": "#1d68b9"
    },
    {
      "id": 129,
      "type": "Fast Groups Bypasser (rgthree)",
      "pos": {
        "0": 1254,
        "1": 55,
        "2": 0,
        "3": 0,
        "4": 0,
        "5": 0,
        "6": 0,
        "7": 0,
        "8": 0,
        "9": 0
      },
      "size": {
        "0": 406.95965576171875,
        "1": 84.79609680175781
      },
      "flags": {},
      "order": 7,
      "mode": 0,
      "inputs": [],
      "outputs": [
        {
          "name": "OPT_CONNECTION",
          "type": "*",
          "links": null
        }
      ],
      "properties": {
        "matchColors": "",
        "matchTitle": "GENERATE",
        "showNav": true,
        "sort": "position",
        "customSortAlphabet": "",
        "toggleRestriction": "default"
      },
      "color": "#317ccd",
      "bgcolor": "#1d68b9"
    }
  ],
  "links": [
    [
      18,
      10,
      2,
      13,
      0,
      "STRING"
    ],
    [
      84,
      49,
      0,
      50,
      0,
      "STRING"
    ],
    [
      86,
      10,
      1,
      49,
      0,
      "STRING"
    ],
    [
      161,
      80,
      0,
      82,
      1,
      "CONDITIONING"
    ],
    [
      162,
      81,
      0,
      82,
      2,
      "CONDITIONING"
    ],
    [
      163,
      78,
      0,
      82,
      3,
      "LATENT"
    ],
    [
      164,
      77,
      2,
      82,
      4,
      "VAE"
    ],
    [
      165,
      82,
      5,
      83,
      0,
      "IMAGE"
    ],
    [
      168,
      45,
      0,
      91,
      0,
      "STRING"
    ],
    [
      169,
      91,
      0,
      10,
      0,
      "STRING"
    ],
    [
      171,
      77,
      0,
      82,
      0,
      "MODEL"
    ],
    [
      172,
      10,
      1,
      93,
      0,
      "*"
    ],
    [
      173,
      10,
      2,
      94,
      0,
      "*"
    ],
    [
      176,
      77,
      1,
      80,
      0,
      "CLIP"
    ],
    [
      177,
      77,
      1,
      81,
      0,
      "CLIP"
    ],
    [
      182,
      35,
      0,
      97,
      0,
      "IMAGE"
    ],
    [
      183,
      99,
      0,
      100,
      0,
      "STRING"
    ],
    [
      184,
      97,
      1,
      99,
      0,
      "STRING"
    ],
    [
      186,
      97,
      2,
      98,
      0,
      "STRING"
    ],
    [
      189,
      104,
      0,
      97,
      1,
      "STRING"
    ],
    [
      192,
      93,
      0,
      105,
      0,
      "STRING"
    ],
    [
      193,
      94,
      0,
      106,
      0,
      "STRING"
    ],
    [
      195,
      101,
      0,
      105,
      1,
      "STRING"
    ],
    [
      196,
      102,
      0,
      106,
      1,
      "STRING"
    ],
    [
      201,
      97,
      1,
      101,
      0,
      "*"
    ],
    [
      202,
      97,
      2,
      102,
      0,
      "*"
    ],
    [
      208,
      119,
      0,
      120,
      0,
      "STRING"
    ],
    [
      213,
      123,
      0,
      124,
      2,
      "STRING"
    ],
    [
      215,
      124,
      1,
      119,
      0,
      "STRING"
    ],
    [
      219,
      105,
      0,
      80,
      1,
      "STRING"
    ],
    [
      220,
      106,
      0,
      81,
      1,
      "STRING"
    ],
    [
      222,
      124,
      1,
      130,
      0,
      "STRING"
    ]
  ],
  "groups": [
    {
      "title": "Prompt Gen - (stabledif.ru)",
      "bounding": [
        -315,
        -703,
        1345,
        526
      ],
      "color": "#3f789e",
      "font_size": 24,
      "locked": false
    },
    {
      "title": "GENERATE - (stabledif.ru)",
      "bounding": [
        1257,
        -692,
        1235,
        685
      ],
      "color": "#8AA",
      "font_size": 24,
      "locked": false
    },
    {
      "title": "IMG Prompt Gen - (stabledif.ru)",
      "bounding": [
        -382,
        171,
        1409,
        679
      ],
      "color": "#3f789e",
      "font_size": 24,
      "locked": false
    },
    {
      "title": "OreX & STABLEDIF.RU",
      "bounding": [
        965,
        -852,
        658,
        94
      ],
      "color": "#d07016",
      "font_size": 60,
      "locked": false
    },
    {
      "title": "TALK - Prompt Gen",
      "bounding": [
        -384,
        967,
        1701,
        786
      ],
      "color": "#3f789e",
      "font_size": 24,
      "locked": false
    }
  ],
  "config": {},
  "extra": {
    "ds": {
      "scale": 0.27941459537662766,
      "offset": {
        "0": 1678.3199462890625,
        "1": 1250.392333984375
      }
    }
  },
  "version": 0.4
}