A color and the colors on either side of its complementary color on the wheel
acid colors
All colors of the spectrum
Analogous colors with cool hues
Analogous colors with warm hues
Art Bright, contrasting colors, black and white
beige highlights
Black and white, shades of gray
Black, blue, purple, neon green-pink
Black, gold, cream, pops of red or green
Black, gold, cream, with floral patterns in pastel colors
Black, gold, with a touch of white
Black, purple, blue, white, with accents of pink, yellow
Black, white, blues, purples
Black, white, gray, metallic accents
Black, white, one or two accent colors
Black, white, primary colors
Black, white, various shades of gray
Black, white, with textures like wood grain or marble
Blossom Pink, white, greens
Blue, green, turquoise, yellow
Blue, green, white, sand
Blue, teal, turquoise, coral
Blue, turquoise, white, terracotta
Blues, greens, whites, grays
Bold primary colors, pastels, browns, oranges
Bold, contrasting stripes in various colors, black and white
Bold, geometric patterns with contrasting colors, black, white
Bright versions of orange, pink, yellow, with hints of blue
Bright, fluorescent blues, pinks, purples, greens
Bright, fluorescent colors
Bright, saturated colors with high contrast
Browns, beiges, greens, yellows, oranges
Browns, oranges, yellows, pinks
color depth
colorful
Colors next to each other on the color wheel
Colors with blue, green, and purple hues
Colors with red, orange, and yellow hues
contrasted
Cool colors like pink, orange, yellow, blue
Dark blue, teal, green, with bioluminescent accents
Dark blues, grays, purples, hints of white
Dark blues, purples, grays, yellows
dark color scheme
Dark grays, browns, with orange and red hues in the sky
Dark greens, blues, grays, hints of yellow
dark shot
dark theme
darkness
darkness color scheme
Desaturated versions of emerald green, sapphire blue, ruby red, amethyst purple
dim colors
dimmed colors
epic character composition
faded
Four colors adjacent to each other on the color wheel
Four colors evenly spaced on the color wheel
full screen
Geometric shapes in black, white, and primary colors
Grays, blacks, whites, metallics
Green Light green, blue, white
Greens, browns, beiges, yellows
high colorful
Hues Orange, pink, purple, gold
incredible composition
iridescent colors
Lavender, purple, green, yellow
Light green, blue, gray, white
light theme
light tones
lithe
Muted browns, greens, beiges, with a bright accent color
natural colours
neon colors
Opposing colors on the color wheel
Orange, pink, purple, blue hues
Orange, pink, purple, turquoise
Orange, red, brown, yellow, green
Orange, red, purple, pink, black
Orange, yellow, red, purple, white
pale and natural
perfect composition
Pink, red, green, white
Pinks, blues, purples, yellows, greens
primary colors
professionally color graded
Randomly placed neon colors with black background
Red, orange, yellow, blue, white
Red, orange, yellow, brown
Red, white, green, black
Rich, saturated colors like emerald green, sapphire blue, ruby red, amethyst purple
sepia
Smooth transition from one desaturated jewel tone to another
Smooth transition from one pastel color to another across the spectrum
Soft browns, greens, beiges
Soft versions of red, orange, yellow, green, blue, indigo, violet
Soft, low-contrast colors with low saturation
Soft, low-saturated versions of pastel colors
Soft, muted versions of colors
soothing tones
Spice Orange, brown, yellow, cream
Three brightly saturated colors from opposite corners of the color wheel
Three colors evenly spaced on the color wheel
vibrant
vibrant color
vivacious
vivid colors
Warm colors like orange, red, pink, yellow
Warm tone
White, grays, light blues, deep greens
Whites, grays, blues, light woods
