{
  "10": {
    "inputs": {
      "image": "input_api.jpg",
      "choose file to upload": "image"
    },
    "class_type": "LoadImage"
  },
  "18": {
    "inputs": {
      "upscale_model": [
        "19",
        0
      ],
      "image": [
        "10",
        0
      ]
    },
    "class_type": "ImageUpscaleWithModel"
  },
  "19": {
    "inputs": {
      "model_name": "RealESRGAN_x2.pth"
    },
    "class_type": "UpscaleModelLoader"
  },
  "21": {
    "inputs": {
      "pixels": [
        "32",
        0
      ],
      "vae": [
        "22",
        2
      ]
    },
    "class_type": "VAEEncode"
  },
  "22": {
    "inputs": {
      "ckpt_name": "aniverse_thxEd14Pruned.safetensors"
    },
    "class_type": "CheckpointLoaderSimple"
  },
  "23": {
    "inputs": {
      "seed": 91340535633915,
      "steps": 20,
      "cfg": 6.5,
      "sampler_name": "euler_ancestral",
      "scheduler": "normal",
      "denoise": 0.5,
      "model": [
        "22",
        0
      ],
      "positive": [
        "24",
        0
      ],
      "negative": [
        "25",
        0
      ],
      "latent_image": [
        "21",
        0
      ]
    },
    "class_type": "KSampler"
  },
  "24": {
    "inputs": {
      "text": "a portrait of a librarian.",
      "clip": [
        "22",
        1
      ]
    },
    "class_type": "CLIPTextEncode"
  },
  "25": {
    "inputs": {
      "text": "embedding:FastNegativeV2, ",
      "clip": [
        "22",
        1
      ]
    },
    "class_type": "CLIPTextEncode"
  },
  "26": {
    "inputs": {
      "samples": [
        "23",
        0
      ],
      "vae": [
        "22",
        2
      ]
    },
    "class_type": "VAEDecode"
  },
  "29": {
    "inputs": {
      "filename_prefix": "SDXL_api_",
      "images": [
        "26",
        0
      ]
    },
    "class_type": "SaveImage"
  },
  "32": {
    "inputs": {
      "upscale_method": "nearest-exact",
      "scale_by": 1,
      "image": [
        "18",
        0
      ]
    },
    "class_type": "ImageScaleBy"
  }
}