{
  "1": {
    "inputs": {
      "ckpt_name": "sd_xl_turbo_1.0_fp16.safetensors"
    },
    "class_type": "CheckpointLoaderSimple"
  },
  "2": {
    "inputs": {
      "add_noise": true,
      "noise_seed": 240322318706585,
      "cfg": 7,
      "model": [
        "1",
        0
      ],
      "positive": [
        "3",
        0
      ],
      "negative": [
        "4",
        0
      ],
      "sampler": [
        "6",
        0
      ],
      "sigmas": [
        "7",
        0
      ],
      "latent_image": [
        "8",
        0
      ]
    },
    "class_type": "SamplerCustom"
  },
  "3": {
    "inputs": {
      "text": "an colorful 3d blender anime portrait of a girl with black long hair and glasses",
      "clip": [
        "1",
        1
      ]
    },
    "class_type": "CLIPTextEncode"
  },
  "4": {
    "inputs": {
      "text": "",
      "clip": [
        "1",
        1
      ]
    },
    "class_type": "CLIPTextEncode"
  },
  "5": {
    "inputs": {
      "samples": [
        "2",
        0
      ],
      "vae": [
        "1",
        2
      ]
    },
    "class_type": "VAEDecode"
  },
  "6": {
    "inputs": {
      "sampler_name": "euler_ancestral"
    },
    "class_type": "KSamplerSelect"
  },
  "7": {
    "inputs": {
      "steps": 1,
      "model": [
        "1",
        0
      ]
    },
    "class_type": "SDTurboScheduler"
  },
  "8": {
    "inputs": {
      "width": 512,
      "height": 512,
      "batch_size": 1
    },
    "class_type": "EmptyLatentImage"
  },
  "30": {
    "inputs": {
      "filename_prefix": "SDXL_api_",
      "images": [
        "5",
        0
      ]
    },
    "class_type": "SaveImage"
  }
}