{
  "1": {
    "inputs": {
      "ckpt_name": "sd_xl_turbo_1.0_fp16.safetensors"
    },
    "class_type": "CheckpointLoaderSimple"
  },
  "3": {
    "inputs": {
      "text": "an colorful 3d blender anime portrait of a girl with black long hair and glasses",
      "clip": [
        "1",
        1
      ]
    },
    "class_type": "CLIPTextEncode"
  },
  "4": {
    "inputs": {
      "text": "",
      "clip": [
        "1",
        1
      ]
    },
    "class_type": "CLIPTextEncode"
  },
  "10": {
    "inputs": {
      "image": "input_api.jpg",
      "choose file to upload": "image"
    },
    "class_type": "LoadImage"
  },
  "14": {
    "inputs": {
      "seed": 240322318706202,
      "steps": 2,
      "cfg": 1.1,
      "sampler_name": "euler_ancestral",
      "scheduler": "normal",
      "denoise": 0.65,
      "model": [
        "1",
        0
      ],
      "positive": [
        "3",
        0
      ],
      "negative": [
        "4",
        0
      ],
      "latent_image": [
        "17",
        0
      ]
    },
    "class_type": "KSampler"
  },
  "15": {
    "inputs": {
      "samples": [
        "14",
        0
      ],
      "vae": [
        "1",
        2
      ]
    },
    "class_type": "VAEDecode"
  },
  "17": {
    "inputs": {
      "pixels": [
        "10",
        0
      ],
      "vae": [
        "1",
        2
      ]
    },
    "class_type": "VAEEncode"
  },
  "31": {
    "inputs": {
      "filename_prefix": "SDXL_api_",
      "images": [
        "15",
        0
      ]
    },
    "class_type": "SaveImage"
  }
}