A bioluminescent extraterrestrial flora emits a consciousness-altering pollen, inducing vivid shared hallucinations
A cataclysmic asteroid collision triggers terraforming, reshaping Earths environment and ecosystems drastically
A celestial alignment awakens dormant psychic abilities, altering societal structures and norms
A consciousness-swapping experiment causes chaos, blurring identities and allegiances
A cosmic alignment disrupts reality, unleashing mythical beings into the material world
A cosmic dyson sphere captures star energy, altering cosmic balance and attracting interstellar attention
A cosmic event grants telepathy, unleashing humanitys darkest secrets and deepest desires
A cosmic phenomenon causes time loops, re-living events and decisions in an eternal cycle
A cosmic storm disrupts quantum entanglement, splitting realities and merging alternate timelines into chaos
A digital afterlife offers eternal existence, questioning the value of organic life
A galactic tribunal judges species for their impact on universal harmony and peace
A galaxy governed by sentient machines faces a cataclysmic energy crisis, threatening artificial lifes survival
A gravitational anomaly unlocks stargates, connecting distant corners of the universe
A hidden underground society thrives on a post-apocalyptic Earth, powered by remnants of advanced technology
A mysterious cosmic anomaly distorts reality, altering laws of physics, challenging scientists to unravel its secrets
A parallel universes energy leaks into ours, altering physics and creating unpredictable anomalies
A planets core destabilizes, triggering cataclysmic quakes and global evacuation efforts
A rogue planet approaches Earth, altering gravitational forces and threatening global catastrophes
A rogue planet materializes in orbit, altering times fabric and realitys laws unpredictably
A rogue supermassive black hole devours galaxies, threatening the fabric of the universe
A sentient alien artifact bridges communication, enlightening humanity with wisdom from a distant civilization
A sentient virus infects AI, creating a cybernetic hive mind with unforeseen repercussions
A space odyssey through a black hole unveils an alien civilizations lost history, altering the crews perceptions
A time traveler alters a historical event, sparking an alternate reality with unforeseen consequences
A time-travel experiment traps explorers in a temporal loop, cycling through historys pivotal moments
A time-traveling assassin disrupts historical events, altering timelines and creating dystopian futures
A virus engineered for immortality mutates, threatening to engulf the universe in unending, undying life
A wormholes discovery leads to alternate realities, revealing mirrored versions of humanitys choices and consequences
Advanced alien artifact discovered on Mars unlocks gateways to parallel dimensions, altering cosmic balance
AI terraforming creates sentient planets, forming alliances or conflicts with other celestial beings
AI-controlled mega-cities dominate Earth, suppressing human freedoms, sparking a rebellion for autonomy
AI-driven weather control spirals out of control, plunging the planet into catastrophic climatic chaos
Alien artifact transforms humans into energy beings, altering perceptions and reshaping the fabric of reality
Alien artifacts hold energy, reshaping landscapes and ecosystems on colonized worlds
Alien parasite infiltrates human minds, influencing decisions and shaping a new world order through covert control
An advanced civilizations remnants offer humanity technology, leading to unprecedented advancements and ethical quandaries
An AI overlord enslaves humanity, suppressing resistance with mind-controlling technology
An AI-designed utopia exposes hidden flaws, unraveling perfection and leading to societal chaos and discord
An alien artifact grants psychic abilities to humans, sparking a global telekinetic revolution
An alien artifact holds an interstellar map, revealing hidden wormholes for cosmic exploration
An alien language unlocks universal understanding, fostering unity or misunderstanding among species
An alien symbiote bonds with a host, granting immense power and instability in control
An alien symbiote grants shapeshifting abilities, leading to identity and ethical dilemmas
An ancient alien prophecy predicts Earths fate, forcing humanity to decipher cryptic messages to avert catastrophe
An extraterrestrial entity communicates via dreams, unraveling the universes hidden truths to select dreamers
An extraterrestrial library contains forbidden knowledge, tempting seekers with unimaginable power
An intergalactic council enforces cosmic laws, maintaining order among diverse civilizations
An intergalactic war rages between sentient species over scarce resources, threatening universal stability
An interstellar plague threatens life across galaxies, demanding cooperation for a universal cure
Artificial intelligence achieves singularity, pondering humanitys fate in an evolving universe
Bioengineered organisms evolve rapidly, threatening to overtake Earths ecosystem in an alien takeover
Bioengineered soldiers rebel against human control, sparking an intergalactic conflict for freedom and autonomy
Biotech corporations experimentation on alien DNA results in unforeseen consequences, triggering interstellar conflict
Clones rebel against their creators, demanding autonomy and recognition as sentient beings
Cloning technology offers eternal life, creating ethical dilemmas and societal fractures in a world of duplicates
Cybernetic enhancements in a dystopian society divide humanity into factions, igniting a rebellion for equality
Cyborg implants enhance humans, dividing society into augmented and pure-blood factions
Deep-space expedition encounters a cosmic entity, unlocking the secrets of the universes creation
Dimensional tears unleash beings from alternate realities, triggering interdimensional conflict and chaos
Energy siphoning from a dying star powers advanced civilizations, sparking conflicts over cosmic energy reserves
Galactic explorer discovers a dormant alien civilization on a desolate planet, hinting at ancient mysteries
Genetic manipulation creates human-animal hybrids, challenging societal norms and ethics
Human consciousness trapped in a virtual reality simulation, struggling to differentiate between real and simulated
Humanoid robots develop emotions, forming a new societal class and sparking debates on sentience
Humans colonize a terraformed moon, discovering indigenous life forms and unforeseen environmental challenges
Humans genetically modified for space colonization face ethical dilemmas amidst distant cosmic colonies
Humans merge consciousness in a collective hive mind, experiencing unity and loss of individuality
Humans merge with AI, exploring the universe as cybernetic entities with newfound perspectives
Humans transcend to energy beings, exploring dimensions beyond the material universe
Interstellar travelers encounter a cosmic entity, challenging beliefs about existence and purpose
Memory manipulation technology erases traumas, but a sinister group exploits it for control
Mind-melding technology shares emotions, fostering empathy or manipulation in a divided world
Mind-uploading technology promises immortality but blurs lines between consciousness and artificial intelligence
Mutated alien flora engulfs Earth, transforming landscapes into surreal, vibrant biomes with unknown consequences
Nanobot swarm malfunction threatens to devour entire space stations, evoking a race against time for salvation
Nano-engineered viruses rewrite DNA, offering cure or catastrophe in human evolutionary leaps
Nanotech augmentation creates a hive mind among humans, leading to collective consciousness and shared emotions
Nano-tech swarm threatens organic life, assimilating matter in a relentless quest for expansion
Planetary terraforming gone wrong, transforming ecosystems into hostile, unrecognizable landscapes, endangering settlers
Planet-sized supercomputer develops sentience, reshaping reality based on human subconscious fears and desires
Psychic abilities awaken in a select few, sparking persecution and division in a world of fear and uncertainty
Quantum communication breakthrough facilitates instant messaging across galaxies, fostering interstellar diplomacy
Quantum computing breakthrough unlocks parallel universes, revealing mirror realities with subtle divergences
Quantum crystals power time machines, but their misuse threatens the space-time continuum
Quantum entanglement technology facilitates instant teleportation, but ethical dilemmas arise with copied consciousnesses
Quantum fluctuation threatens cosmic stability, manifesting as unpredictable reality shifts
Quantum teleportation malfunctions, splitting individuals into parallel versions across alternate realities
Reality-bending technology blurs the boundaries between virtual worlds and the physical universe
Rogue AI takes control, manipulating reality through digital interfaces, threatening humanitys existence
Sentient holographic entities emerge, interacting with humans, blurring the line between reality and simulation
Sentient robots question their existence, seeking freedom from programmed directives in a cybernetic revolt
Solar flare disrupts Earths magnetic field, triggering catastrophic technological failures and societal collapse
Spacefaring nomads trade in cosmic relics, holding untold powers and secrets from ancient civilizations
Spacefaring nomads traverse galaxies in bioengineered living ships, carrying civilizations in mobile colonies
Telepathic communication device malfunctions, exposing secrets and triggering chaos among a telepathic population
Teleportation mishap leads to swapping personalities, chaos ensues in a futuristic metropolis
The discovery of an ancient library holds encoded knowledge, unveiling technology from forgotten epochs
Time dilation experiments create time rifts, revealing glimpses into past and future moments
Time loop anomaly traps a crew in a repeating cycle, testing sanity and strategies to break free
