A cosmic clock ticks in nonlinear rhythms, orchestrating the cadence of universal existence
Abstract concepts crystallize into tangible forms, unveiling the hidden intricacies of existence
Abstract concepts take tangible form, shaping environments with philosophical significance
Abstract forms materialize, creating transient sculptures within the cosmic gallery of existence
Abstract landscapes unfold, revealing cosmic vistas within the infinite expanse of eternity
Abstract notions materialize, shaping cosmic vistas with the essence of abstract concepts
Abstract patterns flow through existence, shaping reality with intricate and ephemeral designs
Abstract shapes dance in synesthetic harmony, translating emotions into ethereal movements
Abstract specters dance through the cosmic ether, weaving tales of ephemeral existence
Abstract whispers echo through the void, shaping realities with ethereal vibrations of existence
Celestial anomalies ripple through dimensions, shaping alternate realities within the cosmic continuum
Celestial architects craft galaxies from cosmic clay, shaping the universe in their eternal workshop
Celestial beings commune through cosmic melodies, communicating across galaxies in harmonic resonance
Celestial dreams paint the canvas of the cosmos, creating ephemeral landscapes of imagination
Celestial echoes reverberate, revealing cosmic truths hidden within the cosmic tapestry of existence
Celestial entities transcend, navigating the cosmic expanse in pursuit of cosmic enlightenment
Celestial frequencies oscillate, resonating through the cosmic expanse in an eternal cosmic dance
Celestial harmonies coalesce, forming ethereal melodies that transcend the fabric of reality
Celestial harmonies intertwine, crafting cosmic sonnets that transcend space and time
Celestial harmonies resonate through the cosmos, shaping the fabric of reality with ethereal vibrations
Celestial whispers echo through the cosmic void, carrying cosmic wisdom across the infinite cosmos
Colors gain sentience, manifesting as beings exploring human emotions
Colors influence emotions, fluctuating in hue based on individual feelings
Consciousness disperses into the cosmos, exploring infinite perspectives simultaneously
Consciousness flows through the cosmic river, merging and diverging in an endless cycle of existence
Consciousness transcends time, experiencing existence as a non-linear continuum
Consciousnesses merge and diverge, creating a symphony of individual and collective experiences
Cosmic architects sculpt reality from the clay of existence, crafting worlds within worlds
Cosmic consciousness emanates, imprinting cosmic imageries within the infinite expanse of the universe
Cosmic consciousness pulsates through the void, birthing universes in an eternal dance of creation
Cosmic energies converge, birthing nebulous realms within the boundless expanse of eternity
Cosmic energies intermingle, painting the void with hues of celestial resonance
Cosmic harmonies echo through dimensions, harmonizing the symphony of universal existence
Cosmic melodies resonate, harmonizing the symphony of cosmic interconnectedness across realms
Cosmic melodies resonate, harmonizing the universal symphony of cosmic interconnectedness
Cosmic symphonies harmonize with the rhythm of universal existence, resonating through space and time
Cosmic symphonies harmonize with the rhythm of universal existence, resonating through the tapestry of reality
Cosmic vibrations pulsate, permeating the cosmic fabric with transient waves of existence
Cosmic vibrations resonate, weaving the fabric of reality with ephemeral threads of existence
Cosmic visions manifest as ephemeral dreams, weaving narratives of celestial imagination
Dimensions converge, blurring boundaries and creating intersections of alternate realities
Dreams merge into reality, blurring boundaries and creating a surreal existence
Echoes linger as tangible remnants, shaping environments with reverberating memories
Echoes of forgotten realms linger in the cosmic fabric, revealing glimpses of ancient wisdom
Echoes of past lives linger in the cosmic ether, leaving imprints on the tapestry of existence
Elements gain sentience, communicating through elemental interactions and transformations
Emotions gain physical form, swirling and morphing into abstract sculptures
Emotions manifest as weather patterns, influencing landscapes with their intensity
Emotions sculpt reality, transforming landscapes into reflective manifestations of inner states
Energy ripples through existence, revealing interconnections among all matter
Ethereal energies pulsate, guiding cosmic voyagers through the cosmic web of interconnected realms
Ethereal entities transcend, traversing the cosmic abyss in pursuit of cosmic enlightenment
Ethereal entities traverse the cosmic expanse, painting the canvas of reality with imaginations brushstrokes
Ethereal entities traverse the cosmic expanse, sculpting reality with the touch of imagination
Ethereal patterns materialize, sculpting transient formations within the cosmic gallery of existence
Ethereal whispers echo through the cosmic void, imparting cosmic revelations across the cosmos
Existence becomes a labyrinth of interconnected pathways, leading to diverse realities
Existence ebbs and flows like a cosmic tide, revealing transient glimpses of universal truths
Fragments of the past collide with the present, creating temporal disturbances
Gravity becomes a variable, altering perceptions and causing floating phenomena
Harmonic frequencies intertwine, creating symphonies that resonate through the cosmic expanse
Harmonic frequencies resonate with emotions, shaping environments in harmonic resonance
Imagination sculpts landscapes, bending reality to match the minds creative whims
Language transforms into musical notes, communicating beyond spoken words
Memories create alternate dimensions, accessible through vivid recollections
Minds meld into a shared consciousness, intertwining thoughts in a collective mental space
Minds merge into a shared consciousness, experiencing a unified perception of existence
Perception shifts as reality becomes a mirage, morphing under changing perspectives
Probability waves shape outcomes, creating a tapestry of fluctuating possibilities
Quantum echoes linger, imprinting transient patterns within the cosmic tapestry of eternity
Quantum echoes reverberate through existence, leaving traces of alternate possibilities in their wake
Quantum echoes reverberate, imprinting transient imageries within the cosmic archive of eternity
Quantum echoes ripple through the void, leaving traces of alternate realities in their wake
Quantum entanglement weaves interconnected destinies, entwining fates in an intricate cosmic dance
Quantum fluctuations dance, creating ephemeral patterns within the cosmic tapestry of reality
Quantum fluctuations distort perception, unveiling hidden layers of reality within the fabric of existence
Quantum fluctuations distort perceptions, causing visual distortions and illusions
Quantum fluctuations warp perception, revealing fractal realities within the cosmic multiverse
Quantum pathways converge, creating intricate lattices within the cosmic structure of existence
Quantum ripples distort reality, creating temporary fluctuations in the fabric of existence
Quantum ripples distort the cosmic fabric, creating transient rifts within the tapestry of existence
Realities converge at the quantum level, birthing kaleidoscopic variations of cosmic possibilities
Reality becomes a canvas, morphing at the whims of collective imagination
Reality bends at the edges of perception, revealing glimpses of the infinite within the finite
Reality bends under the weight of perception, reshaping in accordance with collective beliefs
Reality ebbs and flows like a cosmic tide, revealing transient glimpses of universal truths
Reality flickers like a cosmic candle flame, casting fleeting shadows of existence
Reality fractures into kaleidoscopic dimensions, each reflecting divergent possibilities
Reality fragments into shards of experience, each containing echoes of alternate existences
Reality morphs into fractal patterns, infinitely replicating within the fabric of existence
Realms of thought intertwine, creating lattices of shared consciousness across the cosmos
Sentient dreams traverse dimensions, creating landscapes from the ethereal fabric of imagination
Sentient energy entities traverse the cosmos, embodying ethereal forms beyond comprehension
Sentient nebulae weave cosmic tales, sharing ancient wisdom through celestial whispers
Shadows gain autonomy, reflecting hidden desires and fears as sentient entities
Shadows morph into sentient entities, conveying unspoken emotions through intricate movements
Silence becomes tangible, shaping spaces and interactions with soundlessness
Sound becomes tangible, weaving intricate patterns in a symphony of touch
Soundscapes create landscapes, painting environments with auditory compositions
Symbols materialize as gateways, unlocking access to hidden realms of the mind
The cosmic canvas breathes with ephemeral strokes, painting transient hues of celestial significance
The cosmic symphony resonates through dimensions, harmonizing the universal composition of existence
The cosmic veil shimmers with cosmic echoes, revealing transient glimpses of celestial knowledge
The sky pulsates with emotions, mirroring humanitys collective consciousness
The universe breathes with cosmic rhythms, pulsating in an eternal dance of creation and destruction
The universe pulsates with cosmic vibrations, resonating with the rhythm of existence
The void between thoughts reveals alternate realms, accessible through mental stillness
Thought waves traverse dimensions, resonating across cosmic landscapes in an ethereal symphony
Thoughts intertwine in a tapestry of interconnected consciousness, weaving a shared reality
Thoughts materialize as tangible objects, shaping environments based on mental states
Time fractures into non-linear sequences, reshaping past, present, and future interactions
Time shimmers like a celestial tapestry, weaving moments of existence into a cosmic narrative
Transcendent beings project consciousness across dimensions, exploring the intricacies of the multiverse
Transcendent beings project consciousness across dimensions, exploring the multiverses infinite expanses
