{
  "last_node_id": 133,
  "last_link_id": 229,
  "nodes": [
    {
      "id": 25,
      "type": "MaskToImage",
      "pos": [
        2410,
        630
      ],
      "size": {
        "0": 210,
        "1": 26
      },
      "flags": {},
      "order": 20,
      "mode": 0,
      "inputs": [
        {
          "name": "mask",
          "type": "MASK",
          "link": 31
        }
      ],
      "outputs": [
        {
          "name": "IMAGE",
          "type": "IMAGE",
          "links": [
            32
          ],
          "slot_index": 0,
          "shape": 3
        }
      ],
      "properties": {
        "Node name for S&R": "MaskToImage"
      }
    },
    {
      "id": 27,
      "type": "PreviewImage",
      "pos": [
        2420,
        1320
      ],
      "size": {
        "0": 210,
        "1": 246
      },
      "flags": {},
      "order": 22,
      "mode": 0,
      "inputs": [
        {
          "name": "images",
          "type": "IMAGE",
          "link": 33
        }
      ],
      "properties": {
        "Node name for S&R": "PreviewImage"
      }
    },
    {
      "id": 26,
      "type": "PreviewImage",
      "pos": [
        2420,
        720
      ],
      "size": {
        "0": 210,
        "1": 246
      },
      "flags": {},
      "order": 26,
      "mode": 0,
      "inputs": [
        {
          "name": "images",
          "type": "IMAGE",
          "link": 32
        }
      ],
      "properties": {
        "Node name for S&R": "PreviewImage"
      }
    },
    {
      "id": 23,
      "type": "PreviewImage",
      "pos": [
        2410,
        300
      ],
      "size": {
        "0": 210,
        "1": 246
      },
      "flags": {},
      "order": 18,
      "mode": 0,
      "inputs": [
        {
          "name": "images",
          "type": "IMAGE",
          "link": 29
        }
      ],
      "properties": {
        "Node name for S&R": "PreviewImage"
      }
    },
    {
      "id": 24,
      "type": "PreviewImage",
      "pos": [
        2420,
        1010
      ],
      "size": {
        "0": 210,
        "1": 246
      },
      "flags": {},
      "order": 19,
      "mode": 0,
      "inputs": [
        {
          "name": "images",
          "type": "IMAGE",
          "link": 30
        }
      ],
      "properties": {
        "Node name for S&R": "PreviewImage"
      }
    },
    {
      "id": 20,
      "type": "UltralyticsDetectorProvider",
      "pos": [
        1450,
        400
      ],
      "size": {
        "0": 315,
        "1": 78
      },
      "flags": {},
      "order": 0,
      "mode": 0,
      "outputs": [
        {
          "name": "BBOX_DETECTOR",
          "type": "BBOX_DETECTOR",
          "links": [
            39
          ],
          "slot_index": 0,
          "shape": 3
        },
        {
          "name": "SEGM_DETECTOR",
          "type": "SEGM_DETECTOR",
          "links": null,
          "slot_index": 1,
          "shape": 3
        }
      ],
      "properties": {
        "Node name for S&R": "UltralyticsDetectorProvider"
      },
      "widgets_values": [
        "bbox/face_yolov8s.pt"
      ]
    },
    {
      "id": 29,
      "type": "UltralyticsDetectorProvider",
      "pos": [
        1450,
        690
      ],
      "size": {
        "0": 315,
        "1": 78
      },
      "flags": {},
      "order": 1,
      "mode": 4,
      "outputs": [
        {
          "name": "BBOX_DETECTOR",
          "type": "BBOX_DETECTOR",
          "links": [],
          "slot_index": 0,
          "shape": 3
        },
        {
          "name": "SEGM_DETECTOR",
          "type": "SEGM_DETECTOR",
          "links": [
            35
          ],
          "slot_index": 1,
          "shape": 3
        }
      ],
      "properties": {
        "Node name for S&R": "UltralyticsDetectorProvider"
      },
      "widgets_values": [
        "segm/face_yolov8m-seg_60.pt"
      ]
    },
    {
      "id": 16,
      "type": "SAMLoader",
      "pos": [
        1460,
        540
      ],
      "size": {
        "0": 307.0718994140625,
        "1": 82
      },
      "flags": {},
      "order": 2,
      "mode": 0,
      "outputs": [
        {
          "name": "SAM_MODEL",
          "type": "SAM_MODEL",
          "links": [
            25
          ],
          "slot_index": 0,
          "shape": 3
        }
      ],
      "properties": {
        "Node name for S&R": "SAMLoader"
      },
      "widgets_values": [
        "sam_vit_b_01ec64.pth",
        "AUTO"
      ]
    },
    {
      "id": 60,
      "type": "PreviewImage",
      "pos": [
        2289.4807389932876,
        2953.6139328345052
      ],
      "size": {
        "0": 210,
        "1": 246
      },
      "flags": {},
      "order": 39,
      "mode": 0,
      "inputs": [
        {
          "name": "images",
          "type": "IMAGE",
          "link": 86
        }
      ],
      "properties": {
        "Node name for S&R": "PreviewImage"
      }
    },
    {
      "id": 61,
      "type": "Image Comparer (rgthree)",
      "pos": {
        "0": 2846.4814453125,
        "1": 2302.61376953125,
        "2": 0,
        "3": 0,
        "4": 0,
        "5": 0,
        "6": 0,
        "7": 0,
        "8": 0,
        "9": 0
      },
      "size": {
        "0": 477.1533508300781,
        "1": 451.83966064453125
      },
      "flags": {},
      "order": 33,
      "mode": 0,
      "inputs": [
        {
          "name": "image_a",
          "type": "IMAGE",
          "link": 87,
          "dir": 3
        },
        {
          "name": "image_b",
          "type": "IMAGE",
          "link": 88,
          "dir": 3
        }
      ],
      "outputs": [],
      "properties": {
        "comparer_mode": "Slide"
      },
      "widgets_values": [
        [
          {
            "name": "A",
            "selected": true,
            "url": "/api/view?filename=rgthree.compare._temp_ngond_00001_.png&type=temp&subfolder=&rand=0.4491209383819472"
          },
          {
            "name": "B",
            "selected": true,
            "url": "/api/view?filename=rgthree.compare._temp_ngond_00002_.png&type=temp&subfolder=&rand=0.028462797701916065"
          }
        ]
      ]
    },
    {
      "id": 63,
      "type": "SaveImage",
      "pos": [
        2846.4807389932876,
        2848.6139328345052
      ],
      "size": [
        315,
        270.0000810623169
      ],
      "flags": {},
      "order": 34,
      "mode": 0,
      "inputs": [
        {
          "name": "images",
          "type": "IMAGE",
          "link": 89
        }
      ],
      "properties": {
        "Node name for S&R": "SaveImage"
      },
      "widgets_values": [
        "ComfyUI"
      ]
    },
    {
      "id": 11,
      "type": "FaceDetailer",
      "pos": [
        1840,
        230
      ],
      "size": {
        "0": 519,
        "1": 900
      },
      "flags": {},
      "order": 15,
      "mode": 0,
      "inputs": [
        {
          "name": "image",
          "type": "IMAGE",
          "link": 19
        },
        {
          "name": "model",
          "type": "MODEL",
          "link": 20
        },
        {
          "name": "clip",
          "type": "CLIP",
          "link": 24
        },
        {
          "name": "vae",
          "type": "VAE",
          "link": 23
        },
        {
          "name": "positive",
          "type": "CONDITIONING",
          "link": 21
        },
        {
          "name": "negative",
          "type": "CONDITIONING",
          "link": 22
        },
        {
          "name": "bbox_detector",
          "type": "BBOX_DETECTOR",
          "link": 39,
          "slot_index": 6
        },
        {
          "name": "sam_model_opt",
          "type": "SAM_MODEL",
          "link": 25
        },
        {
          "name": "segm_detector_opt",
          "type": "SEGM_DETECTOR",
          "link": 35,
          "slot_index": 8
        },
        {
          "name": "detailer_hook",
          "type": "DETAILER_HOOK",
          "link": null
        },
        {
          "name": "scheduler_func_opt",
          "type": "SCHEDULER_FUNC",
          "link": null
        }
      ],
      "outputs": [
        {
          "name": "image",
          "type": "IMAGE",
          "links": [
            48,
            54,
            90
          ],
          "slot_index": 0,
          "shape": 3
        },
        {
          "name": "cropped_refined",
          "type": "IMAGE",
          "links": [
            29
          ],
          "slot_index": 1,
          "shape": 6
        },
        {
          "name": "cropped_enhanced_alpha",
          "type": "IMAGE",
          "links": [
            30
          ],
          "slot_index": 2,
          "shape": 6
        },
        {
          "name": "mask",
          "type": "MASK",
          "links": [
            31
          ],
          "slot_index": 3,
          "shape": 3
        },
        {
          "name": "detailer_pipe",
          "type": "DETAILER_PIPE",
          "links": [
            47
          ],
          "slot_index": 4,
          "shape": 3
        },
        {
          "name": "cnet_images",
          "type": "IMAGE",
          "links": [
            33
          ],
          "slot_index": 5,
          "shape": 6
        }
      ],
      "properties": {
        "Node name for S&R": "FaceDetailer"
      },
      "widgets_values": [
        512,
        true,
        1024,
        1066334715357746,
        "fixed",
        16,
        7,
        "dpmpp_2m",
        "AYS SDXL",
        0.8,
        45,
        true,
        true,
        0.8,
        10,
        3,
        "center-1",
        0,
        0.93,
        0,
        0.7000000000000001,
        "False",
        10,
        "",
        1,
        false,
        20,
        true
      ]
    },
    {
      "id": 64,
      "type": "SaveImage",
      "pos": [
        2730,
        230
      ],
      "size": {
        "0": 647.5716552734375,
        "1": 619.873046875
      },
      "flags": {},
      "order": 17,
      "mode": 0,
      "inputs": [
        {
          "name": "images",
          "type": "IMAGE",
          "link": 90
        }
      ],
      "properties": {
        "Node name for S&R": "SaveImage"
      },
      "widgets_values": [
        "ComfyUI"
      ]
    },
    {
      "id": 57,
      "type": "PreviewImage",
      "pos": [
        2289.4807389932876,
        2643.6139328345052
      ],
      "size": {
        "0": 210,
        "1": 246
      },
      "flags": {},
      "order": 37,
      "mode": 0,
      "inputs": [
        {
          "name": "images",
          "type": "IMAGE",
          "link": 83
        }
      ],
      "properties": {
        "Node name for S&R": "PreviewImage"
      }
    },
    {
      "id": 59,
      "type": "PreviewImage",
      "pos": [
        2579.4807389932876,
        2583.6139328345052
      ],
      "size": {
        "0": 210,
        "1": 246
      },
      "flags": {},
      "order": 44,
      "mode": 0,
      "inputs": [
        {
          "name": "images",
          "type": "IMAGE",
          "link": 85
        }
      ],
      "properties": {
        "Node name for S&R": "PreviewImage"
      }
    },
    {
      "id": 47,
      "type": "MediaPipeFaceMeshDetectorProvider //Inspire",
      "pos": [
        1313.4807389932903,
        2473.6139328345052
      ],
      "size": {
        "0": 315,
        "1": 270
      },
      "flags": {},
      "order": 3,
      "mode": 0,
      "outputs": [
        {
          "name": "BBOX_DETECTOR",
          "type": "BBOX_DETECTOR",
          "links": [
            64
          ],
          "slot_index": 0,
          "shape": 3
        },
        {
          "name": "SEGM_DETECTOR",
          "type": "SEGM_DETECTOR",
          "links": [
            65
          ],
          "slot_index": 1,
          "shape": 3
        }
      ],
      "properties": {
        "Node name for S&R": "MediaPipeFaceMeshDetectorProvider //Inspire"
      },
      "widgets_values": [
        10,
        false,
        true,
        true,
        true,
        false,
        true,
        true,
        false
      ]
    },
    {
      "id": 65,
      "type": "GoogleTranslateCLIPTextEncodeNode",
      "pos": [
        1305.4807389932903,
        2176.613932834506
      ],
      "size": {
        "0": 319.20001220703125,
        "1": 192.0000762939453
      },
      "flags": {},
      "order": 25,
      "mode": 0,
      "inputs": [
        {
          "name": "clip",
          "type": "CLIP",
          "link": 227
        }
      ],
      "outputs": [
        {
          "name": "CONDITIONING",
          "type": "CONDITIONING",
          "links": [
            91
          ],
          "slot_index": 0,
          "shape": 3
        },
        {
          "name": "STRING",
          "type": "STRING",
          "links": null,
          "shape": 3
        }
      ],
      "properties": {
        "Node name for S&R": "GoogleTranslateCLIPTextEncodeNode"
      },
      "widgets_values": [
        "auto",
        "en",
        false,
        "Manual Trasnlate",
        "женское лицо",
        true
      ],
      "color": "#232",
      "bgcolor": "#353"
    },
    {
      "id": 58,
      "type": "MaskToImage",
      "pos": [
        2579.4807389932876,
        2503.6139328345052
      ],
      "size": {
        "0": 210,
        "1": 26
      },
      "flags": {},
      "order": 38,
      "mode": 0,
      "inputs": [
        {
          "name": "mask",
          "type": "MASK",
          "link": 84
        }
      ],
      "outputs": [
        {
          "name": "IMAGE",
          "type": "IMAGE",
          "links": [
            85
          ],
          "slot_index": 0,
          "shape": 3
        }
      ],
      "properties": {
        "Node name for S&R": "MaskToImage"
      }
    },
    {
      "id": 89,
      "type": "MaskToImage",
      "pos": [
        666.6716336858286,
        4354.38852667715
      ],
      "size": {
        "0": 210,
        "1": 26
      },
      "flags": {},
      "order": 49,
      "mode": 0,
      "inputs": [
        {
          "name": "mask",
          "type": "MASK",
          "link": 131
        }
      ],
      "outputs": [
        {
          "name": "IMAGE",
          "type": "IMAGE",
          "links": [
            132
          ],
          "slot_index": 0,
          "shape": 3
        }
      ],
      "properties": {
        "Node name for S&R": "MaskToImage"
      }
    },
    {
      "id": 90,
      "type": "PreviewImage",
      "pos": [
        906.6716336858291,
        4354.38852667715
      ],
      "size": {
        "0": 210,
        "1": 246
      },
      "flags": {},
      "order": 51,
      "mode": 0,
      "inputs": [
        {
          "name": "images",
          "type": "IMAGE",
          "link": 132
        }
      ],
      "properties": {
        "Node name for S&R": "PreviewImage"
      }
    },
    {
      "id": 85,
      "type": "Yoloworld_ModelLoader_Zho",
      "pos": [
        336.6716336858278,
        3874.388526677147
      ],
      "size": {
        "0": 315,
        "1": 58
      },
      "flags": {},
      "order": 4,
      "mode": 0,
      "outputs": [
        {
          "name": "yolo_world_model",
          "type": "YOLOWORLDMODEL",
          "links": [
            126
          ],
          "slot_index": 0,
          "shape": 3
        }
      ],
      "properties": {
        "Node name for S&R": "Yoloworld_ModelLoader_Zho"
      },
      "widgets_values": [
        "yolo_world/l"
      ],
      "color": "#2a363b",
      "bgcolor": "#3f5159"
    },
    {
      "id": 87,
      "type": "ESAM_ModelLoader_Zho",
      "pos": [
        316.6716336858278,
        4014.3885266771495
      ],
      "size": {
        "0": 315,
        "1": 58
      },
      "flags": {},
      "order": 5,
      "mode": 0,
      "outputs": [
        {
          "name": "esam_model",
          "type": "ESAMMODEL",
          "links": [
            127
          ],
          "shape": 3
        }
      ],
      "properties": {
        "Node name for S&R": "ESAM_ModelLoader_Zho"
      },
      "widgets_values": [
        "CUDA"
      ],
      "color": "#2a363b",
      "bgcolor": "#3f5159"
    },
    {
      "id": 95,
      "type": "PreviewTextNode",
      "pos": [
        736.6716336858287,
        3634.388526677146
      ],
      "size": {
        "0": 238.60044860839844,
        "1": 104.25927734375
      },
      "flags": {},
      "order": 46,
      "mode": 0,
      "inputs": [
        {
          "name": "text",
          "type": "STRING",
          "link": 143,
          "slot_index": 0,
          "widget": {
            "name": "text"
          }
        }
      ],
      "outputs": [
        {
          "name": "STRING",
          "type": "STRING",
          "links": [],
          "slot_index": 0,
          "shape": 3
        }
      ],
      "properties": {
        "Node name for S&R": "PreviewTextNode"
      },
      "widgets_values": [
        "",
        "hair"
      ],
      "color": "#232",
      "bgcolor": "#353"
    },
    {
      "id": 86,
      "type": "Yoloworld_ESAM_Zho",
      "pos": [
        736.6716336858287,
        3874.388526677147
      ],
      "size": {
        "0": 400,
        "1": 400
      },
      "flags": {},
      "order": 45,
      "mode": 0,
      "inputs": [
        {
          "name": "yolo_world_model",
          "type": "YOLOWORLDMODEL",
          "link": 126
        },
        {
          "name": "esam_model",
          "type": "ESAMMODEL",
          "link": 127,
          "slot_index": 1
        },
        {
          "name": "image",
          "type": "IMAGE",
          "link": 128
        },
        {
          "name": "categories",
          "type": "STRING",
          "link": 142,
          "widget": {
            "name": "categories"
          }
        }
      ],
      "outputs": [
        {
          "name": "IMAGE",
          "type": "IMAGE",
          "links": [
            130
          ],
          "slot_index": 0,
          "shape": 3
        },
        {
          "name": "MASK",
          "type": "MASK",
          "links": [
            131,
            195
          ],
          "slot_index": 1,
          "shape": 3
        }
      ],
      "properties": {
        "Node name for S&R": "Yoloworld_ESAM_Zho"
      },
      "widgets_values": [
        "spacecraft",
        0.01,
        0.1,
        2,
        2,
        1,
        true,
        false,
        true,
        false,
        true,
        0,
        true
      ],
      "color": "#2a363b",
      "bgcolor": "#3f5159"
    },
    {
      "id": 122,
      "type": "PreviewImage",
      "pos": [
        2373.680264865618,
        3626.4080503965174
      ],
      "size": {
        "0": 312.2630615234375,
        "1": 376.42388916015625
      },
      "flags": {},
      "order": 55,
      "mode": 0,
      "inputs": [
        {
          "name": "images",
          "type": "IMAGE",
          "link": 194
        }
      ],
      "properties": {
        "Node name for S&R": "PreviewImage"
      }
    },
    {
      "id": 121,
      "type": "MaskToSEGS",
      "pos": [
        1843.6802648656226,
        3596.408050396517
      ],
      "size": {
        "0": 315,
        "1": 154
      },
      "flags": {},
      "order": 53,
      "mode": 0,
      "inputs": [
        {
          "name": "mask",
          "type": "MASK",
          "link": 205
        }
      ],
      "outputs": [
        {
          "name": "SEGS",
          "type": "SEGS",
          "links": [
            188
          ],
          "slot_index": 0,
          "shape": 3
        }
      ],
      "properties": {
        "Node name for S&R": "MaskToSEGS"
      },
      "widgets_values": [
        false,
        3,
        false,
        10,
        false
      ]
    },
    {
      "id": 123,
      "type": "GoogleTranslateCLIPTextEncodeNode",
      "pos": [
        1475.6802648656237,
        3999.408050396521
      ],
      "size": {
        "0": 319.20001220703125,
        "1": 196.99990844726562
      },
      "flags": {},
      "order": 40,
      "mode": 0,
      "inputs": [
        {
          "name": "clip",
          "type": "CLIP",
          "link": 198
        }
      ],
      "outputs": [
        {
          "name": "CONDITIONING",
          "type": "CONDITIONING",
          "links": [
            197
          ],
          "slot_index": 0,
          "shape": 3
        },
        {
          "name": "STRING",
          "type": "STRING",
          "links": [],
          "slot_index": 1,
          "shape": 3
        }
      ],
      "properties": {
        "Node name for S&R": "GoogleTranslateCLIPTextEncodeNode"
      },
      "widgets_values": [
        "auto",
        "en",
        false,
        "Manual Trasnlate",
        "светлые волосы",
        true
      ],
      "color": "#232",
      "bgcolor": "#353"
    },
    {
      "id": 124,
      "type": "GoogleTranslateCLIPTextEncodeNode",
      "pos": [
        1478.6802648656237,
        4253.4080503965215
      ],
      "size": {
        "0": 319.20001220703125,
        "1": 197.00015258789062
      },
      "flags": {},
      "order": 41,
      "mode": 0,
      "inputs": [
        {
          "name": "clip",
          "type": "CLIP",
          "link": 201
        }
      ],
      "outputs": [
        {
          "name": "CONDITIONING",
          "type": "CONDITIONING",
          "links": [
            200
          ],
          "slot_index": 0,
          "shape": 3
        },
        {
          "name": "STRING",
          "type": "STRING",
          "links": [],
          "slot_index": 1,
          "shape": 3
        }
      ],
      "properties": {
        "Node name for S&R": "GoogleTranslateCLIPTextEncodeNode"
      },
      "widgets_values": [
        "auto",
        "en",
        false,
        "Manual Trasnlate",
        "головной убор, наушники",
        true
      ],
      "color": "#322",
      "bgcolor": "#533"
    },
    {
      "id": 88,
      "type": "PreviewImage",
      "pos": [
        346.6716336858278,
        4354.38852667715
      ],
      "size": {
        "0": 278.6319580078125,
        "1": 246
      },
      "flags": {},
      "order": 48,
      "mode": 0,
      "inputs": [
        {
          "name": "images",
          "type": "IMAGE",
          "link": 130
        }
      ],
      "properties": {
        "Node name for S&R": "PreviewImage"
      }
    },
    {
      "id": 98,
      "type": "Reroute",
      "pos": [
        94.67163368582752,
        3854.388526677147
      ],
      "size": [
        82,
        26
      ],
      "flags": {},
      "order": 35,
      "mode": 0,
      "inputs": [
        {
          "name": "",
          "type": "*",
          "link": 199
        }
      ],
      "outputs": [
        {
          "name": "IMAGE",
          "type": "IMAGE",
          "links": [
            128,
            137
          ]
        }
      ],
      "properties": {
        "showOutputText": true,
        "horizontal": false
      }
    },
    {
      "id": 99,
      "type": "GoogleTranslateCLIPTextEncodeNode",
      "pos": [
        346.6716336858278,
        3594.3885266771454
      ],
      "size": {
        "0": 319.20001220703125,
        "1": 196.99990844726562
      },
      "flags": {},
      "order": 42,
      "mode": 0,
      "inputs": [
        {
          "name": "clip",
          "type": "CLIP",
          "link": 202
        }
      ],
      "outputs": [
        {
          "name": "CONDITIONING",
          "type": "CONDITIONING",
          "links": [],
          "slot_index": 0,
          "shape": 3
        },
        {
          "name": "STRING",
          "type": "STRING",
          "links": [
            142,
            143
          ],
          "slot_index": 1,
          "shape": 3
        }
      ],
      "properties": {
        "Node name for S&R": "GoogleTranslateCLIPTextEncodeNode"
      },
      "widgets_values": [
        "auto",
        "en",
        false,
        "Manual Trasnlate",
        "волосы",
        true
      ],
      "color": "#232",
      "bgcolor": "#353"
    },
    {
      "id": 101,
      "type": "Pipe from any [Crystools]",
      "pos": [
        1383.6802648656235,
        3616.4080503965174
      ],
      "size": {
        "0": 216.59999084472656,
        "1": 146
      },
      "flags": {},
      "order": 31,
      "mode": 0,
      "inputs": [
        {
          "name": "CPipeAny",
          "type": "CPipeAny",
          "link": 146
        }
      ],
      "outputs": [
        {
          "name": "CPipeAny",
          "type": "CPipeAny",
          "links": null,
          "shape": 3
        },
        {
          "name": "any_1",
          "type": "*",
          "links": [
            189
          ],
          "slot_index": 1,
          "shape": 3,
          "label": "MODEL"
        },
        {
          "name": "any_2",
          "type": "*",
          "links": [
            198,
            201
          ],
          "slot_index": 2,
          "shape": 3,
          "label": "CLIP"
        },
        {
          "name": "any_3",
          "type": "*",
          "links": [
            190,
            193
          ],
          "slot_index": 3,
          "shape": 3,
          "label": "VAE"
        },
        {
          "name": "any_4",
          "type": "*",
          "links": [],
          "slot_index": 4,
          "shape": 3,
          "label": "POS"
        },
        {
          "name": "any_5",
          "type": "*",
          "links": [],
          "slot_index": 5,
          "shape": 3,
          "label": "NEG"
        },
        {
          "name": "any_6",
          "type": "*",
          "links": null,
          "shape": 3,
          "label": "IMG"
        }
      ],
      "properties": {
        "Node name for S&R": "Pipe from any [Crystools]"
      },
      "color": "#432",
      "bgcolor": "#653"
    },
    {
      "id": 97,
      "type": "Reroute",
      "pos": [
        1181.6716336858285,
        3697.3885266771463
      ],
      "size": [
        75,
        26
      ],
      "flags": {},
      "order": 50,
      "mode": 0,
      "inputs": [
        {
          "name": "",
          "type": "*",
          "link": 195
        }
      ],
      "outputs": [
        {
          "name": "MASK",
          "type": "MASK",
          "links": [
            203
          ],
          "slot_index": 0
        }
      ],
      "properties": {
        "showOutputText": true,
        "horizontal": false
      }
    },
    {
      "id": 96,
      "type": "Reroute",
      "pos": [
        1177.6716336858285,
        3755.388526677147
      ],
      "size": [
        82,
        26
      ],
      "flags": {},
      "order": 43,
      "mode": 0,
      "inputs": [
        {
          "name": "",
          "type": "*",
          "link": 137
        }
      ],
      "outputs": [
        {
          "name": "IMAGE",
          "type": "IMAGE",
          "links": [
            204
          ],
          "slot_index": 0
        }
      ],
      "properties": {
        "showOutputText": true,
        "horizontal": false
      }
    },
    {
      "id": 127,
      "type": "Reroute",
      "pos": [
        1394.6802648656235,
        3834.4080503965197
      ],
      "size": [
        75,
        26
      ],
      "flags": {},
      "order": 52,
      "mode": 0,
      "inputs": [
        {
          "name": "",
          "type": "*",
          "link": 203
        }
      ],
      "outputs": [
        {
          "name": "MASK",
          "type": "MASK",
          "links": [
            205
          ],
          "slot_index": 0
        }
      ],
      "properties": {
        "showOutputText": true,
        "horizontal": false
      }
    },
    {
      "id": 126,
      "type": "Reroute",
      "pos": [
        1387.6802648656235,
        3890.4080503965206
      ],
      "size": [
        82,
        26
      ],
      "flags": {},
      "order": 47,
      "mode": 0,
      "inputs": [
        {
          "name": "",
          "type": "*",
          "link": 204
        }
      ],
      "outputs": [
        {
          "name": "IMAGE",
          "type": "IMAGE",
          "links": [
            206
          ],
          "slot_index": 0
        }
      ],
      "properties": {
        "showOutputText": true,
        "horizontal": false
      }
    },
    {
      "id": 125,
      "type": "Pipe from any [Crystools]",
      "pos": [
        89.32066709591747,
        3662.7844629917513
      ],
      "size": {
        "0": 216.59999084472656,
        "1": 146
      },
      "flags": {},
      "order": 32,
      "mode": 0,
      "inputs": [
        {
          "name": "CPipeAny",
          "type": "CPipeAny",
          "link": 207
        }
      ],
      "outputs": [
        {
          "name": "CPipeAny",
          "type": "CPipeAny",
          "links": null,
          "shape": 3
        },
        {
          "name": "any_1",
          "type": "*",
          "links": [],
          "slot_index": 1,
          "shape": 3,
          "label": "MODEL"
        },
        {
          "name": "any_2",
          "type": "*",
          "links": [
            202
          ],
          "slot_index": 2,
          "shape": 3,
          "label": "CLIP"
        },
        {
          "name": "any_3",
          "type": "*",
          "links": [],
          "slot_index": 3,
          "shape": 3,
          "label": "VAE"
        },
        {
          "name": "any_4",
          "type": "*",
          "links": [],
          "slot_index": 4,
          "shape": 3,
          "label": "POS"
        },
        {
          "name": "any_5",
          "type": "*",
          "links": [],
          "slot_index": 5,
          "shape": 3,
          "label": "NEG"
        },
        {
          "name": "any_6",
          "type": "*",
          "links": null,
          "shape": 3,
          "label": "IMG"
        }
      ],
      "properties": {
        "Node name for S&R": "Pipe from any [Crystools]"
      },
      "color": "#432",
      "bgcolor": "#653"
    },
    {
      "id": 7,
      "type": "KSampler (Efficient)",
      "pos": [
        970,
        230
      ],
      "size": {
        "0": 330,
        "1": 560
      },
      "flags": {},
      "order": 13,
      "mode": 0,
      "inputs": [
        {
          "name": "model",
          "type": "MODEL",
          "link": 12
        },
        {
          "name": "positive",
          "type": "CONDITIONING",
          "link": 13
        },
        {
          "name": "negative",
          "type": "CONDITIONING",
          "link": 14
        },
        {
          "name": "latent_image",
          "type": "LATENT",
          "link": 15,
          "slot_index": 3
        },
        {
          "name": "optional_vae",
          "type": "VAE",
          "link": 16
        },
        {
          "name": "script",
          "type": "SCRIPT",
          "link": null,
          "slot_index": 5
        },
        {
          "name": "seed",
          "type": "INT",
          "link": 17,
          "widget": {
            "name": "seed"
          }
        }
      ],
      "outputs": [
        {
          "name": "MODEL",
          "type": "MODEL",
          "links": [
            20
          ],
          "slot_index": 0,
          "shape": 3
        },
        {
          "name": "CONDITIONING+",
          "type": "CONDITIONING",
          "links": [
            21,
            208
          ],
          "slot_index": 1,
          "shape": 3
        },
        {
          "name": "CONDITIONING-",
          "type": "CONDITIONING",
          "links": [
            22,
            209
          ],
          "slot_index": 2,
          "shape": 3
        },
        {
          "name": "LATENT",
          "type": "LATENT",
          "links": [],
          "slot_index": 3,
          "shape": 3
        },
        {
          "name": "VAE",
          "type": "VAE",
          "links": [
            23
          ],
          "slot_index": 4,
          "shape": 3
        },
        {
          "name": "IMAGE",
          "type": "IMAGE",
          "links": [
            19
          ],
          "slot_index": 5,
          "shape": 3
        }
      ],
      "properties": {
        "Node name for S&R": "KSampler (Efficient)"
      },
      "widgets_values": [
        366033418905938,
        null,
        20,
        6,
        "dpmpp_2m",
        "karras",
        1,
        "auto",
        "true",
        null
      ],
      "color": "#2a363b",
      "bgcolor": "#3f5159",
      "shape": 1
    },
    {
      "id": 129,
      "type": "Pipe to/edit any [Crystools]",
      "pos": [
        1300,
        920
      ],
      "size": {
        "0": 216.59999084472656,
        "1": 146
      },
      "flags": {},
      "order": 14,
      "mode": 0,
      "inputs": [
        {
          "name": "CPipeAny",
          "type": "CPipeAny",
          "link": null
        },
        {
          "name": "any_1",
          "type": "*",
          "link": 212,
          "label": "MODEL"
        },
        {
          "name": "any_2",
          "type": "*",
          "link": 210,
          "label": "CLIP"
        },
        {
          "name": "any_3",
          "type": "*",
          "link": 211,
          "label": "VAE"
        },
        {
          "name": "any_4",
          "type": "*",
          "link": 208,
          "label": "POS"
        },
        {
          "name": "any_5",
          "type": "*",
          "link": 209,
          "label": "NEG"
        },
        {
          "name": "any_6",
          "type": "*",
          "link": null,
          "label": "IMG"
        }
      ],
      "outputs": [
        {
          "name": "CPipeAny",
          "type": "CPipeAny",
          "links": [
            213
          ],
          "slot_index": 0,
          "shape": 3
        }
      ],
      "properties": {
        "Node name for S&R": "Pipe to/edit any [Crystools]"
      },
      "color": "#432",
      "bgcolor": "#653"
    },
    {
      "id": 53,
      "type": "SDXLPromptStyler",
      "pos": [
        449.48073899328904,
        2663.6139328345052
      ],
      "size": {
        "0": 324.5039978027344,
        "1": 205.0833740234375
      },
      "flags": {},
      "order": 10,
      "mode": 0,
      "inputs": [
        {
          "name": "text_positive",
          "type": "STRING",
          "link": 74,
          "widget": {
            "name": "text_positive"
          }
        }
      ],
      "outputs": [
        {
          "name": "text_positive",
          "type": "STRING",
          "links": [
            217
          ],
          "slot_index": 0,
          "shape": 3
        },
        {
          "name": "text_negative",
          "type": "STRING",
          "links": [
            218
          ],
          "slot_index": 1,
          "shape": 3
        }
      ],
      "properties": {
        "Node name for S&R": "SDXLPromptStyler"
      },
      "widgets_values": [
        "",
        "",
        "sai-cinematic",
        true,
        true,
        true,
        true,
        true
      ],
      "color": "#322",
      "bgcolor": "#533"
    },
    {
      "id": 132,
      "type": "CLIPTextEncode",
      "pos": [
        569.4807389932892,
        2613.6139328345052
      ],
      "size": {
        "0": 210,
        "1": 54
      },
      "flags": {
        "collapsed": true
      },
      "order": 24,
      "mode": 0,
      "inputs": [
        {
          "name": "clip",
          "type": "CLIP",
          "link": 224,
          "slot_index": 0
        },
        {
          "name": "text",
          "type": "STRING",
          "link": 218,
          "widget": {
            "name": "text"
          }
        }
      ],
      "outputs": [
        {
          "name": "CONDITIONING",
          "type": "CONDITIONING",
          "links": [
            222
          ],
          "slot_index": 0,
          "shape": 3
        }
      ],
      "properties": {
        "Node name for S&R": "CLIPTextEncode"
      },
      "widgets_values": [
        "",
        true
      ],
      "color": "#322",
      "bgcolor": "#533"
    },
    {
      "id": 52,
      "type": "GoogleTranslateTextNode",
      "pos": [
        469.4807389932889,
        2353.6139328345052
      ],
      "size": {
        "0": 319.1651611328125,
        "1": 194.50949096679688
      },
      "flags": {},
      "order": 6,
      "mode": 0,
      "outputs": [
        {
          "name": "text",
          "type": "STRING",
          "links": [
            74
          ],
          "slot_index": 0,
          "shape": 3
        }
      ],
      "properties": {
        "Node name for S&R": "GoogleTranslateTextNode"
      },
      "widgets_values": [
        "auto",
        "en",
        false,
        "Manual Trasnlate",
        "цветное фото, портрет женщины в строгой одежде 1960",
        true
      ],
      "color": "#232",
      "bgcolor": "#353"
    },
    {
      "id": 131,
      "type": "CLIPTextEncode",
      "pos": [
        579.4807389932892,
        2313.6139328345052
      ],
      "size": {
        "0": 210,
        "1": 54
      },
      "flags": {
        "collapsed": true
      },
      "order": 23,
      "mode": 0,
      "inputs": [
        {
          "name": "clip",
          "type": "CLIP",
          "link": 220,
          "slot_index": 0
        },
        {
          "name": "text",
          "type": "STRING",
          "link": 217,
          "widget": {
            "name": "text"
          }
        }
      ],
      "outputs": [
        {
          "name": "CONDITIONING",
          "type": "CONDITIONING",
          "links": [
            221
          ],
          "slot_index": 0,
          "shape": 3
        }
      ],
      "properties": {
        "Node name for S&R": "CLIPTextEncode"
      },
      "widgets_values": [
        "",
        true
      ],
      "color": "#232",
      "bgcolor": "#353"
    },
    {
      "id": 44,
      "type": "FaceDetailer",
      "pos": [
        1696.4807389932894,
        2193.613932834506
      ],
      "size": {
        "0": 519,
        "1": 900.0000610351562
      },
      "flags": {},
      "order": 30,
      "mode": 0,
      "inputs": [
        {
          "name": "image",
          "type": "IMAGE",
          "link": 76
        },
        {
          "name": "model",
          "type": "MODEL",
          "link": 75
        },
        {
          "name": "clip",
          "type": "CLIP",
          "link": 228
        },
        {
          "name": "vae",
          "type": "VAE",
          "link": 79
        },
        {
          "name": "positive",
          "type": "CONDITIONING",
          "link": 91
        },
        {
          "name": "negative",
          "type": "CONDITIONING",
          "link": 78
        },
        {
          "name": "bbox_detector",
          "type": "BBOX_DETECTOR",
          "link": 64,
          "slot_index": 6
        },
        {
          "name": "sam_model_opt",
          "type": "SAM_MODEL",
          "link": null,
          "slot_index": 7
        },
        {
          "name": "segm_detector_opt",
          "type": "SEGM_DETECTOR",
          "link": 65,
          "slot_index": 8
        },
        {
          "name": "detailer_hook",
          "type": "DETAILER_HOOK",
          "link": null
        },
        {
          "name": "scheduler_func_opt",
          "type": "SCHEDULER_FUNC",
          "link": null
        }
      ],
      "outputs": [
        {
          "name": "image",
          "type": "IMAGE",
          "links": [
            87,
            89,
            199
          ],
          "slot_index": 0,
          "shape": 3
        },
        {
          "name": "cropped_refined",
          "type": "IMAGE",
          "links": [
            82
          ],
          "slot_index": 1,
          "shape": 6
        },
        {
          "name": "cropped_enhanced_alpha",
          "type": "IMAGE",
          "links": [
            83
          ],
          "slot_index": 2,
          "shape": 6
        },
        {
          "name": "mask",
          "type": "MASK",
          "links": [
            84
          ],
          "slot_index": 3,
          "shape": 3
        },
        {
          "name": "detailer_pipe",
          "type": "DETAILER_PIPE",
          "links": [],
          "slot_index": 4,
          "shape": 3
        },
        {
          "name": "cnet_images",
          "type": "IMAGE",
          "links": [
            86
          ],
          "slot_index": 5,
          "shape": 6
        }
      ],
      "properties": {
        "Node name for S&R": "FaceDetailer"
      },
      "widgets_values": [
        512,
        true,
        1024,
        1066334715357748,
        "fixed",
        16,
        7,
        "dpmpp_2m",
        "AYS SDXL",
        0.65,
        16,
        true,
        true,
        0.8,
        10,
        3,
        "center-1",
        0,
        0.93,
        0,
        0.7000000000000001,
        "False",
        10,
        "",
        1,
        false,
        20,
        true
      ]
    },
    {
      "id": 56,
      "type": "PreviewImage",
      "pos": [
        2299.4807389932876,
        2353.6139328345052
      ],
      "size": {
        "0": 210,
        "1": 246
      },
      "flags": {},
      "order": 36,
      "mode": 0,
      "inputs": [
        {
          "name": "images",
          "type": "IMAGE",
          "link": 82
        }
      ],
      "properties": {
        "Node name for S&R": "PreviewImage"
      }
    },
    {
      "id": 76,
      "type": "Pipe to/edit any [Crystools]",
      "pos": [
        1247.4807389932903,
        3174.6139328345052
      ],
      "size": {
        "0": 216.59999084472656,
        "1": 146
      },
      "flags": {},
      "order": 29,
      "mode": 0,
      "inputs": [
        {
          "name": "CPipeAny",
          "type": "CPipeAny",
          "link": null
        },
        {
          "name": "any_1",
          "type": "*",
          "link": 105,
          "label": "MODEL"
        },
        {
          "name": "any_2",
          "type": "*",
          "link": 229,
          "label": "CLIP"
        },
        {
          "name": "any_3",
          "type": "*",
          "link": 108,
          "label": "VAE"
        },
        {
          "name": "any_4",
          "type": "*",
          "link": 110,
          "label": "POS"
        },
        {
          "name": "any_5",
          "type": "*",
          "link": 111,
          "label": "NEG"
        },
        {
          "name": "any_6",
          "type": "*",
          "link": null,
          "label": "IMG"
        }
      ],
      "outputs": [
        {
          "name": "CPipeAny",
          "type": "CPipeAny",
          "links": [
            146,
            207
          ],
          "slot_index": 0,
          "shape": 3
        }
      ],
      "properties": {
        "Node name for S&R": "Pipe to/edit any [Crystools]"
      },
      "color": "#432",
      "bgcolor": "#653"
    },
    {
      "id": 133,
      "type": "EmptyLatentImage",
      "pos": [
        458.4575057609992,
        2925.633262765259
      ],
      "size": {
        "0": 315,
        "1": 106
      },
      "flags": {},
      "order": 7,
      "mode": 0,
      "outputs": [
        {
          "name": "LATENT",
          "type": "LATENT",
          "links": [
            226
          ],
          "shape": 3
        }
      ],
      "properties": {
        "Node name for S&R": "EmptyLatentImage"
      },
      "widgets_values": [
        1024,
        1024,
        1
      ]
    },
    {
      "id": 128,
      "type": "Pipe from any [Crystools]",
      "pos": [
        169.480738993289,
        2353.6139328345052
      ],
      "size": {
        "0": 216.59999084472656,
        "1": 146
      },
      "flags": {},
      "order": 16,
      "mode": 0,
      "inputs": [
        {
          "name": "CPipeAny",
          "type": "CPipeAny",
          "link": 213
        }
      ],
      "outputs": [
        {
          "name": "CPipeAny",
          "type": "CPipeAny",
          "links": null,
          "shape": 3
        },
        {
          "name": "any_1",
          "type": "*",
          "links": [
            214
          ],
          "slot_index": 1,
          "shape": 3,
          "label": "MODEL"
        },
        {
          "name": "any_2",
          "type": "*",
          "links": [
            220,
            224,
            227,
            228,
            229
          ],
          "slot_index": 2,
          "shape": 3,
          "label": "CLIP"
        },
        {
          "name": "any_3",
          "type": "*",
          "links": [
            225
          ],
          "slot_index": 3,
          "shape": 3,
          "label": "VAE"
        },
        {
          "name": "any_4",
          "type": "*",
          "links": [],
          "slot_index": 4,
          "shape": 3,
          "label": "POS"
        },
        {
          "name": "any_5",
          "type": "*",
          "links": [],
          "slot_index": 5,
          "shape": 3,
          "label": "NEG"
        },
        {
          "name": "any_6",
          "type": "*",
          "links": null,
          "shape": 3,
          "label": "IMG"
        }
      ],
      "properties": {
        "Node name for S&R": "Pipe from any [Crystools]"
      },
      "color": "#432",
      "bgcolor": "#653"
    },
    {
      "id": 120,
      "type": "DetailerForEachDebug",
      "pos": [
        1843.6802648656226,
        3806.4080503965192
      ],
      "size": {
        "0": 506.4000244140625,
        "1": 624.9998779296875
      },
      "flags": {},
      "order": 54,
      "mode": 0,
      "inputs": [
        {
          "name": "image",
          "type": "IMAGE",
          "link": 206
        },
        {
          "name": "segs",
          "type": "SEGS",
          "link": 188
        },
        {
          "name": "model",
          "type": "MODEL",
          "link": 189
        },
        {
          "name": "clip",
          "type": "CLIP",
          "link": 190
        },
        {
          "name": "vae",
          "type": "VAE",
          "link": 193
        },
        {
          "name": "positive",
          "type": "CONDITIONING",
          "link": 197
        },
        {
          "name": "negative",
          "type": "CONDITIONING",
          "link": 200
        },
        {
          "name": "detailer_hook",
          "type": "DETAILER_HOOK",
          "link": null
        },
        {
          "name": "scheduler_func_opt",
          "type": "SCHEDULER_FUNC",
          "link": null
        }
      ],
      "outputs": [
        {
          "name": "image",
          "type": "IMAGE",
          "links": [
            194
          ],
          "slot_index": 0,
          "shape": 3
        },
        {
          "name": "cropped",
          "type": "IMAGE",
          "links": null,
          "shape": 6
        },
        {
          "name": "cropped_refined",
          "type": "IMAGE",
          "links": null,
          "shape": 6
        },
        {
          "name": "cropped_refined_alpha",
          "type": "IMAGE",
          "links": null,
          "shape": 6
        },
        {
          "name": "cnet_images",
          "type": "IMAGE",
          "links": null,
          "shape": 6
        }
      ],
      "properties": {
        "Node name for S&R": "DetailerForEachDebug"
      },
      "widgets_values": [
        512,
        true,
        1024,
        987103094841843,
        "fixed",
        20,
        6,
        "dpmpp_2m",
        "karras",
        0.6,
        20,
        true,
        true,
        "",
        1,
        false,
        20,
        true
      ]
    },
    {
      "id": 39,
      "type": "AV_FaceDetailerPipe",
      "pos": [
        2730,
        940
      ],
      "size": {
        "0": 519,
        "1": 806
      },
      "flags": {},
      "order": 21,
      "mode": 0,
      "inputs": [
        {
          "name": "image",
          "type": "IMAGE",
          "link": 48
        },
        {
          "name": "detailer_pipe",
          "type": "DETAILER_PIPE",
          "link": 47
        },
        {
          "name": "scheduler_func_opt",
          "type": "SCHEDULER_FUNC",
          "link": null,
          "slot_index": 2
        }
      ],
      "outputs": [
        {
          "name": "image",
          "type": "IMAGE",
          "links": [
            53
          ],
          "slot_index": 0,
          "shape": 3
        },
        {
          "name": "cropped_refined",
          "type": "IMAGE",
          "links": null,
          "shape": 6
        },
        {
          "name": "cropped_enhanced_alpha",
          "type": "IMAGE",
          "links": null,
          "shape": 6
        },
        {
          "name": "mask",
          "type": "MASK",
          "links": null,
          "shape": 3
        },
        {
          "name": "detailer_pipe",
          "type": "DETAILER_PIPE",
          "links": null,
          "shape": 3
        },
        {
          "name": "cnet_images",
          "type": "IMAGE",
          "links": null,
          "shape": 6
        }
      ],
      "properties": {
        "Node name for S&R": "AV_FaceDetailerPipe"
      },
      "widgets_values": [
        512,
        true,
        1024,
        1019015210533635,
        "fixed",
        18,
        6,
        "dpmpp_2m",
        "AYS SDXL",
        0.5,
        5,
        true,
        true,
        0.8,
        10,
        3,
        "center-1",
        0,
        0.93,
        0,
        0.7,
        "False",
        10,
        0.2,
        1,
        false,
        20,
        true
      ]
    },
    {
      "id": 43,
      "type": "Image Comparer (rgthree)",
      "pos": {
        "0": 3300,
        "1": 970,
        "2": 0,
        "3": 0,
        "4": 0,
        "5": 0,
        "6": 0,
        "7": 0,
        "8": 0,
        "9": 0
      },
      "size": {
        "0": 477.1533508300781,
        "1": 451.83966064453125
      },
      "flags": {},
      "order": 27,
      "mode": 0,
      "inputs": [
        {
          "name": "image_a",
          "type": "IMAGE",
          "link": 53,
          "dir": 3
        },
        {
          "name": "image_b",
          "type": "IMAGE",
          "link": 54,
          "dir": 3
        }
      ],
      "outputs": [],
      "properties": {
        "comparer_mode": "Slide"
      },
      "widgets_values": [
        [
          {
            "name": "A",
            "selected": true,
            "url": "/api/view?filename=rgthree.compare._temp_fhtiv_00001_.png&type=temp&subfolder=&rand=0.8733124265572574"
          },
          {
            "name": "B",
            "selected": true,
            "url": "/api/view?filename=rgthree.compare._temp_fhtiv_00002_.png&type=temp&subfolder=&rand=0.7591205404825161"
          }
        ]
      ]
    },
    {
      "id": 6,
      "type": "Efficient Loader",
      "pos": [
        240,
        780
      ],
      "size": {
        "0": 400,
        "1": 462
      },
      "flags": {},
      "order": 12,
      "mode": 0,
      "inputs": [
        {
          "name": "lora_stack",
          "type": "LORA_STACK",
          "link": null
        },
        {
          "name": "cnet_stack",
          "type": "CONTROL_NET_STACK",
          "link": null
        },
        {
          "name": "positive",
          "type": "STRING",
          "link": 10,
          "widget": {
            "name": "positive"
          }
        },
        {
          "name": "negative",
          "type": "STRING",
          "link": 11,
          "widget": {
            "name": "negative"
          }
        }
      ],
      "outputs": [
        {
          "name": "MODEL",
          "type": "MODEL",
          "links": [
            12,
            212
          ],
          "slot_index": 0,
          "shape": 3
        },
        {
          "name": "CONDITIONING+",
          "type": "CONDITIONING",
          "links": [
            13
          ],
          "slot_index": 1,
          "shape": 3
        },
        {
          "name": "CONDITIONING-",
          "type": "CONDITIONING",
          "links": [
            14
          ],
          "slot_index": 2,
          "shape": 3
        },
        {
          "name": "LATENT",
          "type": "LATENT",
          "links": [
            15
          ],
          "slot_index": 3,
          "shape": 3
        },
        {
          "name": "VAE",
          "type": "VAE",
          "links": [
            16,
            211
          ],
          "slot_index": 4,
          "shape": 3
        },
        {
          "name": "CLIP",
          "type": "CLIP",
          "links": [
            24,
            210
          ],
          "slot_index": 5,
          "shape": 3
        },
        {
          "name": "DEPENDENCIES",
          "type": "DEPENDENCIES",
          "links": null,
          "shape": 3
        }
      ],
      "properties": {
        "Node name for S&R": "Efficient Loader"
      },
      "widgets_values": [
        "SDXL\\realvisxlV40_v40Bakedvae.safetensors",
        "Baked VAE",
        -1,
        "None",
        0.76,
        0.91,
        "CLIP_POSITIVE",
        "CLIP_NEGATIVE",
        "none",
        "comfy",
        1024,
        1024,
        1,
        true,
        true
      ],
      "color": "#223",
      "bgcolor": "#335",
      "shape": 1
    },
    {
      "id": 9,
      "type": "SDXLPromptStyler",
      "pos": [
        240,
        480
      ],
      "size": {
        "0": 324.5039978027344,
        "1": 205.0833740234375
      },
      "flags": {},
      "order": 11,
      "mode": 0,
      "inputs": [
        {
          "name": "text_positive",
          "type": "STRING",
          "link": 18,
          "widget": {
            "name": "text_positive"
          }
        }
      ],
      "outputs": [
        {
          "name": "text_positive",
          "type": "STRING",
          "links": [
            10
          ],
          "slot_index": 0,
          "shape": 3
        },
        {
          "name": "text_negative",
          "type": "STRING",
          "links": [
            11
          ],
          "slot_index": 1,
          "shape": 3
        }
      ],
      "properties": {
        "Node name for S&R": "SDXLPromptStyler"
      },
      "widgets_values": [
        "",
        "",
        "sai-cinematic",
        true,
        true,
        true,
        true,
        true
      ],
      "color": "#322",
      "bgcolor": "#533"
    },
    {
      "id": 10,
      "type": "Seed (rgthree)",
      "pos": {
        "0": 610,
        "1": 280,
        "2": 0,
        "3": 0,
        "4": 0,
        "5": 0,
        "6": 0,
        "7": 0,
        "8": 0,
        "9": 0
      },
      "size": {
        "0": 244.8321533203125,
        "1": 154
      },
      "flags": {},
      "order": 8,
      "mode": 0,
      "inputs": [],
      "outputs": [
        {
          "name": "SEED",
          "type": "INT",
          "links": [
            17
          ],
          "slot_index": 0,
          "shape": 3,
          "dir": 4
        }
      ],
      "properties": {},
      "widgets_values": [
        1016574184839560,
        null,
        null,
        null,
        null
      ],
      "color": "#332922",
      "bgcolor": "#593930"
    },
    {
      "id": 8,
      "type": "GoogleTranslateTextNode",
      "pos": [
        250,
        240
      ],
      "size": {
        "0": 319.1651611328125,
        "1": 194.50949096679688
      },
      "flags": {},
      "order": 9,
      "mode": 0,
      "outputs": [
        {
          "name": "text",
          "type": "STRING",
          "links": [
            18
          ],
          "slot_index": 0,
          "shape": 3
        }
      ],
      "properties": {
        "Node name for S&R": "GoogleTranslateTextNode"
      },
      "widgets_values": [
        "auto",
        "en",
        false,
        "Manual Trasnlate",
        "full body, 4 несколько женщин с цветами в деревне",
        true
      ],
      "color": "#232",
      "bgcolor": "#353"
    },
    {
      "id": 51,
      "type": "KSampler (Efficient)",
      "pos": [
        869.4807389932897,
        2313.6139328345052
      ],
      "size": [
        330,
        586.0000839233398
      ],
      "flags": {},
      "order": 28,
      "mode": 0,
      "inputs": [
        {
          "name": "model",
          "type": "MODEL",
          "link": 214
        },
        {
          "name": "positive",
          "type": "CONDITIONING",
          "link": 221
        },
        {
          "name": "negative",
          "type": "CONDITIONING",
          "link": 222
        },
        {
          "name": "latent_image",
          "type": "LATENT",
          "link": 226,
          "slot_index": 3
        },
        {
          "name": "optional_vae",
          "type": "VAE",
          "link": 225
        },
        {
          "name": "script",
          "type": "SCRIPT",
          "link": null,
          "slot_index": 5
        }
      ],
      "outputs": [
        {
          "name": "MODEL",
          "type": "MODEL",
          "links": [
            75,
            105
          ],
          "slot_index": 0,
          "shape": 3
        },
        {
          "name": "CONDITIONING+",
          "type": "CONDITIONING",
          "links": [
            110
          ],
          "slot_index": 1,
          "shape": 3
        },
        {
          "name": "CONDITIONING-",
          "type": "CONDITIONING",
          "links": [
            78,
            111
          ],
          "slot_index": 2,
          "shape": 3
        },
        {
          "name": "LATENT",
          "type": "LATENT",
          "links": [],
          "slot_index": 3,
          "shape": 3
        },
        {
          "name": "VAE",
          "type": "VAE",
          "links": [
            79,
            108
          ],
          "slot_index": 4,
          "shape": 3
        },
        {
          "name": "IMAGE",
          "type": "IMAGE",
          "links": [
            76,
            88
          ],
          "slot_index": 5,
          "shape": 3
        }
      ],
      "properties": {
        "Node name for S&R": "KSampler (Efficient)"
      },
      "widgets_values": [
        288491972817367,
        "fixed",
        20,
        6,
        "dpmpp_2m",
        "karras",
        1,
        "auto",
        "true",
        null
      ],
      "color": "#2a363b",
      "bgcolor": "#3f5159",
      "shape": 1
    }
  ],
  "links": [
    [
      10,
      9,
      0,
      6,
      2,
      "STRING"
    ],
    [
      11,
      9,
      1,
      6,
      3,
      "STRING"
    ],
    [
      12,
      6,
      0,
      7,
      0,
      "MODEL"
    ],
    [
      13,
      6,
      1,
      7,
      1,
      "CONDITIONING"
    ],
    [
      14,
      6,
      2,
      7,
      2,
      "CONDITIONING"
    ],
    [
      15,
      6,
      3,
      7,
      3,
      "LATENT"
    ],
    [
      16,
      6,
      4,
      7,
      4,
      "VAE"
    ],
    [
      17,
      10,
      0,
      7,
      6,
      "INT"
    ],
    [
      18,
      8,
      0,
      9,
      0,
      "STRING"
    ],
    [
      19,
      7,
      5,
      11,
      0,
      "IMAGE"
    ],
    [
      20,
      7,
      0,
      11,
      1,
      "MODEL"
    ],
    [
      21,
      7,
      1,
      11,
      4,
      "CONDITIONING"
    ],
    [
      22,
      7,
      2,
      11,
      5,
      "CONDITIONING"
    ],
    [
      23,
      7,
      4,
      11,
      3,
      "VAE"
    ],
    [
      24,
      6,
      5,
      11,
      2,
      "CLIP"
    ],
    [
      25,
      16,
      0,
      11,
      7,
      "SAM_MODEL"
    ],
    [
      29,
      11,
      1,
      23,
      0,
      "IMAGE"
    ],
    [
      30,
      11,
      2,
      24,
      0,
      "IMAGE"
    ],
    [
      31,
      11,
      3,
      25,
      0,
      "MASK"
    ],
    [
      32,
      25,
      0,
      26,
      0,
      "IMAGE"
    ],
    [
      33,
      11,
      5,
      27,
      0,
      "IMAGE"
    ],
    [
      35,
      29,
      1,
      11,
      8,
      "SEGM_DETECTOR"
    ],
    [
      39,
      20,
      0,
      11,
      6,
      "BBOX_DETECTOR"
    ],
    [
      47,
      11,
      4,
      39,
      1,
      "DETAILER_PIPE"
    ],
    [
      48,
      11,
      0,
      39,
      0,
      "IMAGE"
    ],
    [
      53,
      39,
      0,
      43,
      0,
      "IMAGE"
    ],
    [
      54,
      11,
      0,
      43,
      1,
      "IMAGE"
    ],
    [
      64,
      47,
      0,
      44,
      6,
      "BBOX_DETECTOR"
    ],
    [
      65,
      47,
      1,
      44,
      8,
      "SEGM_DETECTOR"
    ],
    [
      74,
      52,
      0,
      53,
      0,
      "STRING"
    ],
    [
      75,
      51,
      0,
      44,
      1,
      "MODEL"
    ],
    [
      76,
      51,
      5,
      44,
      0,
      "IMAGE"
    ],
    [
      78,
      51,
      2,
      44,
      5,
      "CONDITIONING"
    ],
    [
      79,
      51,
      4,
      44,
      3,
      "VAE"
    ],
    [
      82,
      44,
      1,
      56,
      0,
      "IMAGE"
    ],
    [
      83,
      44,
      2,
      57,
      0,
      "IMAGE"
    ],
    [
      84,
      44,
      3,
      58,
      0,
      "MASK"
    ],
    [
      85,
      58,
      0,
      59,
      0,
      "IMAGE"
    ],
    [
      86,
      44,
      5,
      60,
      0,
      "IMAGE"
    ],
    [
      87,
      44,
      0,
      61,
      0,
      "IMAGE"
    ],
    [
      88,
      51,
      5,
      61,
      1,
      "IMAGE"
    ],
    [
      89,
      44,
      0,
      63,
      0,
      "IMAGE"
    ],
    [
      90,
      11,
      0,
      64,
      0,
      "IMAGE"
    ],
    [
      91,
      65,
      0,
      44,
      4,
      "CONDITIONING"
    ],
    [
      105,
      51,
      0,
      76,
      1,
      "*"
    ],
    [
      108,
      51,
      4,
      76,
      3,
      "*"
    ],
    [
      110,
      51,
      1,
      76,
      4,
      "*"
    ],
    [
      111,
      51,
      2,
      76,
      5,
      "*"
    ],
    [
      126,
      85,
      0,
      86,
      0,
      "YOLOWORLDMODEL"
    ],
    [
      127,
      87,
      0,
      86,
      1,
      "ESAMMODEL"
    ],
    [
      128,
      98,
      0,
      86,
      2,
      "IMAGE"
    ],
    [
      130,
      86,
      0,
      88,
      0,
      "IMAGE"
    ],
    [
      131,
      86,
      1,
      89,
      0,
      "MASK"
    ],
    [
      132,
      89,
      0,
      90,
      0,
      "IMAGE"
    ],
    [
      137,
      98,
      0,
      96,
      0,
      "*"
    ],
    [
      142,
      99,
      1,
      86,
      3,
      "STRING"
    ],
    [
      143,
      99,
      1,
      95,
      0,
      "STRING"
    ],
    [
      146,
      76,
      0,
      101,
      0,
      "CPipeAny"
    ],
    [
      188,
      121,
      0,
      120,
      1,
      "SEGS"
    ],
    [
      189,
      101,
      1,
      120,
      2,
      "MODEL"
    ],
    [
      190,
      101,
      3,
      120,
      3,
      "CLIP"
    ],
    [
      193,
      101,
      3,
      120,
      4,
      "VAE"
    ],
    [
      194,
      120,
      0,
      122,
      0,
      "IMAGE"
    ],
    [
      195,
      86,
      1,
      97,
      0,
      "*"
    ],
    [
      197,
      123,
      0,
      120,
      5,
      "CONDITIONING"
    ],
    [
      198,
      101,
      2,
      123,
      0,
      "CLIP"
    ],
    [
      199,
      44,
      0,
      98,
      0,
      "*"
    ],
    [
      200,
      124,
      0,
      120,
      6,
      "CONDITIONING"
    ],
    [
      201,
      101,
      2,
      124,
      0,
      "CLIP"
    ],
    [
      202,
      125,
      2,
      99,
      0,
      "CLIP"
    ],
    [
      203,
      97,
      0,
      127,
      0,
      "*"
    ],
    [
      204,
      96,
      0,
      126,
      0,
      "*"
    ],
    [
      205,
      127,
      0,
      121,
      0,
      "MASK"
    ],
    [
      206,
      126,
      0,
      120,
      0,
      "IMAGE"
    ],
    [
      207,
      76,
      0,
      125,
      0,
      "CPipeAny"
    ],
    [
      208,
      7,
      1,
      129,
      4,
      "*"
    ],
    [
      209,
      7,
      2,
      129,
      5,
      "*"
    ],
    [
      210,
      6,
      5,
      129,
      2,
      "*"
    ],
    [
      211,
      6,
      4,
      129,
      3,
      "*"
    ],
    [
      212,
      6,
      0,
      129,
      1,
      "*"
    ],
    [
      213,
      129,
      0,
      128,
      0,
      "CPipeAny"
    ],
    [
      214,
      128,
      1,
      51,
      0,
      "MODEL"
    ],
    [
      217,
      53,
      0,
      131,
      1,
      "STRING"
    ],
    [
      218,
      53,
      1,
      132,
      1,
      "STRING"
    ],
    [
      220,
      128,
      2,
      131,
      0,
      "CLIP"
    ],
    [
      221,
      131,
      0,
      51,
      1,
      "CONDITIONING"
    ],
    [
      222,
      132,
      0,
      51,
      2,
      "CONDITIONING"
    ],
    [
      224,
      128,
      2,
      132,
      0,
      "CLIP"
    ],
    [
      225,
      128,
      3,
      51,
      4,
      "VAE"
    ],
    [
      226,
      133,
      0,
      51,
      3,
      "LATENT"
    ],
    [
      227,
      128,
      2,
      65,
      0,
      "CLIP"
    ],
    [
      228,
      128,
      2,
      44,
      2,
      "CLIP"
    ],
    [
      229,
      128,
      2,
      76,
      2,
      "*"
    ]
  ],
  "groups": [
    {
      "title": "YOLO (stabledif.ru)",
      "bounding": [
        120,
        3511,
        1111,
        1102
      ],
      "color": "#3f789e",
      "font_size": 24,
      "locked": false
    },
    {
      "title": "DETAILER MASK (stabledif.ru)",
      "bounding": [
        1423,
        3522,
        1273,
        933
      ],
      "color": "#3f789e",
      "font_size": 24,
      "locked": false
    },
    {
      "title": "FACE DETAILER (stabledif.ru)",
      "bounding": [
        174,
        132,
        3643,
        1646
      ],
      "color": "#3f789e",
      "font_size": 24,
      "locked": false
    },
    {
      "title": "MEDIA PIPE (stabledif.ru)",
      "bounding": [
        159,
        2103,
        3174,
        1107
      ],
      "color": "#3f789e",
      "font_size": 24,
      "locked": false
    }
  ],
  "config": {},
  "extra": {
    "ds": {
      "scale": 0.3797498335832452,
      "offset": [
        776.9785899094886,
        -2836.7933179350434
      ]
    }
  },
  "version": 0.4
}