{
  "templates": [
    {
      "name": "Pipe-CryRools",
      "data": "{\"nodes\":[{\"type\":\"Pipe to/edit any [Crystools]\",\"pos\":[1458,1335],\"size\":{\"0\":216.59999084472656,\"1\":146},\"flags\":{},\"order\":15,\"mode\":0,\"inputs\":[{\"name\":\"CPipeAny\",\"type\":\"CPipeAny\",\"link\":null},{\"name\":\"any_1\",\"type\":\"*\",\"link\":null,\"label\":\"MODEL\"},{\"name\":\"any_2\",\"type\":\"*\",\"link\":null,\"label\":\"CLIP\"},{\"name\":\"any_3\",\"type\":\"*\",\"link\":null,\"label\":\"VAE\"},{\"name\":\"any_4\",\"type\":\"*\",\"link\":null,\"label\":\"POS\"},{\"name\":\"any_5\",\"type\":\"*\",\"link\":null,\"label\":\"NEG\"},{\"name\":\"any_6\",\"type\":\"*\",\"link\":null,\"label\":\"IMG\"}],\"outputs\":[{\"name\":\"CPipeAny\",\"type\":\"CPipeAny\",\"links\":[],\"shape\":3,\"slot_index\":0}],\"properties\":{\"Node name for S&R\":\"Pipe to/edit any [Crystools]\"},\"color\":\"#432\",\"bgcolor\":\"#653\"},{\"type\":\"Pipe from any [Crystools]\",\"pos\":[1750.0789136222884,1351.2013227237626],\"size\":{\"0\":216.59999084472656,\"1\":146},\"flags\":{},\"order\":19,\"mode\":0,\"inputs\":[{\"name\":\"CPipeAny\",\"type\":\"CPipeAny\",\"link\":null}],\"outputs\":[{\"name\":\"CPipeAny\",\"type\":\"CPipeAny\",\"links\":null,\"shape\":3},{\"name\":\"any_1\",\"type\":\"*\",\"links\":[],\"shape\":3,\"label\":\"MODEL\",\"slot_index\":1},{\"name\":\"any_2\",\"type\":\"*\",\"links\":[],\"shape\":3,\"label\":\"CLIP\",\"slot_index\":2},{\"name\":\"any_3\",\"type\":\"*\",\"links\":[],\"shape\":3,\"label\":\"VAE\",\"slot_index\":3},{\"name\":\"any_4\",\"type\":\"*\",\"links\":[],\"shape\":3,\"label\":\"POS\",\"slot_index\":4},{\"name\":\"any_5\",\"type\":\"*\",\"links\":null,\"shape\":3,\"label\":\"NEG\"},{\"name\":\"any_6\",\"type\":\"*\",\"links\":null,\"shape\":3,\"label\":\"IMG\"}],\"properties\":{\"Node name for S&R\":\"Pipe from any [Crystools]\"},\"color\":\"#432\",\"bgcolor\":\"#653\"}],\"links\":[[0,0,1,0,150]]}"
    },
    {
      "name": "ClipSeg-1",
      "data": "{\"nodes\":[{\"type\":\"CLIPSeg Masking\",\"pos\":[1716,2920],\"size\":{\"0\":315,\"1\":78},\"flags\":{},\"order\":30,\"mode\":0,\"inputs\":[{\"name\":\"image\",\"type\":\"IMAGE\",\"link\":null,\"slot_index\":0},{\"name\":\"clipseg_model\",\"type\":\"CLIPSEG_MODEL\",\"link\":null,\"slot_index\":1}],\"outputs\":[{\"name\":\"MASK\",\"type\":\"MASK\",\"links\":[],\"shape\":3,\"slot_index\":0},{\"name\":\"MASK_IMAGE\",\"type\":\"IMAGE\",\"links\":[],\"shape\":3,\"slot_index\":1}],\"properties\":{\"Node name for S&R\":\"CLIPSeg Masking\"},\"widgets_values\":[\"hair\"]},{\"type\":\"CLIPSeg Model Loader\",\"pos\":[1714,3055],\"size\":{\"0\":315,\"1\":58},\"flags\":{},\"order\":11,\"mode\":0,\"outputs\":[{\"name\":\"clipseg_model\",\"type\":\"CLIPSEG_MODEL\",\"links\":[],\"shape\":3,\"slot_index\":0}],\"properties\":{\"Node name for S&R\":\"CLIPSeg Model Loader\"},\"widgets_values\":[\"CIDAS/clipseg-rd64-refined\"]},{\"type\":\"PreviewImage\",\"pos\":[2061,3035],\"size\":{\"0\":210,\"1\":246},\"flags\":{},\"order\":38,\"mode\":0,\"inputs\":[{\"name\":\"images\",\"type\":\"IMAGE\",\"link\":null}],\"properties\":{\"Node name for S&R\":\"PreviewImage\"}},{\"type\":\"ThresholdMask\",\"pos\":[2166,2911],\"size\":{\"0\":315,\"1\":58},\"flags\":{},\"order\":37,\"mode\":0,\"inputs\":[{\"name\":\"mask\",\"type\":\"MASK\",\"link\":null,\"slot_index\":0}],\"outputs\":[{\"name\":\"MASK\",\"type\":\"MASK\",\"links\":[],\"shape\":3,\"slot_index\":0}],\"properties\":{\"Node name for S&R\":\"ThresholdMask\"},\"widgets_values\":[0.2]},{\"type\":\"MaskToImage\",\"pos\":[2295.700549370451,3030.6697778211246],\"size\":{\"0\":210,\"1\":26},\"flags\":{\"collapsed\":false},\"order\":43,\"mode\":0,\"inputs\":[{\"name\":\"mask\",\"type\":\"MASK\",\"link\":null,\"slot_index\":0}],\"outputs\":[{\"name\":\"IMAGE\",\"type\":\"IMAGE\",\"links\":[],\"shape\":3,\"slot_index\":0}],\"properties\":{\"Node name for S&R\":\"MaskToImage\"}},{\"type\":\"PreviewImage\",\"pos\":[2305.7005493704514,3110.6697778211246],\"size\":{\"0\":201.50628662109375,\"1\":246},\"flags\":{},\"order\":49,\"mode\":0,\"inputs\":[{\"name\":\"images\",\"type\":\"IMAGE\",\"link\":null,\"slot_index\":0}],\"properties\":{\"Node name for S&R\":\"PreviewImage\"}}],\"links\":[[null,0,0,0,220],[1,0,0,1,223],[0,1,2,0,222],[0,0,3,0,222],[3,0,4,0,225],[4,0,5,0,226]]}"
    },
    {
      "name": "YoloWorld-1",
      "data": "{\"nodes\":[{\"type\":\"Yoloworld_ModelLoader_Zho\",\"pos\":[2100.9136684118976,-1001.784448377939],\"size\":{\"0\":315,\"1\":58},\"flags\":{},\"order\":1,\"mode\":0,\"outputs\":[{\"name\":\"yolo_world_model\",\"type\":\"YOLOWORLDMODEL\",\"links\":[],\"shape\":3,\"slot_index\":0}],\"properties\":{\"Node name for S&R\":\"Yoloworld_ModelLoader_Zho\"},\"widgets_values\":[\"yolo_world/l\"],\"color\":\"#2a363b\",\"bgcolor\":\"#3f5159\"},{\"type\":\"Yoloworld_ESAM_Zho\",\"pos\":[2524,-1004],\"size\":{\"0\":400,\"1\":400},\"flags\":{},\"order\":26,\"mode\":0,\"inputs\":[{\"name\":\"yolo_world_model\",\"type\":\"YOLOWORLDMODEL\",\"link\":null},{\"name\":\"esam_model\",\"type\":\"ESAMMODEL\",\"link\":null,\"slot_index\":1},{\"name\":\"image\",\"type\":\"IMAGE\",\"link\":null},{\"name\":\"categories\",\"type\":\"STRING\",\"link\":null,\"widget\":{\"name\":\"categories\"}}],\"outputs\":[{\"name\":\"IMAGE\",\"type\":\"IMAGE\",\"links\":[],\"shape\":3,\"slot_index\":0},{\"name\":\"MASK\",\"type\":\"MASK\",\"links\":[],\"shape\":3,\"slot_index\":1}],\"properties\":{\"Node name for S&R\":\"Yoloworld_ESAM_Zho\"},\"widgets_values\":[\"spacecraft\",0.01,0.1,2,2,1,true,false,true,false,true,1],\"color\":\"#2a363b\",\"bgcolor\":\"#3f5159\"},{\"type\":\"ESAM_ModelLoader_Zho\",\"pos\":[2107,-870],\"size\":{\"0\":315,\"1\":58},\"flags\":{},\"order\":2,\"mode\":0,\"outputs\":[{\"name\":\"esam_model\",\"type\":\"ESAMMODEL\",\"links\":[],\"shape\":3}],\"properties\":{\"Node name for S&R\":\"ESAM_ModelLoader_Zho\"},\"widgets_values\":[\"CUDA\"],\"color\":\"#2a363b\",\"bgcolor\":\"#3f5159\"},{\"type\":\"PreviewImage\",\"pos\":[2102.740597125014,-466.9812235674417],\"size\":{\"0\":278.6319580078125,\"1\":246},\"flags\":{},\"order\":32,\"mode\":0,\"inputs\":[{\"name\":\"images\",\"type\":\"IMAGE\",\"link\":null}],\"properties\":{\"Node name for S&R\":\"PreviewImage\"}},{\"type\":\"MaskToImage\",\"pos\":[2417.9745064306962,-464.6543483029036],\"size\":{\"0\":210,\"1\":26},\"flags\":{},\"order\":33,\"mode\":0,\"inputs\":[{\"name\":\"mask\",\"type\":\"MASK\",\"link\":null}],\"outputs\":[{\"name\":\"IMAGE\",\"type\":\"IMAGE\",\"links\":[],\"shape\":3,\"slot_index\":0}],\"properties\":{\"Node name for S&R\":\"MaskToImage\"}},{\"type\":\"PreviewImage\",\"pos\":[2658,-465],\"size\":{\"0\":210,\"1\":246},\"flags\":{},\"order\":40,\"mode\":0,\"inputs\":[{\"name\":\"images\",\"type\":\"IMAGE\",\"link\":null}],\"properties\":{\"Node name for S&R\":\"PreviewImage\"}},{\"type\":\"GrowMask\",\"pos\":[3026,-686],\"size\":{\"0\":315,\"1\":82},\"flags\":{},\"order\":34,\"mode\":0,\"inputs\":[{\"name\":\"mask\",\"type\":\"MASK\",\"link\":null}],\"outputs\":[{\"name\":\"MASK\",\"type\":\"MASK\",\"links\":[],\"shape\":3,\"slot_index\":0}],\"properties\":{\"Node name for S&R\":\"GrowMask\"},\"widgets_values\":[20,true],\"color\":\"#223\",\"bgcolor\":\"#335\"},{\"type\":\"MaskToImage\",\"pos\":[3023,-552],\"size\":{\"0\":210,\"1\":26},\"flags\":{},\"order\":41,\"mode\":0,\"inputs\":[{\"name\":\"mask\",\"type\":\"MASK\",\"link\":null}],\"outputs\":[{\"name\":\"IMAGE\",\"type\":\"IMAGE\",\"links\":[],\"shape\":3,\"slot_index\":0}],\"properties\":{\"Node name for S&R\":\"MaskToImage\"},\"color\":\"#223\",\"bgcolor\":\"#335\"},{\"type\":\"PreviewImage\",\"pos\":[3015,-472],\"size\":{\"0\":210,\"1\":246},\"flags\":{},\"order\":45,\"mode\":0,\"inputs\":[{\"name\":\"images\",\"type\":\"IMAGE\",\"link\":null}],\"properties\":{\"Node name for S&R\":\"PreviewImage\"},\"color\":\"#223\",\"bgcolor\":\"#335\"},{\"type\":\"GoogleTranslateTextNode\",\"pos\":[2106.8706246881584,-1338.9569562762613],\"size\":{\"0\":375.621826171875,\"1\":212.16476440429688},\"flags\":{},\"order\":3,\"mode\":0,\"outputs\":[{\"name\":\"text\",\"type\":\"STRING\",\"links\":[],\"shape\":3,\"slot_index\":0}],\"properties\":{\"Node name for S&R\":\"GoogleTranslateTextNode\"},\"widgets_values\":[\"auto\",\"en\",false,\"Manual Trasnlate\",\"персонаж\"],\"color\":\"#232\",\"bgcolor\":\"#353\"},{\"type\":\"PreviewTextNode\",\"pos\":[2529.374412572308,-1330.7057671233322],\"size\":[238.60044860839844,104.25927734375],\"flags\":{},\"order\":15,\"mode\":0,\"inputs\":[{\"name\":\"text\",\"type\":\"STRING\",\"link\":null,\"widget\":{\"name\":\"text\"},\"slot_index\":0}],\"outputs\":[{\"name\":\"STRING\",\"type\":\"STRING\",\"links\":[],\"shape\":3,\"slot_index\":0}],\"properties\":{\"Node name for S&R\":\"PreviewTextNode\"},\"widgets_values\":[\"\",\"character\"],\"color\":\"#232\",\"bgcolor\":\"#353\"},{\"type\":\"Reroute\",\"pos\":[3312.8040295827905,-343.70268097998394],\"size\":[75,26],\"flags\":{},\"order\":27,\"mode\":0,\"inputs\":[{\"name\":\"\",\"type\":\"*\",\"link\":null}],\"outputs\":[{\"name\":\"*\",\"type\":\"*\",\"links\":null}],\"properties\":{\"showOutputText\":true,\"horizontal\":false}},{\"type\":\"Reroute\",\"pos\":[3317.8040295827905,-275.70268097998394],\"size\":[75,26],\"flags\":{},\"order\":42,\"mode\":0,\"inputs\":[{\"name\":\"\",\"type\":\"*\",\"link\":null}],\"outputs\":[{\"name\":\"*\",\"type\":\"*\",\"links\":null}],\"properties\":{\"showOutputText\":true,\"horizontal\":false}},{\"type\":\"Reroute\",\"pos\":[2050.913424271273,-769.6929133658547],\"size\":[75,26],\"flags\":{},\"order\":14,\"mode\":0,\"inputs\":[{\"name\":\"\",\"type\":\"*\",\"link\":null}],\"outputs\":[{\"name\":\"*\",\"type\":\"*\",\"links\":null}],\"properties\":{\"showOutputText\":true,\"horizontal\":false}}],\"links\":[[0,0,1,0,1],[2,0,1,1,4],[13,0,1,2,249],[9,0,1,3,20],[1,0,3,0,3],[1,1,4,0,3],[4,0,5,0,8],[1,1,6,0,3],[6,0,7,0,14],[7,0,8,0,15],[9,0,10,0,20],[13,0,11,0,249],[6,0,12,0,14],[null,0,13,0,5]]}"
    },
    {
      "name": "GenerateUniversal-1",
      "data": "{\"nodes\":[{\"type\":\"CheckpointLoader|pysssss\",\"pos\":[530,1980],\"size\":{\"0\":429.5270080566406,\"1\":140.56629943847656},\"flags\":{},\"order\":8,\"mode\":0,\"outputs\":[{\"name\":\"MODEL\",\"type\":\"MODEL\",\"links\":[],\"shape\":3,\"slot_index\":0},{\"name\":\"CLIP\",\"type\":\"CLIP\",\"links\":[],\"shape\":3,\"slot_index\":1},{\"name\":\"VAE\",\"type\":\"VAE\",\"links\":[],\"shape\":3,\"slot_index\":2}],\"properties\":{\"Node name for S&R\":\"CheckpointLoader|pysssss\"},\"widgets_values\":[{\"content\":\"SDXL\\\\realvisxlV40_v40Bakedvae.safetensors\",\"image\":null}],\"color\":\"#223\",\"bgcolor\":\"#335\"},{\"type\":\"CLIPSetLastLayer\",\"pos\":[660,1830],\"size\":{\"0\":315,\"1\":58},\"flags\":{},\"order\":19,\"mode\":0,\"inputs\":[{\"name\":\"clip\",\"type\":\"CLIP\",\"link\":null}],\"outputs\":[{\"name\":\"CLIP\",\"type\":\"CLIP\",\"links\":[],\"shape\":3,\"slot_index\":0}],\"properties\":{\"Node name for S&R\":\"CLIPSetLastLayer\"},\"widgets_values\":[-1],\"color\":\"#432\",\"bgcolor\":\"#653\"},{\"id\":-1,\"type\":\"Power Lora Loader (rgthree)\",\"pos\":{\"0\":1060,\"1\":1970,\"2\":0,\"3\":0,\"4\":0,\"5\":0,\"6\":0,\"7\":0,\"8\":0,\"9\":0},\"size\":{\"0\":340.20001220703125,\"1\":142},\"flags\":{},\"order\":14,\"mode\":0,\"inputs\":[{\"name\":\"model\",\"type\":\"MODEL\",\"link\":null,\"dir\":3},{\"name\":\"clip\",\"type\":\"CLIP\",\"link\":null,\"dir\":3}],\"outputs\":[{\"name\":\"MODEL\",\"type\":\"MODEL\",\"links\":[],\"shape\":3,\"dir\":4,\"slot_index\":0},{\"name\":\"CLIP\",\"type\":\"CLIP\",\"links\":[],\"shape\":3,\"dir\":4,\"slot_index\":1}],\"properties\":{\"Show Strengths\":\"Single Strength\"},\"widgets_values\":[null,{\"type\":\"PowerLoraLoaderHeaderWidget\"},{\"on\":true,\"lora\":\"SDXL\\\\add-detail-xl.safetensors\",\"strength\":0.9500000000000002,\"strengthTwo\":null},null,\"\"],\"color\":\"#223\",\"bgcolor\":\"#335\"},{\"type\":\"KSampler\",\"pos\":[1460,1750],\"size\":{\"0\":315,\"1\":262},\"flags\":{},\"order\":24,\"mode\":0,\"inputs\":[{\"name\":\"model\",\"type\":\"MODEL\",\"link\":null},{\"name\":\"positive\",\"type\":\"CONDITIONING\",\"link\":null,\"slot_index\":1},{\"name\":\"negative\",\"type\":\"CONDITIONING\",\"link\":null,\"slot_index\":2},{\"name\":\"latent_image\",\"type\":\"LATENT\",\"link\":null,\"slot_index\":3},{\"name\":\"seed\",\"type\":\"INT\",\"link\":null,\"widget\":{\"name\":\"seed\"},\"slot_index\":4}],\"outputs\":[{\"name\":\"LATENT\",\"type\":\"LATENT\",\"links\":[],\"shape\":3,\"slot_index\":0}],\"properties\":{\"Node name for S&R\":\"KSampler\"},\"widgets_values\":[0,\"randomize\",20,8,\"euler\",\"normal\",1]},{\"type\":\"EmptyLatentImage\",\"pos\":[1090,1800],\"size\":{\"0\":315,\"1\":106},\"flags\":{},\"order\":4,\"mode\":0,\"outputs\":[{\"name\":\"LATENT\",\"type\":\"LATENT\",\"links\":[],\"shape\":3}],\"properties\":{\"Node name for S&R\":\"EmptyLatentImage\"},\"widgets_values\":[1024,1024,1],\"color\":\"#323\",\"bgcolor\":\"#535\"},{\"type\":\"CLIPTextEncode\",\"pos\":[1470,1520],\"size\":{\"0\":283.9934387207031,\"1\":54},\"flags\":{},\"order\":21,\"mode\":0,\"inputs\":[{\"name\":\"clip\",\"type\":\"CLIP\",\"link\":null},{\"name\":\"text\",\"type\":\"STRING\",\"link\":null,\"widget\":{\"name\":\"text\"},\"slot_index\":1}],\"outputs\":[{\"name\":\"CONDITIONING\",\"type\":\"CONDITIONING\",\"links\":[],\"shape\":3}],\"properties\":{\"Node name for S&R\":\"CLIPTextEncode\"},\"widgets_values\":[\"\"],\"color\":\"#232\",\"bgcolor\":\"#353\"},{\"type\":\"CLIPTextEncode\",\"pos\":[1470,1630],\"size\":{\"0\":283.9934387207031,\"1\":54},\"flags\":{},\"order\":22,\"mode\":0,\"inputs\":[{\"name\":\"clip\",\"type\":\"CLIP\",\"link\":null},{\"name\":\"text\",\"type\":\"STRING\",\"link\":null,\"widget\":{\"name\":\"text\"}}],\"outputs\":[{\"name\":\"CONDITIONING\",\"type\":\"CONDITIONING\",\"links\":[],\"shape\":3,\"slot_index\":0}],\"properties\":{\"Node name for S&R\":\"CLIPTextEncode\"},\"widgets_values\":[\"\"],\"color\":\"#322\",\"bgcolor\":\"#533\"},{\"type\":\"PrimitiveNode\",\"pos\":[661,1666],\"size\":{\"0\":305.7796630859375,\"1\":109.70449829101562},\"flags\":{},\"order\":9,\"mode\":0,\"outputs\":[{\"name\":\"STRING\",\"type\":\"STRING\",\"links\":[],\"slot_index\":0,\"widget\":{\"name\":\"text_negative\"}}],\"properties\":{\"Run widget replace on values\":false},\"color\":\"#322\",\"bgcolor\":\"#533\"},{\"type\":\"GoogleTranslateTextNode\",\"pos\":[620,1450],\"size\":{\"0\":371.74114990234375,\"1\":172.00003051757812},\"flags\":{},\"order\":5,\"mode\":0,\"outputs\":[{\"name\":\"text\",\"type\":\"STRING\",\"links\":[],\"shape\":3,\"slot_index\":0}],\"properties\":{\"Node name for S&R\":\"GoogleTranslateTextNode\"},\"widgets_values\":[\"auto\",\"en\",false,\"Manual Trasnlate\",\"\"],\"color\":\"#232\",\"bgcolor\":\"#353\"},{\"type\":\"SDXLPromptStyler\",\"pos\":[1061,1468],\"size\":{\"0\":327.20196533203125,\"1\":182.00003051757812},\"flags\":{},\"order\":15,\"mode\":0,\"inputs\":[{\"name\":\"text_positive\",\"type\":\"STRING\",\"link\":null,\"widget\":{\"name\":\"text_positive\"}},{\"name\":\"text_negative\",\"type\":\"STRING\",\"link\":null,\"widget\":{\"name\":\"text_negative\"},\"slot_index\":1}],\"outputs\":[{\"name\":\"text_positive\",\"type\":\"STRING\",\"links\":[],\"shape\":3,\"slot_index\":0},{\"name\":\"text_negative\",\"type\":\"STRING\",\"links\":[],\"shape\":3,\"slot_index\":1}],\"properties\":{\"Node name for S&R\":\"SDXLPromptStyler\"},\"widgets_values\":[\"\",\"\",\"base\",true,true,true],\"color\":\"#432\",\"bgcolor\":\"#653\"},{\"id\":-1,\"type\":\"Seed (rgthree)\",\"pos\":{\"0\":1820,\"1\":1768,\"2\":0,\"3\":0,\"4\":0,\"5\":0,\"6\":0,\"7\":0,\"8\":0,\"9\":0},\"size\":{\"0\":244.8321533203125,\"1\":130},\"flags\":{},\"order\":7,\"mode\":0,\"inputs\":[],\"outputs\":[{\"name\":\"SEED\",\"type\":\"INT\",\"links\":[],\"shape\":3,\"dir\":4,\"slot_index\":0}],\"properties\":{},\"widgets_values\":[-1,null,null,null],\"color\":\"#332922\",\"bgcolor\":\"#593930\"},{\"type\":\"VAEDecode\",\"pos\":[1839,1448],\"size\":{\"0\":210,\"1\":46},\"flags\":{},\"order\":27,\"mode\":0,\"inputs\":[{\"name\":\"samples\",\"type\":\"LATENT\",\"link\":null},{\"name\":\"vae\",\"type\":\"VAE\",\"link\":null,\"slot_index\":1}],\"outputs\":[{\"name\":\"IMAGE\",\"type\":\"IMAGE\",\"links\":[],\"shape\":3,\"slot_index\":0}],\"properties\":{\"Node name for S&R\":\"VAEDecode\"}},{\"type\":\"SaveImage\",\"pos\":[1812,1960],\"size\":{\"0\":275.764892578125,\"1\":265.22760009765625},\"flags\":{},\"order\":28,\"mode\":0,\"inputs\":[{\"name\":\"images\",\"type\":\"IMAGE\",\"link\":null}],\"properties\":{},\"widgets_values\":[\"ComfyUI\"]},{\"type\":\"Pipe to/edit any [Crystools]\",\"pos\":[1891,1563],\"size\":{\"0\":216.59999084472656,\"1\":146},\"flags\":{},\"order\":25,\"mode\":0,\"inputs\":[{\"name\":\"CPipeAny\",\"type\":\"CPipeAny\",\"link\":null},{\"name\":\"any_1\",\"type\":\"*\",\"link\":null,\"label\":\"MODEL\"},{\"name\":\"any_2\",\"type\":\"*\",\"link\":null,\"label\":\"CLIP\"},{\"name\":\"any_3\",\"type\":\"*\",\"link\":null,\"label\":\"VAE\"},{\"name\":\"any_4\",\"type\":\"*\",\"link\":null,\"label\":\"NEG\"},{\"name\":\"any_5\",\"type\":\"*\",\"link\":null},{\"name\":\"any_6\",\"type\":\"*\",\"link\":null}],\"outputs\":[{\"name\":\"CPipeAny\",\"type\":\"CPipeAny\",\"links\":[],\"shape\":3,\"slot_index\":0}],\"properties\":{\"Node name for S&R\":\"Pipe to/edit any [Crystools]\"},\"color\":\"#432\",\"bgcolor\":\"#653\"}],\"links\":[[2,1,1,0,45],[0,0,2,0,43],[0,1,2,1,43],[2,0,3,0,45],[5,0,3,1,48],[6,0,3,2,49],[4,0,3,3,47],[10,0,3,4,54],[1,0,5,0,44],[9,0,5,1,53],[1,0,6,0,44],[9,1,6,1,53],[8,0,9,0,51],[7,0,9,1,50],[3,0,11,0,46],[0,2,11,1,43],[11,0,12,0,55],[0,0,13,1,43],[1,0,13,2,44],[0,2,13,3,43],[6,0,13,4,49]]}"
    },
    {
      "name": "Generate-Efficient-1",
      "data": "{\"nodes\":[{\"type\":\"Efficient Loader\",\"pos\":[156,256],\"size\":[400,462],\"flags\":{},\"order\":3,\"mode\":0,\"inputs\":[{\"name\":\"lora_stack\",\"type\":\"LORA_STACK\",\"link\":null},{\"name\":\"cnet_stack\",\"type\":\"CONTROL_NET_STACK\",\"link\":null},{\"name\":\"positive\",\"type\":\"STRING\",\"link\":null,\"widget\":{\"name\":\"positive\"}},{\"name\":\"negative\",\"type\":\"STRING\",\"link\":null,\"widget\":{\"name\":\"negative\"}}],\"outputs\":[{\"name\":\"MODEL\",\"type\":\"MODEL\",\"links\":[],\"shape\":3,\"slot_index\":0},{\"name\":\"CONDITIONING+\",\"type\":\"CONDITIONING\",\"links\":[],\"shape\":3,\"slot_index\":1},{\"name\":\"CONDITIONING-\",\"type\":\"CONDITIONING\",\"links\":[],\"shape\":3,\"slot_index\":2},{\"name\":\"LATENT\",\"type\":\"LATENT\",\"links\":[],\"shape\":3,\"slot_index\":3},{\"name\":\"VAE\",\"type\":\"VAE\",\"links\":[],\"shape\":3,\"slot_index\":4},{\"name\":\"CLIP\",\"type\":\"CLIP\",\"links\":[],\"shape\":3,\"slot_index\":5},{\"name\":\"DEPENDENCIES\",\"type\":\"DEPENDENCIES\",\"links\":null,\"shape\":3}],\"properties\":{\"Node name for S&R\":\"Efficient Loader\"},\"widgets_values\":[\"SDXL\\\\realvisxlV40_v40Bakedvae.safetensors\",\"Baked VAE\",-1,\"None\",0.76,0.91,\"CLIP_POSITIVE\",\"CLIP_NEGATIVE\",\"none\",\"comfy\",1024,1024,1],\"color\":\"#223\",\"bgcolor\":\"#335\",\"shape\":1},{\"type\":\"KSampler (Efficient)\",\"pos\":[901,247],\"size\":[330,560],\"flags\":{},\"order\":4,\"mode\":0,\"inputs\":[{\"name\":\"model\",\"type\":\"MODEL\",\"link\":null},{\"name\":\"positive\",\"type\":\"CONDITIONING\",\"link\":null},{\"name\":\"negative\",\"type\":\"CONDITIONING\",\"link\":null},{\"name\":\"latent_image\",\"type\":\"LATENT\",\"link\":null,\"slot_index\":3},{\"name\":\"optional_vae\",\"type\":\"VAE\",\"link\":null},{\"name\":\"script\",\"type\":\"SCRIPT\",\"link\":null,\"slot_index\":5},{\"name\":\"seed\",\"type\":\"INT\",\"link\":null,\"widget\":{\"name\":\"seed\"}}],\"outputs\":[{\"name\":\"MODEL\",\"type\":\"MODEL\",\"links\":[],\"shape\":3,\"slot_index\":0},{\"name\":\"CONDITIONING+\",\"type\":\"CONDITIONING\",\"links\":[],\"shape\":3,\"slot_index\":1},{\"name\":\"CONDITIONING-\",\"type\":\"CONDITIONING\",\"links\":[],\"shape\":3,\"slot_index\":2},{\"name\":\"LATENT\",\"type\":\"LATENT\",\"links\":[],\"shape\":3,\"slot_index\":3},{\"name\":\"VAE\",\"type\":\"VAE\",\"links\":[],\"shape\":3,\"slot_index\":4},{\"name\":\"IMAGE\",\"type\":\"IMAGE\",\"links\":[],\"shape\":3,\"slot_index\":5}],\"properties\":{\"Node name for S&R\":\"KSampler (Efficient)\"},\"widgets_values\":[366033418905938,null,20,6,\"dpmpp_2m\",\"karras\",1,\"auto\",\"true\"],\"color\":\"#2a363b\",\"bgcolor\":\"#3f5159\",\"shape\":1},{\"type\":\"GoogleTranslateTextNode\",\"pos\":[-602,312],\"size\":{\"0\":319.1651611328125,\"1\":194.50949096679688},\"flags\":{},\"order\":1,\"mode\":0,\"outputs\":[{\"name\":\"text\",\"type\":\"STRING\",\"links\":[],\"shape\":3,\"slot_index\":0}],\"properties\":{\"Node name for S&R\":\"GoogleTranslateTextNode\"},\"widgets_values\":[\"auto\",\"en\",false,\"Manual Trasnlate\",\"Кролик боксёр\"],\"color\":\"#232\",\"bgcolor\":\"#353\"},{\"type\":\"SDXLPromptStyler\",\"pos\":[-227,328],\"size\":{\"0\":324.5039978027344,\"1\":205.0833740234375},\"flags\":{},\"order\":2,\"mode\":0,\"inputs\":[{\"name\":\"text_positive\",\"type\":\"STRING\",\"link\":null,\"widget\":{\"name\":\"text_positive\"}}],\"outputs\":[{\"name\":\"text_positive\",\"type\":\"STRING\",\"links\":[],\"shape\":3,\"slot_index\":0},{\"name\":\"text_negative\",\"type\":\"STRING\",\"links\":[],\"shape\":3,\"slot_index\":1}],\"properties\":{\"Node name for S&R\":\"SDXLPromptStyler\"},\"widgets_values\":[\"\",\"\",\"X CartoonHero\",true,true,true],\"color\":\"#322\",\"bgcolor\":\"#533\"},{\"id\":-1,\"type\":\"Seed (rgthree)\",\"pos\":{\"0\":606,\"1\":580,\"2\":0,\"3\":0,\"4\":0,\"5\":0,\"6\":0,\"7\":0,\"8\":0,\"9\":0},\"size\":{\"0\":244.8321533203125,\"1\":130},\"flags\":{},\"order\":0,\"mode\":0,\"inputs\":[],\"outputs\":[{\"name\":\"SEED\",\"type\":\"INT\",\"links\":[],\"shape\":3,\"dir\":4,\"slot_index\":0}],\"properties\":{},\"widgets_values\":[1031572691792322,null,null,null],\"color\":\"#332922\",\"bgcolor\":\"#593930\"}],\"links\":[[3,0,0,2,12],[3,1,0,3,12],[0,0,1,0,1],[0,1,1,1,1],[0,2,1,2,1],[0,3,1,3,1],[0,4,1,4,1],[4,0,1,6,13],[2,0,3,0,11]]}"
    },
    {
      "name": "FaceDetailer-1",
      "data": "{\"nodes\":[{\"type\":\"FaceDetailer\",\"pos\":[5543.653133564875,63.162659940651],\"size\":{\"0\":519,\"1\":900},\"flags\":{},\"order\":14,\"mode\":0,\"inputs\":[{\"name\":\"image\",\"type\":\"IMAGE\",\"link\":null},{\"name\":\"model\",\"type\":\"MODEL\",\"link\":null},{\"name\":\"clip\",\"type\":\"CLIP\",\"link\":null},{\"name\":\"vae\",\"type\":\"VAE\",\"link\":null},{\"name\":\"positive\",\"type\":\"CONDITIONING\",\"link\":null},{\"name\":\"negative\",\"type\":\"CONDITIONING\",\"link\":null},{\"name\":\"bbox_detector\",\"type\":\"BBOX_DETECTOR\",\"link\":null,\"slot_index\":6},{\"name\":\"sam_model_opt\",\"type\":\"SAM_MODEL\",\"link\":null},{\"name\":\"segm_detector_opt\",\"type\":\"SEGM_DETECTOR\",\"link\":null,\"slot_index\":8},{\"name\":\"detailer_hook\",\"type\":\"DETAILER_HOOK\",\"link\":null},{\"name\":\"scheduler_func_opt\",\"type\":\"SCHEDULER_FUNC\",\"link\":null}],\"outputs\":[{\"name\":\"image\",\"type\":\"IMAGE\",\"links\":[],\"shape\":3,\"slot_index\":0},{\"name\":\"cropped_refined\",\"type\":\"IMAGE\",\"links\":[],\"shape\":6,\"slot_index\":1},{\"name\":\"cropped_enhanced_alpha\",\"type\":\"IMAGE\",\"links\":[],\"shape\":6,\"slot_index\":2},{\"name\":\"mask\",\"type\":\"MASK\",\"links\":[],\"shape\":3,\"slot_index\":3},{\"name\":\"detailer_pipe\",\"type\":\"DETAILER_PIPE\",\"links\":[],\"shape\":3,\"slot_index\":4},{\"name\":\"cnet_images\",\"type\":\"IMAGE\",\"links\":[],\"shape\":6,\"slot_index\":5}],\"properties\":{\"Node name for S&R\":\"FaceDetailer\"},\"widgets_values\":[512,true,1024,1066334715357746,\"fixed\",16,7,\"dpmpp_2m\",\"AYS SDXL\",0.8,45,true,true,0.8,10,3,\"center-1\",0,0.93,0,0.7000000000000001,\"False\",10,\"\",1,false,20]},{\"type\":\"SAMLoader\",\"pos\":[5163.725428670994,372.6805900545555],\"size\":{\"0\":307.0718994140625,\"1\":82},\"flags\":{},\"order\":10,\"mode\":0,\"outputs\":[{\"name\":\"SAM_MODEL\",\"type\":\"SAM_MODEL\",\"links\":[],\"shape\":3,\"slot_index\":0}],\"properties\":{\"Node name for S&R\":\"SAMLoader\"},\"widgets_values\":[\"sam_vit_b_01ec64.pth\",\"AUTO\"]},{\"type\":\"UltralyticsDetectorProvider\",\"pos\":[5152.725428670994,226.68059005455552],\"size\":{\"0\":315,\"1\":78},\"flags\":{},\"order\":11,\"mode\":0,\"outputs\":[{\"name\":\"BBOX_DETECTOR\",\"type\":\"BBOX_DETECTOR\",\"links\":[],\"shape\":3,\"slot_index\":0},{\"name\":\"SEGM_DETECTOR\",\"type\":\"SEGM_DETECTOR\",\"links\":null,\"shape\":3,\"slot_index\":1}],\"properties\":{\"Node name for S&R\":\"UltralyticsDetectorProvider\"},\"widgets_values\":[\"bbox/face_yolov8s.pt\"]},{\"type\":\"PreviewImage\",\"pos\":[6113.725428670994,132.68059005455552],\"size\":{\"0\":210,\"1\":246},\"flags\":{},\"order\":17,\"mode\":0,\"inputs\":[{\"name\":\"images\",\"type\":\"IMAGE\",\"link\":null}],\"properties\":{\"Node name for S&R\":\"PreviewImage\"}},{\"type\":\"PreviewImage\",\"pos\":[6123.725428670994,842.6805900545556],\"size\":{\"0\":210,\"1\":246},\"flags\":{},\"order\":18,\"mode\":0,\"inputs\":[{\"name\":\"images\",\"type\":\"IMAGE\",\"link\":null}],\"properties\":{\"Node name for S&R\":\"PreviewImage\"}},{\"type\":\"MaskToImage\",\"pos\":[6113.725428670994,462.68059005455564],\"size\":{\"0\":210,\"1\":26},\"flags\":{},\"order\":19,\"mode\":0,\"inputs\":[{\"name\":\"mask\",\"type\":\"MASK\",\"link\":null}],\"outputs\":[{\"name\":\"IMAGE\",\"type\":\"IMAGE\",\"links\":[],\"shape\":3,\"slot_index\":0}],\"properties\":{\"Node name for S&R\":\"MaskToImage\"}},{\"type\":\"PreviewImage\",\"pos\":[6123.725428670994,552.6805900545556],\"size\":{\"0\":210,\"1\":246},\"flags\":{},\"order\":22,\"mode\":0,\"inputs\":[{\"name\":\"images\",\"type\":\"IMAGE\",\"link\":null}],\"properties\":{\"Node name for S&R\":\"PreviewImage\"}},{\"type\":\"PreviewImage\",\"pos\":[6123.725428670994,1152.6805900545555],\"size\":{\"0\":210,\"1\":246},\"flags\":{},\"order\":20,\"mode\":0,\"inputs\":[{\"name\":\"images\",\"type\":\"IMAGE\",\"link\":null}],\"properties\":{\"Node name for S&R\":\"PreviewImage\"}},{\"type\":\"SaveImage\",\"pos\":[6381,69],\"size\":{\"0\":401.1325378417969,\"1\":389.1404113769531},\"flags\":{},\"order\":16,\"mode\":0,\"inputs\":[{\"name\":\"images\",\"type\":\"IMAGE\",\"link\":null}],\"properties\":{},\"widgets_values\":[\"ComfyUI\"]}],\"links\":[[2,0,0,6,166],[1,0,0,7,165],[0,1,3,0,164],[0,2,4,0,164],[0,3,5,0,164],[5,0,6,0,169],[0,5,7,0,164],[0,0,8,0,164]]}"
    },
    {
      "name": "FaceDetailer-MediaPipe-1",
      "data": "{\"nodes\":[{\"type\":\"FaceDetailer\",\"pos\":[4815.6787355645165,2980.637974409852],\"size\":{\"0\":519,\"1\":900.0000610351562},\"flags\":{},\"order\":14,\"mode\":0,\"inputs\":[{\"name\":\"image\",\"type\":\"IMAGE\",\"link\":null},{\"name\":\"model\",\"type\":\"MODEL\",\"link\":null},{\"name\":\"clip\",\"type\":\"CLIP\",\"link\":null},{\"name\":\"vae\",\"type\":\"VAE\",\"link\":null},{\"name\":\"positive\",\"type\":\"CONDITIONING\",\"link\":null},{\"name\":\"negative\",\"type\":\"CONDITIONING\",\"link\":null},{\"name\":\"bbox_detector\",\"type\":\"BBOX_DETECTOR\",\"link\":null,\"slot_index\":6},{\"name\":\"sam_model_opt\",\"type\":\"SAM_MODEL\",\"link\":null,\"slot_index\":7},{\"name\":\"segm_detector_opt\",\"type\":\"SEGM_DETECTOR\",\"link\":null,\"slot_index\":8},{\"name\":\"detailer_hook\",\"type\":\"DETAILER_HOOK\",\"link\":null},{\"name\":\"scheduler_func_opt\",\"type\":\"SCHEDULER_FUNC\",\"link\":null}],\"outputs\":[{\"name\":\"image\",\"type\":\"IMAGE\",\"links\":[],\"shape\":3,\"slot_index\":0},{\"name\":\"cropped_refined\",\"type\":\"IMAGE\",\"links\":[],\"shape\":6,\"slot_index\":1},{\"name\":\"cropped_enhanced_alpha\",\"type\":\"IMAGE\",\"links\":[],\"shape\":6,\"slot_index\":2},{\"name\":\"mask\",\"type\":\"MASK\",\"links\":[],\"shape\":3,\"slot_index\":3},{\"name\":\"detailer_pipe\",\"type\":\"DETAILER_PIPE\",\"links\":[],\"shape\":3,\"slot_index\":4},{\"name\":\"cnet_images\",\"type\":\"IMAGE\",\"links\":[],\"shape\":6,\"slot_index\":5}],\"properties\":{\"Node name for S&R\":\"FaceDetailer\"},\"widgets_values\":[512,true,1024,1066334715357748,\"fixed\",16,7,\"dpmpp_2m\",\"AYS SDXL\",0.65,16,true,true,0.8,10,3,\"center-1\",0,0.93,0,0.7000000000000001,\"False\",10,\"\",1,false,20]},{\"type\":\"MediaPipeFaceMeshDetectorProvider //Inspire\",\"pos\":[4444,3286],\"size\":{\"0\":315,\"1\":270},\"flags\":{},\"order\":10,\"mode\":0,\"outputs\":[{\"name\":\"BBOX_DETECTOR\",\"type\":\"BBOX_DETECTOR\",\"links\":[],\"shape\":3,\"slot_index\":0},{\"name\":\"SEGM_DETECTOR\",\"type\":\"SEGM_DETECTOR\",\"links\":[],\"shape\":3,\"slot_index\":1}],\"properties\":{\"Node name for S&R\":\"MediaPipeFaceMeshDetectorProvider //Inspire\"},\"widgets_values\":[10,false,true,true,true,false,true,true,false]},{\"type\":\"PreviewImage\",\"pos\":[5410,2990],\"size\":{\"0\":210,\"1\":246},\"flags\":{},\"order\":17,\"mode\":0,\"inputs\":[{\"name\":\"images\",\"type\":\"IMAGE\",\"link\":null}],\"properties\":{\"Node name for S&R\":\"PreviewImage\"}},{\"type\":\"PreviewImage\",\"pos\":[5400,3280],\"size\":{\"0\":210,\"1\":246},\"flags\":{},\"order\":18,\"mode\":0,\"inputs\":[{\"name\":\"images\",\"type\":\"IMAGE\",\"link\":null}],\"properties\":{\"Node name for S&R\":\"PreviewImage\"}},{\"type\":\"MaskToImage\",\"pos\":[5400,3900],\"size\":{\"0\":210,\"1\":26},\"flags\":{},\"order\":19,\"mode\":0,\"inputs\":[{\"name\":\"mask\",\"type\":\"MASK\",\"link\":null}],\"outputs\":[{\"name\":\"IMAGE\",\"type\":\"IMAGE\",\"links\":[],\"shape\":3,\"slot_index\":0}],\"properties\":{\"Node name for S&R\":\"MaskToImage\"}},{\"type\":\"PreviewImage\",\"pos\":[5400,3980],\"size\":{\"0\":210,\"1\":246},\"flags\":{},\"order\":22,\"mode\":0,\"inputs\":[{\"name\":\"images\",\"type\":\"IMAGE\",\"link\":null}],\"properties\":{\"Node name for S&R\":\"PreviewImage\"}},{\"type\":\"PreviewImage\",\"pos\":[5400,3590],\"size\":{\"0\":210,\"1\":246},\"flags\":{},\"order\":20,\"mode\":0,\"inputs\":[{\"name\":\"images\",\"type\":\"IMAGE\",\"link\":null}],\"properties\":{\"Node name for S&R\":\"PreviewImage\"}},{\"type\":\"SaveImage\",\"pos\":[5663,3002],\"size\":{\"0\":378.615234375,\"1\":371.64959716796875},\"flags\":{},\"order\":16,\"mode\":0,\"inputs\":[{\"name\":\"images\",\"type\":\"IMAGE\",\"link\":null}],\"properties\":{},\"widgets_values\":[\"ComfyUI\"]},{\"type\":\"GoogleTranslateCLIPTextEncodeNode\",\"pos\":[4454,2988],\"size\":{\"0\":319.20001220703125,\"1\":192.0000762939453},\"flags\":{},\"order\":11,\"mode\":0,\"inputs\":[{\"name\":\"clip\",\"type\":\"CLIP\",\"link\":null}],\"outputs\":[{\"name\":\"CONDITIONING\",\"type\":\"CONDITIONING\",\"links\":[],\"shape\":3,\"slot_index\":0},{\"name\":\"STRING\",\"type\":\"STRING\",\"links\":null,\"shape\":3}],\"properties\":{\"Node name for S&R\":\"GoogleTranslateCLIPTextEncodeNode\"},\"widgets_values\":[\"auto\",\"en\",false,\"Manual Trasnlate\",\"женское лицо\"],\"color\":\"#232\",\"bgcolor\":\"#353\"}],\"links\":[[8,0,0,4,185],[1,0,0,6,177],[1,1,0,8,177],[0,1,2,0,176],[0,2,3,0,176],[0,3,4,0,176],[4,0,5,0,180],[0,5,6,0,176],[0,0,7,0,176]]}"
    },
    {
      "name": "YoloMaskDetailer",
      "data": "{\"nodes\":[{\"type\":\"Yoloworld_ModelLoader_Zho\",\"pos\":[334.9908539853484,3871.8521067444094],\"size\":{\"0\":315,\"1\":58},\"flags\":{},\"order\":1,\"mode\":0,\"outputs\":[{\"name\":\"yolo_world_model\",\"type\":\"YOLOWORLDMODEL\",\"links\":[],\"shape\":3,\"slot_index\":0}],\"properties\":{\"Node name for S&R\":\"Yoloworld_ModelLoader_Zho\"},\"widgets_values\":[\"yolo_world/l\"],\"color\":\"#2a363b\",\"bgcolor\":\"#3f5159\"},{\"type\":\"Yoloworld_ESAM_Zho\",\"pos\":[734.9908539853494,3871.8521067444094],\"size\":{\"0\":400,\"1\":400},\"flags\":{},\"order\":45,\"mode\":0,\"inputs\":[{\"name\":\"yolo_world_model\",\"type\":\"YOLOWORLDMODEL\",\"link\":null},{\"name\":\"esam_model\",\"type\":\"ESAMMODEL\",\"link\":null,\"slot_index\":1},{\"name\":\"image\",\"type\":\"IMAGE\",\"link\":null},{\"name\":\"categories\",\"type\":\"STRING\",\"link\":null,\"widget\":{\"name\":\"categories\"}}],\"outputs\":[{\"name\":\"IMAGE\",\"type\":\"IMAGE\",\"links\":[],\"shape\":3,\"slot_index\":0},{\"name\":\"MASK\",\"type\":\"MASK\",\"links\":[],\"shape\":3,\"slot_index\":1}],\"properties\":{\"Node name for S&R\":\"Yoloworld_ESAM_Zho\"},\"widgets_values\":[\"spacecraft\",0.01,0.1,2,2,1,true,false,true,false,true,0],\"color\":\"#2a363b\",\"bgcolor\":\"#3f5159\"},{\"type\":\"ESAM_ModelLoader_Zho\",\"pos\":[314.9908539853484,4011.8521067444117],\"size\":{\"0\":315,\"1\":58},\"flags\":{},\"order\":2,\"mode\":0,\"outputs\":[{\"name\":\"esam_model\",\"type\":\"ESAMMODEL\",\"links\":[],\"shape\":3}],\"properties\":{\"Node name for S&R\":\"ESAM_ModelLoader_Zho\"},\"widgets_values\":[\"CUDA\"],\"color\":\"#2a363b\",\"bgcolor\":\"#3f5159\"},{\"type\":\"PreviewImage\",\"pos\":[344.9908539853484,4351.852106744413],\"size\":{\"0\":278.6319580078125,\"1\":246},\"flags\":{},\"order\":48,\"mode\":0,\"inputs\":[{\"name\":\"images\",\"type\":\"IMAGE\",\"link\":null}],\"properties\":{\"Node name for S&R\":\"PreviewImage\"}},{\"type\":\"MaskToImage\",\"pos\":[664.9908539853493,4351.852106744413],\"size\":{\"0\":210,\"1\":26},\"flags\":{},\"order\":49,\"mode\":0,\"inputs\":[{\"name\":\"mask\",\"type\":\"MASK\",\"link\":null}],\"outputs\":[{\"name\":\"IMAGE\",\"type\":\"IMAGE\",\"links\":[],\"shape\":3,\"slot_index\":0}],\"properties\":{\"Node name for S&R\":\"MaskToImage\"}},{\"type\":\"PreviewImage\",\"pos\":[904.9908539853498,4351.852106744413],\"size\":{\"0\":210,\"1\":246},\"flags\":{},\"order\":51,\"mode\":0,\"inputs\":[{\"name\":\"images\",\"type\":\"IMAGE\",\"link\":null}],\"properties\":{\"Node name for S&R\":\"PreviewImage\"}},{\"type\":\"PreviewTextNode\",\"pos\":[734.9908539853494,3631.852106744408],\"size\":[238.60044860839844,104.25927734375],\"flags\":{},\"order\":46,\"mode\":0,\"inputs\":[{\"name\":\"text\",\"type\":\"STRING\",\"link\":null,\"widget\":{\"name\":\"text\"},\"slot_index\":0}],\"outputs\":[{\"name\":\"STRING\",\"type\":\"STRING\",\"links\":[],\"shape\":3,\"slot_index\":0}],\"properties\":{\"Node name for S&R\":\"PreviewTextNode\"},\"widgets_values\":[\"\",\"hair\"],\"color\":\"#232\",\"bgcolor\":\"#353\"},{\"type\":\"Reroute\",\"pos\":[1175.9908539853486,3752.8521067444094],\"size\":[75,26],\"flags\":{},\"order\":43,\"mode\":0,\"inputs\":[{\"name\":\"\",\"type\":\"*\",\"link\":null}],\"outputs\":[{\"name\":\"*\",\"type\":\"*\",\"links\":null}],\"properties\":{\"showOutputText\":true,\"horizontal\":false}},{\"type\":\"Reroute\",\"pos\":[1179.9908539853486,3694.8521067444085],\"size\":[75,26],\"flags\":{},\"order\":50,\"mode\":0,\"inputs\":[{\"name\":\"\",\"type\":\"*\",\"link\":null}],\"outputs\":[{\"name\":\"*\",\"type\":\"*\",\"links\":null}],\"properties\":{\"showOutputText\":true,\"horizontal\":false}},{\"type\":\"Reroute\",\"pos\":[92.990853985348,3851.8521067444094],\"size\":[75,26],\"flags\":{},\"order\":35,\"mode\":0,\"inputs\":[{\"name\":\"\",\"type\":\"*\",\"link\":null}],\"outputs\":[{\"name\":\"*\",\"type\":\"*\",\"links\":null}],\"properties\":{\"showOutputText\":true,\"horizontal\":false}},{\"type\":\"GoogleTranslateCLIPTextEncodeNode\",\"pos\":[355,3592],\"size\":{\"0\":319.20001220703125,\"1\":192},\"flags\":{},\"order\":42,\"mode\":0,\"inputs\":[{\"name\":\"clip\",\"type\":\"CLIP\",\"link\":null}],\"outputs\":[{\"name\":\"CONDITIONING\",\"type\":\"CONDITIONING\",\"links\":[],\"shape\":3,\"slot_index\":0},{\"name\":\"STRING\",\"type\":\"STRING\",\"links\":[],\"shape\":3,\"slot_index\":1}],\"properties\":{\"Node name for S&R\":\"GoogleTranslateCLIPTextEncodeNode\"},\"widgets_values\":[\"auto\",\"en\",false,\"Manual Trasnlate\",\"волосы\"],\"color\":\"#232\",\"bgcolor\":\"#353\"},{\"type\":\"Pipe from any [Crystools]\",\"pos\":[1387,3598],\"size\":{\"0\":216.59999084472656,\"1\":146},\"flags\":{},\"order\":31,\"mode\":0,\"inputs\":[{\"name\":\"CPipeAny\",\"type\":\"CPipeAny\",\"link\":null}],\"outputs\":[{\"name\":\"CPipeAny\",\"type\":\"CPipeAny\",\"links\":null,\"shape\":3},{\"name\":\"any_1\",\"type\":\"*\",\"links\":[],\"shape\":3,\"label\":\"MODEL\",\"slot_index\":1},{\"name\":\"any_2\",\"type\":\"*\",\"links\":[],\"shape\":3,\"label\":\"CLIP\",\"slot_index\":2},{\"name\":\"any_3\",\"type\":\"*\",\"links\":[],\"shape\":3,\"label\":\"VAE\",\"slot_index\":3},{\"name\":\"any_4\",\"type\":\"*\",\"links\":[],\"shape\":3,\"label\":\"POS\",\"slot_index\":4},{\"name\":\"any_5\",\"type\":\"*\",\"links\":[],\"shape\":3,\"label\":\"NEG\",\"slot_index\":5},{\"name\":\"any_6\",\"type\":\"*\",\"links\":null,\"shape\":3,\"label\":\"IMG\"}],\"properties\":{\"Node name for S&R\":\"Pipe from any [Crystools]\"},\"color\":\"#432\",\"bgcolor\":\"#653\"},{\"type\":\"DetailerForEachDebug\",\"pos\":[1847,3792],\"size\":{\"0\":506.4000244140625,\"1\":620},\"flags\":{},\"order\":54,\"mode\":0,\"inputs\":[{\"name\":\"image\",\"type\":\"IMAGE\",\"link\":null},{\"name\":\"segs\",\"type\":\"SEGS\",\"link\":null},{\"name\":\"model\",\"type\":\"MODEL\",\"link\":null},{\"name\":\"clip\",\"type\":\"CLIP\",\"link\":null},{\"name\":\"vae\",\"type\":\"VAE\",\"link\":null},{\"name\":\"positive\",\"type\":\"CONDITIONING\",\"link\":null},{\"name\":\"negative\",\"type\":\"CONDITIONING\",\"link\":null},{\"name\":\"detailer_hook\",\"type\":\"DETAILER_HOOK\",\"link\":null},{\"name\":\"scheduler_func_opt\",\"type\":\"SCHEDULER_FUNC\",\"link\":null}],\"outputs\":[{\"name\":\"image\",\"type\":\"IMAGE\",\"links\":[],\"shape\":3,\"slot_index\":0},{\"name\":\"cropped\",\"type\":\"IMAGE\",\"links\":null,\"shape\":6},{\"name\":\"cropped_refined\",\"type\":\"IMAGE\",\"links\":null,\"shape\":6},{\"name\":\"cropped_refined_alpha\",\"type\":\"IMAGE\",\"links\":null,\"shape\":6},{\"name\":\"cnet_images\",\"type\":\"IMAGE\",\"links\":null,\"shape\":6}],\"properties\":{\"Node name for S&R\":\"DetailerForEachDebug\"},\"widgets_values\":[512,true,1024,987103094841843,\"fixed\",20,6,\"dpmpp_2m\",\"karras\",0.6,20,true,true,\"\",1,false,20]},{\"type\":\"MaskToSEGS\",\"pos\":[1847,3584],\"size\":{\"0\":315,\"1\":154},\"flags\":{},\"order\":53,\"mode\":0,\"inputs\":[{\"name\":\"mask\",\"type\":\"MASK\",\"link\":null}],\"outputs\":[{\"name\":\"SEGS\",\"type\":\"SEGS\",\"links\":[],\"shape\":3,\"slot_index\":0}],\"properties\":{\"Node name for S&R\":\"MaskToSEGS\"},\"widgets_values\":[false,3,false,10,false]},{\"type\":\"PreviewImage\",\"pos\":[2377.7880479922233,3607.571314465887],\"size\":{\"0\":312.2630615234375,\"1\":376.42388916015625},\"flags\":{},\"order\":55,\"mode\":0,\"inputs\":[{\"name\":\"images\",\"type\":\"IMAGE\",\"link\":null}],\"properties\":{\"Node name for S&R\":\"PreviewImage\"}},{\"type\":\"GoogleTranslateCLIPTextEncodeNode\",\"pos\":[1483,3980],\"size\":{\"0\":319.20001220703125,\"1\":192},\"flags\":{},\"order\":40,\"mode\":0,\"inputs\":[{\"name\":\"clip\",\"type\":\"CLIP\",\"link\":null}],\"outputs\":[{\"name\":\"CONDITIONING\",\"type\":\"CONDITIONING\",\"links\":[],\"shape\":3,\"slot_index\":0},{\"name\":\"STRING\",\"type\":\"STRING\",\"links\":[],\"shape\":3,\"slot_index\":1}],\"properties\":{\"Node name for S&R\":\"GoogleTranslateCLIPTextEncodeNode\"},\"widgets_values\":[\"auto\",\"en\",false,\"Manual Trasnlate\",\"светлые волосы\"],\"color\":\"#232\",\"bgcolor\":\"#353\"},{\"type\":\"GoogleTranslateCLIPTextEncodeNode\",\"pos\":[1483,4228],\"size\":{\"0\":319.20001220703125,\"1\":192.00015258789062},\"flags\":{},\"order\":41,\"mode\":0,\"inputs\":[{\"name\":\"clip\",\"type\":\"CLIP\",\"link\":null}],\"outputs\":[{\"name\":\"CONDITIONING\",\"type\":\"CONDITIONING\",\"links\":[],\"shape\":3,\"slot_index\":0},{\"name\":\"STRING\",\"type\":\"STRING\",\"links\":[],\"shape\":3,\"slot_index\":1}],\"properties\":{\"Node name for S&R\":\"GoogleTranslateCLIPTextEncodeNode\"},\"widgets_values\":[\"auto\",\"en\",false,\"Manual Trasnlate\",\"головной убор, наушники\"],\"color\":\"#322\",\"bgcolor\":\"#533\"},{\"type\":\"Pipe from any [Crystools]\",\"pos\":[87.63988739543795,3660.2480430590135],\"size\":{\"0\":216.59999084472656,\"1\":146},\"flags\":{},\"order\":32,\"mode\":0,\"inputs\":[{\"name\":\"CPipeAny\",\"type\":\"CPipeAny\",\"link\":null}],\"outputs\":[{\"name\":\"CPipeAny\",\"type\":\"CPipeAny\",\"links\":null,\"shape\":3},{\"name\":\"any_1\",\"type\":\"*\",\"links\":[],\"shape\":3,\"label\":\"MODEL\",\"slot_index\":1},{\"name\":\"any_2\",\"type\":\"*\",\"links\":[],\"shape\":3,\"label\":\"CLIP\",\"slot_index\":2},{\"name\":\"any_3\",\"type\":\"*\",\"links\":[],\"shape\":3,\"label\":\"VAE\",\"slot_index\":3},{\"name\":\"any_4\",\"type\":\"*\",\"links\":[],\"shape\":3,\"label\":\"POS\",\"slot_index\":4},{\"name\":\"any_5\",\"type\":\"*\",\"links\":[],\"shape\":3,\"label\":\"NEG\",\"slot_index\":5},{\"name\":\"any_6\",\"type\":\"*\",\"links\":null,\"shape\":3,\"label\":\"IMG\"}],\"properties\":{\"Node name for S&R\":\"Pipe from any [Crystools]\"},\"color\":\"#432\",\"bgcolor\":\"#653\"},{\"type\":\"Reroute\",\"pos\":[1391.7880479922292,3871.5713144658903],\"size\":[75,26],\"flags\":{},\"order\":47,\"mode\":0,\"inputs\":[{\"name\":\"\",\"type\":\"*\",\"link\":null}],\"outputs\":[{\"name\":\"*\",\"type\":\"*\",\"links\":null}],\"properties\":{\"showOutputText\":true,\"horizontal\":false}},{\"type\":\"Reroute\",\"pos\":[1398.7880479922292,3815.5713144658894],\"size\":[75,26],\"flags\":{},\"order\":52,\"mode\":0,\"inputs\":[{\"name\":\"\",\"type\":\"*\",\"link\":null}],\"outputs\":[{\"name\":\"*\",\"type\":\"*\",\"links\":null}],\"properties\":{\"showOutputText\":true,\"horizontal\":false}}],\"links\":[[0,0,1,0,85],[2,0,1,1,87],[9,0,1,2,98],[10,1,1,3,99],[1,0,3,0,86],[1,1,4,0,86],[4,0,5,0,89],[10,1,6,0,99],[9,0,7,0,98],[1,1,8,0,86],[0,0,9,0,44],[17,2,10,0,125],[null,0,11,0,76],[18,0,12,0,126],[13,0,12,1,121],[11,1,12,2,101],[11,3,12,3,101],[11,3,12,4,101],[15,0,12,5,123],[16,0,12,6,124],[19,0,13,0,127],[12,0,14,0,120],[11,2,15,0,101],[11,2,16,0,101],[null,0,17,0,76],[7,0,18,0,96],[8,0,19,0,97]]}"
    }
  ]
}