{
  "last_node_id": 189,
  "last_link_id": 287,
  "nodes": [
    {
      "id": 87,
      "type": "ControlNetApplyAdvanced",
      "pos": [
        2873.1397562720763,
        671.6568393462846
      ],
      "size": {
        "0": 343.86712646484375,
        "1": 166
      },
      "flags": {},
      "order": 61,
      "mode": 0,
      "inputs": [
        {
          "name": "positive",
          "type": "CONDITIONING",
          "link": 117
        },
        {
          "name": "negative",
          "type": "CONDITIONING",
          "link": 118
        },
        {
          "name": "control_net",
          "type": "CONTROL_NET",
          "link": 119,
          "slot_index": 2
        },
        {
          "name": "image",
          "type": "IMAGE",
          "link": 120,
          "slot_index": 3
        }
      ],
      "outputs": [
        {
          "name": "positive",
          "type": "CONDITIONING",
          "links": [
            134
          ],
          "slot_index": 0,
          "shape": 3
        },
        {
          "name": "negative",
          "type": "CONDITIONING",
          "links": [
            135
          ],
          "slot_index": 1,
          "shape": 3
        }
      ],
      "properties": {
        "Node name for S&R": "ControlNetApplyAdvanced"
      },
      "widgets_values": [
        1,
        0,
        0.9
      ],
      "color": "#432",
      "bgcolor": "#653"
    },
    {
      "id": 97,
      "type": "TilePreprocessor",
      "pos": [
        2883.1397562720763,
        881.6568393462849
      ],
      "size": {
        "0": 315,
        "1": 82
      },
      "flags": {},
      "order": 59,
      "mode": 0,
      "inputs": [
        {
          "name": "image",
          "type": "IMAGE",
          "link": 131
        }
      ],
      "outputs": [
        {
          "name": "IMAGE",
          "type": "IMAGE",
          "links": [
            120
          ],
          "slot_index": 0,
          "shape": 3
        }
      ],
      "properties": {
        "Node name for S&R": "TilePreprocessor"
      },
      "widgets_values": [
        1,
        768
      ],
      "color": "#432",
      "bgcolor": "#653"
    },
    {
      "id": 54,
      "type": "Efficient Loader",
      "pos": [
        -872.1089382510538,
        771.0344818234696
      ],
      "size": {
        "0": 400,
        "1": 462
      },
      "flags": {},
      "order": 27,
      "mode": 0,
      "inputs": [
        {
          "name": "lora_stack",
          "type": "LORA_STACK",
          "link": null
        },
        {
          "name": "cnet_stack",
          "type": "CONTROL_NET_STACK",
          "link": null
        },
        {
          "name": "positive",
          "type": "STRING",
          "link": 70,
          "widget": {
            "name": "positive"
          }
        },
        {
          "name": "negative",
          "type": "STRING",
          "link": 71,
          "widget": {
            "name": "negative"
          }
        }
      ],
      "outputs": [
        {
          "name": "MODEL",
          "type": "MODEL",
          "links": [
            72
          ],
          "slot_index": 0,
          "shape": 3
        },
        {
          "name": "CONDITIONING+",
          "type": "CONDITIONING",
          "links": [
            73
          ],
          "slot_index": 1,
          "shape": 3
        },
        {
          "name": "CONDITIONING-",
          "type": "CONDITIONING",
          "links": [
            74
          ],
          "slot_index": 2,
          "shape": 3
        },
        {
          "name": "LATENT",
          "type": "LATENT",
          "links": [
            75
          ],
          "slot_index": 3,
          "shape": 3
        },
        {
          "name": "VAE",
          "type": "VAE",
          "links": [
            76
          ],
          "slot_index": 4,
          "shape": 3
        },
        {
          "name": "CLIP",
          "type": "CLIP",
          "links": [],
          "slot_index": 5,
          "shape": 3
        },
        {
          "name": "DEPENDENCIES",
          "type": "DEPENDENCIES",
          "links": null,
          "shape": 3
        }
      ],
      "properties": {
        "Node name for S&R": "Efficient Loader"
      },
      "widgets_values": [
        "SDXL\\realvisxlV40_v40Bakedvae.safetensors",
        "Baked VAE",
        -1,
        "None",
        0.76,
        0.91,
        "CLIP_POSITIVE",
        "CLIP_NEGATIVE",
        "none",
        "comfy",
        1024,
        1024,
        1,
        true,
        true
      ],
      "color": "#223",
      "bgcolor": "#335",
      "shape": 1
    },
    {
      "id": 57,
      "type": "SDXLPromptStyler",
      "pos": [
        -1240.1089382510536,
        1029.0344818234694
      ],
      "size": {
        "0": 324.5039978027344,
        "1": 205.0833740234375
      },
      "flags": {},
      "order": 15,
      "mode": 0,
      "inputs": [
        {
          "name": "text_positive",
          "type": "STRING",
          "link": 78,
          "widget": {
            "name": "text_positive"
          }
        }
      ],
      "outputs": [
        {
          "name": "text_positive",
          "type": "STRING",
          "links": [
            70
          ],
          "slot_index": 0,
          "shape": 3
        },
        {
          "name": "text_negative",
          "type": "STRING",
          "links": [
            71
          ],
          "slot_index": 1,
          "shape": 3
        }
      ],
      "properties": {
        "Node name for S&R": "SDXLPromptStyler"
      },
      "widgets_values": [
        "",
        "",
        "Cinematic",
        true,
        true,
        true,
        true,
        true
      ],
      "color": "#322",
      "bgcolor": "#533"
    },
    {
      "id": 83,
      "type": "ShowText|pysssss",
      "pos": [
        -1229.1089382510536,
        664.0344818234696
      ],
      "size": {
        "0": 315,
        "1": 76.00000762939453
      },
      "flags": {},
      "order": 16,
      "mode": 0,
      "inputs": [
        {
          "name": "text",
          "type": "STRING",
          "link": 116,
          "widget": {
            "name": "text"
          }
        }
      ],
      "outputs": [
        {
          "name": "STRING",
          "type": "STRING",
          "links": null,
          "shape": 6
        }
      ],
      "properties": {
        "Node name for S&R": "ShowText|pysssss"
      },
      "widgets_values": [
        "",
        "Portrait of Woman doctor and patient"
      ],
      "color": "#232",
      "bgcolor": "#353"
    },
    {
      "id": 112,
      "type": "PreviewImage",
      "pos": [
        1639.6167986542166,
        1308.3911894514372
      ],
      "size": {
        "0": 210,
        "1": 246
      },
      "flags": {},
      "order": 50,
      "mode": 0,
      "inputs": [
        {
          "name": "images",
          "type": "IMAGE",
          "link": 150
        }
      ],
      "properties": {
        "Node name for S&R": "PreviewImage"
      },
      "color": "#432",
      "bgcolor": "#653"
    },
    {
      "id": 56,
      "type": "GoogleTranslateTextNode",
      "pos": [
        -1237.1089382510536,
        787.0344818234696
      ],
      "size": {
        "0": 319.1651611328125,
        "1": 194.50949096679688
      },
      "flags": {},
      "order": 0,
      "mode": 0,
      "outputs": [
        {
          "name": "text",
          "type": "STRING",
          "links": [
            78,
            116
          ],
          "slot_index": 0,
          "shape": 3
        }
      ],
      "properties": {
        "Node name for S&R": "GoogleTranslateTextNode"
      },
      "widgets_values": [
        "auto",
        "en",
        false,
        "Manual Trasnlate",
        "портрет woman врача и пациент",
        true
      ],
      "color": "#232",
      "bgcolor": "#353"
    },
    {
      "id": 58,
      "type": "Seed (rgthree)",
      "pos": {
        "0": -442.1972351074219,
        "1": 1090.68310546875,
        "2": 0,
        "3": 0,
        "4": 0,
        "5": 0,
        "6": 0,
        "7": 0,
        "8": 0,
        "9": 0
      },
      "size": {
        "0": 219.84666442871094,
        "1": 154
      },
      "flags": {},
      "order": 1,
      "mode": 0,
      "inputs": [],
      "outputs": [
        {
          "name": "SEED",
          "type": "INT",
          "links": [
            77
          ],
          "slot_index": 0,
          "shape": 3,
          "dir": 4
        }
      ],
      "properties": {},
      "widgets_values": [
        902910585525106,
        null,
        null,
        null,
        null
      ],
      "color": "#332922",
      "bgcolor": "#593930"
    },
    {
      "id": 90,
      "type": "TiledDiffusion",
      "pos": [
        2800.1397562720763,
        1083.6568393462853
      ],
      "size": {
        "0": 315,
        "1": 154
      },
      "flags": {},
      "order": 20,
      "mode": 0,
      "inputs": [
        {
          "name": "model",
          "type": "MODEL",
          "link": 122
        }
      ],
      "outputs": [
        {
          "name": "MODEL",
          "type": "MODEL",
          "links": [
            140
          ],
          "slot_index": 0,
          "shape": 3
        }
      ],
      "properties": {
        "Node name for S&R": "TiledDiffusion"
      },
      "widgets_values": [
        "MultiDiffusion",
        848,
        848,
        128,
        8
      ],
      "color": "#223",
      "bgcolor": "#335"
    },
    {
      "id": 91,
      "type": "Reroute",
      "pos": [
        2761.1397562720763,
        1267.6568393462849
      ],
      "size": [
        75,
        26
      ],
      "flags": {},
      "order": 56,
      "mode": 0,
      "inputs": [
        {
          "name": "",
          "type": "*",
          "link": 123,
          "label": "🧲 IMG"
        }
      ],
      "outputs": [
        {
          "name": "",
          "type": "IMAGE",
          "links": [
            126,
            132
          ]
        }
      ],
      "properties": {
        "showOutputText": false,
        "horizontal": false
      },
      "color": "#223",
      "bgcolor": "#335"
    },
    {
      "id": 102,
      "type": "PerturbedAttentionGuidance",
      "pos": [
        3162.1397562720763,
        1088.6568393462853
      ],
      "size": {
        "0": 260.05572509765625,
        "1": 58
      },
      "flags": {},
      "order": 29,
      "mode": 0,
      "inputs": [
        {
          "name": "model",
          "type": "MODEL",
          "link": 140
        }
      ],
      "outputs": [
        {
          "name": "MODEL",
          "type": "MODEL",
          "links": [
            141
          ],
          "slot_index": 0,
          "shape": 3
        }
      ],
      "properties": {
        "Node name for S&R": "PerturbedAttentionGuidance"
      },
      "widgets_values": [
        3
      ],
      "color": "#223",
      "bgcolor": "#335"
    },
    {
      "id": 96,
      "type": "VAEEncode",
      "pos": [
        2944.1397562720763,
        1310.6568393462849
      ],
      "size": {
        "0": 140,
        "1": 46
      },
      "flags": {
        "collapsed": false
      },
      "order": 60,
      "mode": 0,
      "inputs": [
        {
          "name": "pixels",
          "type": "IMAGE",
          "link": 129
        },
        {
          "name": "vae",
          "type": "VAE",
          "link": 130
        }
      ],
      "outputs": [
        {
          "name": "LATENT",
          "type": "LATENT",
          "links": [
            136
          ],
          "slot_index": 0,
          "shape": 3
        }
      ],
      "properties": {
        "Node name for S&R": "VAEEncode"
      },
      "color": "#223",
      "bgcolor": "#335"
    },
    {
      "id": 93,
      "type": "Image Comparer (rgthree)",
      "pos": {
        "0": 3482.140380859375,
        "1": 1094.6572265625,
        "2": 0,
        "3": 0,
        "4": 0,
        "5": 0,
        "6": 0,
        "7": 0,
        "8": 0,
        "9": 0
      },
      "size": {
        "0": 332.0370178222656,
        "1": 350.92437744140625
      },
      "flags": {},
      "order": 64,
      "mode": 0,
      "inputs": [
        {
          "name": "image_a",
          "type": "IMAGE",
          "link": 286,
          "dir": 3,
          "label": "Upscale"
        },
        {
          "name": "image_b",
          "type": "IMAGE",
          "link": 126,
          "dir": 3,
          "label": "Referenc"
        }
      ],
      "outputs": [],
      "properties": {
        "comparer_mode": "Slide"
      },
      "widgets_values": [
        [
          {
            "name": "A",
            "selected": true,
            "url": "/api/view?filename=rgthree.compare._temp_xahal_00001_.png&type=temp&subfolder=&rand=0.07763210038015478"
          },
          {
            "name": "B",
            "selected": true,
            "url": "/api/view?filename=rgthree.compare._temp_xahal_00002_.png&type=temp&subfolder=&rand=0.3912857393721403"
          }
        ]
      ],
      "color": "#223",
      "bgcolor": "#335"
    },
    {
      "id": 95,
      "type": "SaveImage",
      "pos": [
        3480.139756272077,
        1499.6568393462849
      ],
      "size": {
        "0": 210,
        "1": 270.0000305175781
      },
      "flags": {},
      "order": 65,
      "mode": 0,
      "inputs": [
        {
          "name": "images",
          "type": "IMAGE",
          "link": 287
        }
      ],
      "properties": {
        "Node name for S&R": "SaveImage"
      },
      "widgets_values": [
        "ComfyUI"
      ],
      "color": "#223",
      "bgcolor": "#335"
    },
    {
      "id": 89,
      "type": "Reroute",
      "pos": [
        2778.027517167317,
        930.3086251720508
      ],
      "size": [
        75,
        26
      ],
      "flags": {},
      "order": 57,
      "mode": 0,
      "inputs": [
        {
          "name": "",
          "type": "*",
          "link": 151,
          "label": "🧲 IMG"
        }
      ],
      "outputs": [
        {
          "name": "",
          "type": "IMAGE",
          "links": [
            131
          ]
        }
      ],
      "properties": {
        "showOutputText": false,
        "horizontal": false
      },
      "color": "#432",
      "bgcolor": "#653"
    },
    {
      "id": 94,
      "type": "ConstrainImage|pysssss",
      "pos": [
        2352.027517167317,
        1169.308625172051
      ],
      "size": {
        "0": 286.69256591796875,
        "1": 154
      },
      "flags": {},
      "order": 53,
      "mode": 0,
      "inputs": [
        {
          "name": "images",
          "type": "IMAGE",
          "link": 138,
          "slot_index": 0
        }
      ],
      "outputs": [
        {
          "name": "IMAGE",
          "type": "IMAGE",
          "links": [
            123,
            151
          ],
          "slot_index": 0,
          "shape": 6
        }
      ],
      "properties": {
        "Node name for S&R": "ConstrainImage|pysssss"
      },
      "widgets_values": [
        960,
        960,
        0,
        0,
        "no"
      ],
      "color": "#233",
      "bgcolor": "#355"
    },
    {
      "id": 117,
      "type": "PreviewImage",
      "pos": [
        1986.6850234356734,
        1843.5967661202435
      ],
      "size": {
        "0": 210,
        "1": 246
      },
      "flags": {},
      "order": 54,
      "mode": 0,
      "inputs": [
        {
          "name": "images",
          "type": "IMAGE",
          "link": 161
        }
      ],
      "properties": {
        "Node name for S&R": "PreviewImage"
      },
      "color": "#233",
      "bgcolor": "#355"
    },
    {
      "id": 120,
      "type": "Image Comparer (rgthree)",
      "pos": {
        "0": -205.8983612060547,
        "1": 2902.140625,
        "2": 0,
        "3": 0,
        "4": 0,
        "5": 0,
        "6": 0,
        "7": 0,
        "8": 0,
        "9": 0
      },
      "size": {
        "0": 336.8219909667969,
        "1": 316.5036926269531
      },
      "flags": {},
      "order": 40,
      "mode": 0,
      "inputs": [
        {
          "name": "image_a",
          "type": "IMAGE",
          "link": 169,
          "dir": 3
        },
        {
          "name": "image_b",
          "type": "IMAGE",
          "link": 171,
          "dir": 3
        }
      ],
      "outputs": [],
      "properties": {
        "comparer_mode": "Slide"
      },
      "widgets_values": [
        [
          {
            "name": "A",
            "selected": true,
            "url": "/api/view?filename=rgthree.compare._temp_pdxab_00007_.png&type=temp&subfolder=&rand=0.14582669099810452"
          },
          {
            "name": "B",
            "selected": true,
            "url": "/api/view?filename=rgthree.compare._temp_pdxab_00008_.png&type=temp&subfolder=&rand=0.2953409302910297"
          }
        ]
      ]
    },
    {
      "id": 154,
      "type": "PreviewImage",
      "pos": [
        516.457185440389,
        4964.51777581047
      ],
      "size": {
        "0": 210,
        "1": 246
      },
      "flags": {},
      "order": 34,
      "mode": 0,
      "inputs": [
        {
          "name": "images",
          "type": "IMAGE",
          "link": 211
        }
      ],
      "properties": {
        "Node name for S&R": "PreviewImage"
      },
      "color": "#2a363b",
      "bgcolor": "#3f5159"
    },
    {
      "id": 158,
      "type": "Efficient Loader",
      "pos": [
        1762.663097101632,
        4517.902534357259
      ],
      "size": {
        "0": 400,
        "1": 462
      },
      "flags": {},
      "order": 28,
      "mode": 0,
      "inputs": [
        {
          "name": "lora_stack",
          "type": "LORA_STACK",
          "link": null
        },
        {
          "name": "cnet_stack",
          "type": "CONTROL_NET_STACK",
          "link": null
        },
        {
          "name": "positive",
          "type": "STRING",
          "link": 218,
          "widget": {
            "name": "positive"
          }
        },
        {
          "name": "negative",
          "type": "STRING",
          "link": 219,
          "widget": {
            "name": "negative"
          }
        }
      ],
      "outputs": [
        {
          "name": "MODEL",
          "type": "MODEL",
          "links": [
            220
          ],
          "slot_index": 0,
          "shape": 3
        },
        {
          "name": "CONDITIONING+",
          "type": "CONDITIONING",
          "links": [
            221
          ],
          "slot_index": 1,
          "shape": 3
        },
        {
          "name": "CONDITIONING-",
          "type": "CONDITIONING",
          "links": [
            222
          ],
          "slot_index": 2,
          "shape": 3
        },
        {
          "name": "LATENT",
          "type": "LATENT",
          "links": [
            223
          ],
          "slot_index": 3,
          "shape": 3
        },
        {
          "name": "VAE",
          "type": "VAE",
          "links": [
            224
          ],
          "slot_index": 4,
          "shape": 3
        },
        {
          "name": "CLIP",
          "type": "CLIP",
          "links": [],
          "slot_index": 5,
          "shape": 3
        },
        {
          "name": "DEPENDENCIES",
          "type": "DEPENDENCIES",
          "links": null,
          "shape": 3
        }
      ],
      "properties": {
        "Node name for S&R": "Efficient Loader"
      },
      "widgets_values": [
        "SDXL\\realvisxlV40_v40Bakedvae.safetensors",
        "Baked VAE",
        -1,
        "None",
        0.76,
        0.91,
        "CLIP_POSITIVE",
        "CLIP_NEGATIVE",
        "none",
        "comfy",
        1024,
        1024,
        1,
        true,
        true
      ],
      "color": "#223",
      "bgcolor": "#335",
      "shape": 1
    },
    {
      "id": 161,
      "type": "SDXLPromptStyler",
      "pos": [
        1402.663097101632,
        4777.902534357259
      ],
      "size": {
        "0": 324.5039978027344,
        "1": 205.0833740234375
      },
      "flags": {},
      "order": 17,
      "mode": 0,
      "inputs": [
        {
          "name": "text_positive",
          "type": "STRING",
          "link": 226,
          "widget": {
            "name": "text_positive"
          }
        }
      ],
      "outputs": [
        {
          "name": "text_positive",
          "type": "STRING",
          "links": [
            218
          ],
          "slot_index": 0,
          "shape": 3
        },
        {
          "name": "text_negative",
          "type": "STRING",
          "links": [
            219
          ],
          "slot_index": 1,
          "shape": 3
        }
      ],
      "properties": {
        "Node name for S&R": "SDXLPromptStyler"
      },
      "widgets_values": [
        "",
        "",
        "Cinematic",
        true,
        true,
        true,
        true,
        true
      ],
      "color": "#322",
      "bgcolor": "#533"
    },
    {
      "id": 160,
      "type": "GoogleTranslateTextNode",
      "pos": [
        1402.663097101632,
        4537.902534357259
      ],
      "size": {
        "0": 319.1651611328125,
        "1": 194.50949096679688
      },
      "flags": {},
      "order": 2,
      "mode": 0,
      "outputs": [
        {
          "name": "text",
          "type": "STRING",
          "links": [
            226,
            227
          ],
          "slot_index": 0,
          "shape": 3
        }
      ],
      "properties": {
        "Node name for S&R": "GoogleTranslateTextNode"
      },
      "widgets_values": [
        "auto",
        "en",
        false,
        "Manual Trasnlate",
        "портрет мужчины в спортивном костюме",
        true
      ],
      "color": "#232",
      "bgcolor": "#353"
    },
    {
      "id": 164,
      "type": "PreviewImage",
      "pos": [
        2842.6630971016316,
        4587.902534357259
      ],
      "size": {
        "0": 210,
        "1": 246
      },
      "flags": {},
      "order": 43,
      "mode": 0,
      "inputs": [
        {
          "name": "images",
          "type": "IMAGE",
          "link": 228
        }
      ],
      "properties": {
        "Node name for S&R": "PreviewImage"
      }
    },
    {
      "id": 163,
      "type": "ShowText|pysssss",
      "pos": [
        1412.663097101632,
        4417.902534357259
      ],
      "size": {
        "0": 315,
        "1": 76.00000762939453
      },
      "flags": {},
      "order": 18,
      "mode": 0,
      "inputs": [
        {
          "name": "text",
          "type": "STRING",
          "link": 227,
          "widget": {
            "name": "text"
          }
        }
      ],
      "outputs": [
        {
          "name": "STRING",
          "type": "STRING",
          "links": null,
          "shape": 6
        }
      ],
      "properties": {
        "Node name for S&R": "ShowText|pysssss"
      },
      "widgets_values": [
        "",
        "Portrait of a man in a tracksuit"
      ],
      "color": "#232",
      "bgcolor": "#353"
    },
    {
      "id": 155,
      "type": "ReActorFaceSwap",
      "pos": [
        156.45718544038897,
        4964.51777581047
      ],
      "size": {
        "0": 315,
        "1": 358
      },
      "flags": {},
      "order": 25,
      "mode": 0,
      "inputs": [
        {
          "name": "input_image",
          "type": "IMAGE",
          "link": 263
        },
        {
          "name": "source_image",
          "type": "IMAGE",
          "link": 213
        },
        {
          "name": "face_model",
          "type": "FACE_MODEL",
          "link": null
        },
        {
          "name": "face_boost",
          "type": "FACE_BOOST",
          "link": null
        }
      ],
      "outputs": [
        {
          "name": "IMAGE",
          "type": "IMAGE",
          "links": [
            211,
            243
          ],
          "slot_index": 0,
          "shape": 3
        },
        {
          "name": "FACE_MODEL",
          "type": "FACE_MODEL",
          "links": [],
          "slot_index": 1,
          "shape": 3
        }
      ],
      "properties": {
        "Node name for S&R": "ReActorFaceSwap"
      },
      "widgets_values": [
        true,
        "inswapper_128.onnx",
        "YOLOv5l",
        "none",
        0.6,
        0.3,
        "no",
        "no",
        "0",
        "0",
        1
      ],
      "color": "#2a363b",
      "bgcolor": "#3f5159"
    },
    {
      "id": 124,
      "type": "ReActorFaceSwap",
      "pos": [
        186.45718544038897,
        3734.5177758104687
      ],
      "size": {
        "0": 315,
        "1": 358
      },
      "flags": {},
      "order": 23,
      "mode": 0,
      "inputs": [
        {
          "name": "input_image",
          "type": "IMAGE",
          "link": 203
        },
        {
          "name": "source_image",
          "type": "IMAGE",
          "link": 204
        },
        {
          "name": "face_model",
          "type": "FACE_MODEL",
          "link": null
        },
        {
          "name": "face_boost",
          "type": "FACE_BOOST",
          "link": null
        }
      ],
      "outputs": [
        {
          "name": "IMAGE",
          "type": "IMAGE",
          "links": [
            173
          ],
          "slot_index": 0,
          "shape": 3
        },
        {
          "name": "FACE_MODEL",
          "type": "FACE_MODEL",
          "links": [
            238
          ],
          "slot_index": 1,
          "shape": 3
        }
      ],
      "properties": {
        "Node name for S&R": "ReActorFaceSwap"
      },
      "widgets_values": [
        true,
        "inswapper_128.onnx",
        "YOLOv5l",
        "none",
        0.6,
        0.3,
        "no",
        "no",
        "0",
        "0",
        1
      ],
      "color": "#2a363b",
      "bgcolor": "#3f5159"
    },
    {
      "id": 152,
      "type": "ReActorFaceSwap",
      "pos": [
        166.45718544038897,
        4554.51777581047
      ],
      "size": {
        "0": 315,
        "1": 358
      },
      "flags": {},
      "order": 24,
      "mode": 0,
      "inputs": [
        {
          "name": "input_image",
          "type": "IMAGE",
          "link": 262
        },
        {
          "name": "source_image",
          "type": "IMAGE",
          "link": 210
        },
        {
          "name": "face_model",
          "type": "FACE_MODEL",
          "link": null
        },
        {
          "name": "face_boost",
          "type": "FACE_BOOST",
          "link": null
        }
      ],
      "outputs": [
        {
          "name": "IMAGE",
          "type": "IMAGE",
          "links": [
            208,
            241
          ],
          "slot_index": 0,
          "shape": 3
        },
        {
          "name": "FACE_MODEL",
          "type": "FACE_MODEL",
          "links": [],
          "slot_index": 1,
          "shape": 3
        }
      ],
      "properties": {
        "Node name for S&R": "ReActorFaceSwap"
      },
      "widgets_values": [
        true,
        "inswapper_128.onnx",
        "YOLOv5l",
        "none",
        0.6,
        0.3,
        "no",
        "no",
        "0",
        "0",
        1
      ],
      "color": "#2a363b",
      "bgcolor": "#3f5159"
    },
    {
      "id": 165,
      "type": "PreviewImage",
      "pos": [
        2864.2203242020714,
        3921.907005134243
      ],
      "size": {
        "0": 210,
        "1": 246
      },
      "flags": {},
      "order": 48,
      "mode": 0,
      "inputs": [
        {
          "name": "images",
          "type": "IMAGE",
          "link": 229
        }
      ],
      "properties": {
        "Node name for S&R": "PreviewImage"
      },
      "color": "#432",
      "bgcolor": "#653"
    },
    {
      "id": 153,
      "type": "LoadImage",
      "pos": [
        -233.54281455961046,
        4564.51777581047
      ],
      "size": {
        "0": 320,
        "1": 314
      },
      "flags": {},
      "order": 3,
      "mode": 0,
      "outputs": [
        {
          "name": "IMAGE",
          "type": "IMAGE",
          "links": [
            210
          ],
          "slot_index": 0,
          "shape": 3
        },
        {
          "name": "MASK",
          "type": "MASK",
          "links": null,
          "shape": 3
        }
      ],
      "properties": {
        "Node name for S&R": "LoadImage"
      },
      "widgets_values": [
        "5.png",
        "image"
      ]
    },
    {
      "id": 156,
      "type": "LoadImage",
      "pos": [
        -233.54281455961046,
        4974.51777581047
      ],
      "size": {
        "0": 315,
        "1": 314.00006103515625
      },
      "flags": {},
      "order": 4,
      "mode": 0,
      "outputs": [
        {
          "name": "IMAGE",
          "type": "IMAGE",
          "links": [
            213
          ],
          "slot_index": 0,
          "shape": 3
        },
        {
          "name": "MASK",
          "type": "MASK",
          "links": null,
          "shape": 3
        }
      ],
      "properties": {
        "Node name for S&R": "LoadImage"
      },
      "widgets_values": [
        "11.png",
        "image"
      ]
    },
    {
      "id": 55,
      "type": "KSampler (Efficient)",
      "pos": [
        -179.10893825105364,
        730.0344818234696
      ],
      "size": {
        "0": 330,
        "1": 560
      },
      "flags": {},
      "order": 37,
      "mode": 0,
      "inputs": [
        {
          "name": "model",
          "type": "MODEL",
          "link": 72
        },
        {
          "name": "positive",
          "type": "CONDITIONING",
          "link": 73
        },
        {
          "name": "negative",
          "type": "CONDITIONING",
          "link": 74
        },
        {
          "name": "latent_image",
          "type": "LATENT",
          "link": 75,
          "slot_index": 3
        },
        {
          "name": "optional_vae",
          "type": "VAE",
          "link": 76
        },
        {
          "name": "script",
          "type": "SCRIPT",
          "link": null,
          "slot_index": 5
        },
        {
          "name": "seed",
          "type": "INT",
          "link": 77,
          "widget": {
            "name": "seed"
          }
        }
      ],
      "outputs": [
        {
          "name": "MODEL",
          "type": "MODEL",
          "links": [],
          "slot_index": 0,
          "shape": 3
        },
        {
          "name": "CONDITIONING+",
          "type": "CONDITIONING",
          "links": [],
          "slot_index": 1,
          "shape": 3
        },
        {
          "name": "CONDITIONING-",
          "type": "CONDITIONING",
          "links": [],
          "slot_index": 2,
          "shape": 3
        },
        {
          "name": "LATENT",
          "type": "LATENT",
          "links": [],
          "slot_index": 3,
          "shape": 3
        },
        {
          "name": "VAE",
          "type": "VAE",
          "links": [],
          "slot_index": 4,
          "shape": 3
        },
        {
          "name": "IMAGE",
          "type": "IMAGE",
          "links": [
            159,
            275
          ],
          "slot_index": 5,
          "shape": 3
        }
      ],
      "properties": {
        "Node name for S&R": "KSampler (Efficient)"
      },
      "widgets_values": [
        366033418905938,
        null,
        20,
        6,
        "dpmpp_2m",
        "karras",
        1,
        "auto",
        "true",
        null
      ],
      "color": "#2a363b",
      "bgcolor": "#3f5159",
      "shape": 1
    },
    {
      "id": 28,
      "type": "Reroute",
      "pos": [
        775,
        1094
      ],
      "size": [
        75,
        26
      ],
      "flags": {},
      "order": 42,
      "mode": 0,
      "inputs": [
        {
          "name": "",
          "type": "*",
          "link": 275,
          "slot_index": 0,
          "label": "🧲IMG"
        }
      ],
      "outputs": [
        {
          "name": "",
          "type": "IMAGE",
          "links": [
            165,
            279
          ],
          "slot_index": 0
        }
      ],
      "properties": {
        "showOutputText": false,
        "horizontal": false
      },
      "color": "#432",
      "bgcolor": "#653"
    },
    {
      "id": 78,
      "type": "PreviewImage",
      "pos": [
        292,
        1569
      ],
      "size": {
        "0": 336.3053894042969,
        "1": 246
      },
      "flags": {},
      "order": 19,
      "mode": 0,
      "inputs": [
        {
          "name": "images",
          "type": "IMAGE",
          "link": 113
        }
      ],
      "properties": {
        "Node name for S&R": "PreviewImage"
      },
      "color": "#233",
      "bgcolor": "#355"
    },
    {
      "id": 77,
      "type": "Create Grid Image",
      "pos": [
        295,
        1268
      ],
      "size": {
        "0": 315,
        "1": 250
      },
      "flags": {},
      "order": 5,
      "mode": 0,
      "outputs": [
        {
          "name": "IMAGE",
          "type": "IMAGE",
          "links": [
            113,
            280,
            281
          ],
          "slot_index": 0,
          "shape": 3
        }
      ],
      "properties": {
        "Node name for S&R": "Create Grid Image"
      },
      "widgets_values": [
        "C:\\Users\\OreX\\Desktop\\WomanFaces",
        "*",
        "false",
        2,
        4,
        512,
        0,
        0,
        0
      ],
      "color": "#233",
      "bgcolor": "#355"
    },
    {
      "id": 61,
      "type": "PreviewImage",
      "pos": [
        1346,
        852
      ],
      "size": {
        "0": 210,
        "1": 246
      },
      "flags": {},
      "order": 52,
      "mode": 0,
      "inputs": [
        {
          "name": "images",
          "type": "IMAGE",
          "link": 96
        }
      ],
      "properties": {
        "Node name for S&R": "PreviewImage"
      },
      "color": "#432",
      "bgcolor": "#653"
    },
    {
      "id": 110,
      "type": "ReActorOptions",
      "pos": [
        945,
        1390
      ],
      "size": {
        "0": 315,
        "1": 202
      },
      "flags": {},
      "order": 6,
      "mode": 0,
      "outputs": [
        {
          "name": "OPTIONS",
          "type": "OPTIONS",
          "links": [
            147
          ],
          "slot_index": 0,
          "shape": 3
        }
      ],
      "properties": {
        "Node name for S&R": "ReActorOptions"
      },
      "widgets_values": [
        "left-right",
        "0,1",
        "no",
        "left-right",
        "0,3",
        "no",
        1
      ],
      "color": "#432",
      "bgcolor": "#653"
    },
    {
      "id": 118,
      "type": "PreviewImage",
      "pos": [
        1983,
        2147
      ],
      "size": {
        "0": 210,
        "1": 246
      },
      "flags": {},
      "order": 55,
      "mode": 0,
      "inputs": [
        {
          "name": "images",
          "type": "IMAGE",
          "link": 163
        }
      ],
      "properties": {
        "Node name for S&R": "PreviewImage"
      },
      "color": "#233",
      "bgcolor": "#355"
    },
    {
      "id": 116,
      "type": "ReActorMaskHelper",
      "pos": [
        1597,
        1863
      ],
      "size": {
        "0": 330,
        "1": 454
      },
      "flags": {},
      "order": 51,
      "mode": 0,
      "inputs": [
        {
          "name": "image",
          "type": "IMAGE",
          "link": 159
        },
        {
          "name": "swapped_image",
          "type": "IMAGE",
          "link": 166
        },
        {
          "name": "mask_optional",
          "type": "MASK",
          "link": null
        }
      ],
      "outputs": [
        {
          "name": "IMAGE",
          "type": "IMAGE",
          "links": [
            161
          ],
          "slot_index": 0,
          "shape": 3
        },
        {
          "name": "MASK",
          "type": "MASK",
          "links": null,
          "slot_index": 1,
          "shape": 3
        },
        {
          "name": "MASK_PREVIEW",
          "type": "IMAGE",
          "links": [
            163
          ],
          "slot_index": 2,
          "shape": 3
        },
        {
          "name": "SWAPPED_FACE",
          "type": "IMAGE",
          "links": [],
          "slot_index": 3,
          "shape": 3
        }
      ],
      "properties": {
        "Node name for S&R": "ReActorMaskHelper"
      },
      "widgets_values": [
        "bbox/face_yolov8s.pt",
        0.5,
        0,
        3,
        10,
        "sam_vit_b_01ec64.pth",
        0,
        0.93,
        0,
        0.7,
        "False",
        "dilate",
        0,
        9,
        1
      ],
      "color": "#233",
      "bgcolor": "#355"
    },
    {
      "id": 99,
      "type": "Efficient Loader",
      "pos": [
        2423,
        652
      ],
      "size": {
        "0": 293.9726257324219,
        "1": 462.00006103515625
      },
      "flags": {},
      "order": 7,
      "mode": 0,
      "inputs": [
        {
          "name": "lora_stack",
          "type": "LORA_STACK",
          "link": null
        },
        {
          "name": "cnet_stack",
          "type": "CONTROL_NET_STACK",
          "link": null
        }
      ],
      "outputs": [
        {
          "name": "MODEL",
          "type": "MODEL",
          "links": [
            122
          ],
          "slot_index": 0,
          "shape": 3
        },
        {
          "name": "CONDITIONING+",
          "type": "CONDITIONING",
          "links": [
            117
          ],
          "slot_index": 1,
          "shape": 3
        },
        {
          "name": "CONDITIONING-",
          "type": "CONDITIONING",
          "links": [
            118
          ],
          "slot_index": 2,
          "shape": 3
        },
        {
          "name": "LATENT",
          "type": "LATENT",
          "links": null,
          "slot_index": 3,
          "shape": 3
        },
        {
          "name": "VAE",
          "type": "VAE",
          "links": [
            130,
            137
          ],
          "slot_index": 4,
          "shape": 3
        },
        {
          "name": "CLIP",
          "type": "CLIP",
          "links": [],
          "slot_index": 5,
          "shape": 3
        },
        {
          "name": "DEPENDENCIES",
          "type": "DEPENDENCIES",
          "links": [],
          "slot_index": 6,
          "shape": 3
        }
      ],
      "properties": {
        "Node name for S&R": "Efficient Loader"
      },
      "widgets_values": [
        "SD15\\juggernaut_reborn.safetensors",
        "Baked VAE",
        -1,
        "None",
        1,
        1,
        "ultra quality, ultra detailed, highres, ",
        "low quality, blurry, overexposed, soft,",
        "none",
        "comfy",
        512,
        512,
        1,
        true,
        true
      ],
      "color": "#2a363b",
      "bgcolor": "#3f5159",
      "shape": 1
    },
    {
      "id": 98,
      "type": "CR Upscale Image",
      "pos": [
        2781.1397562720763,
        1415.6568393462849
      ],
      "size": {
        "0": 315,
        "1": 222
      },
      "flags": {},
      "order": 58,
      "mode": 0,
      "inputs": [
        {
          "name": "image",
          "type": "IMAGE",
          "link": 132
        }
      ],
      "outputs": [
        {
          "name": "IMAGE",
          "type": "IMAGE",
          "links": [
            129
          ],
          "slot_index": 0,
          "shape": 3
        },
        {
          "name": "show_help",
          "type": "STRING",
          "links": null,
          "shape": 3
        }
      ],
      "properties": {
        "Node name for S&R": "CR Upscale Image"
      },
      "widgets_values": [
        "4x_NMKD-Siax_200k.pth",
        "rescale",
        3,
        1024,
        "lanczos",
        "true",
        8
      ],
      "color": "#223",
      "bgcolor": "#335"
    },
    {
      "id": 104,
      "type": "LoadImage",
      "pos": [
        -1258,
        2695
      ],
      "size": {
        "0": 315,
        "1": 314.00006103515625
      },
      "flags": {},
      "order": 8,
      "mode": 0,
      "outputs": [
        {
          "name": "IMAGE",
          "type": "IMAGE",
          "links": [
            144,
            145,
            170,
            171
          ],
          "slot_index": 0,
          "shape": 3
        },
        {
          "name": "MASK",
          "type": "MASK",
          "links": null,
          "shape": 3
        }
      ],
      "properties": {
        "Node name for S&R": "LoadImage"
      },
      "widgets_values": [
        "1 (1).jpg",
        "image"
      ]
    },
    {
      "id": 113,
      "type": "Image Comparer (rgthree)",
      "pos": {
        "0": -206,
        "1": 2505,
        "2": 0,
        "3": 0,
        "4": 0,
        "5": 0,
        "6": 0,
        "7": 0,
        "8": 0,
        "9": 0
      },
      "size": {
        "0": 336.8219909667969,
        "1": 316.5036926269531
      },
      "flags": {},
      "order": 39,
      "mode": 0,
      "inputs": [
        {
          "name": "image_a",
          "type": "IMAGE",
          "link": 152,
          "dir": 3
        },
        {
          "name": "image_b",
          "type": "IMAGE",
          "link": 170,
          "dir": 3
        }
      ],
      "outputs": [],
      "properties": {
        "comparer_mode": "Slide"
      },
      "widgets_values": [
        [
          {
            "name": "A",
            "selected": true,
            "url": "/api/view?filename=rgthree.compare._temp_beine_00003_.png&type=temp&subfolder=&rand=0.49597526018072924"
          },
          {
            "name": "B",
            "selected": true,
            "url": "/api/view?filename=rgthree.compare._temp_beine_00004_.png&type=temp&subfolder=&rand=0.4140936709906249"
          }
        ]
      ]
    },
    {
      "id": 108,
      "type": "Get resolution [Crystools]",
      "pos": [
        -895,
        2911
      ],
      "size": {
        "0": 210,
        "1": 96
      },
      "flags": {},
      "order": 21,
      "mode": 0,
      "inputs": [
        {
          "name": "image",
          "type": "IMAGE",
          "link": 144
        }
      ],
      "outputs": [
        {
          "name": "width",
          "type": "INT",
          "links": null,
          "shape": 3
        },
        {
          "name": "height",
          "type": "INT",
          "links": null,
          "shape": 3
        }
      ],
      "properties": {
        "Node name for S&R": "Get resolution [Crystools]"
      }
    },
    {
      "id": 109,
      "type": "ImageScale",
      "pos": [
        -890,
        2656
      ],
      "size": {
        "0": 249.90782165527344,
        "1": 130
      },
      "flags": {},
      "order": 22,
      "mode": 0,
      "inputs": [
        {
          "name": "image",
          "type": "IMAGE",
          "link": 145
        }
      ],
      "outputs": [
        {
          "name": "IMAGE",
          "type": "IMAGE",
          "links": [
            157,
            167
          ],
          "slot_index": 0,
          "shape": 3
        }
      ],
      "properties": {
        "Node name for S&R": "ImageScale"
      },
      "widgets_values": [
        "lanczos",
        1440,
        1440,
        "disabled"
      ]
    },
    {
      "id": 147,
      "type": "LoadImage",
      "pos": [
        -538,
        3746
      ],
      "size": {
        "0": 315,
        "1": 314.00006103515625
      },
      "flags": {},
      "order": 9,
      "mode": 0,
      "outputs": [
        {
          "name": "IMAGE",
          "type": "IMAGE",
          "links": [
            203,
            204,
            261,
            262,
            263
          ],
          "slot_index": 0,
          "shape": 3
        },
        {
          "name": "MASK",
          "type": "MASK",
          "links": null,
          "shape": 3
        }
      ],
      "properties": {
        "Node name for S&R": "LoadImage"
      },
      "widgets_values": [
        "2.png",
        "image"
      ]
    },
    {
      "id": 150,
      "type": "LoadImage",
      "pos": [
        -224,
        4155
      ],
      "size": {
        "0": 315,
        "1": 314.00006103515625
      },
      "flags": {},
      "order": 10,
      "mode": 0,
      "outputs": [
        {
          "name": "IMAGE",
          "type": "IMAGE",
          "links": [
            207
          ],
          "slot_index": 0,
          "shape": 3
        },
        {
          "name": "MASK",
          "type": "MASK",
          "links": null,
          "shape": 3
        }
      ],
      "properties": {
        "Node name for S&R": "LoadImage"
      },
      "widgets_values": [
        "4.png",
        "image"
      ]
    },
    {
      "id": 123,
      "type": "PreviewImage",
      "pos": [
        536,
        3745
      ],
      "size": {
        "0": 210,
        "1": 246
      },
      "flags": {},
      "order": 32,
      "mode": 0,
      "inputs": [
        {
          "name": "images",
          "type": "IMAGE",
          "link": 173
        }
      ],
      "properties": {
        "Node name for S&R": "PreviewImage"
      },
      "color": "#2a363b",
      "bgcolor": "#3f5159"
    },
    {
      "id": 148,
      "type": "PreviewImage",
      "pos": [
        526,
        4145
      ],
      "size": {
        "0": 210,
        "1": 246
      },
      "flags": {},
      "order": 35,
      "mode": 0,
      "inputs": [
        {
          "name": "images",
          "type": "IMAGE",
          "link": 205
        }
      ],
      "properties": {
        "Node name for S&R": "PreviewImage"
      },
      "color": "#2a363b",
      "bgcolor": "#3f5159"
    },
    {
      "id": 151,
      "type": "PreviewImage",
      "pos": [
        526,
        4555
      ],
      "size": {
        "0": 210,
        "1": 246
      },
      "flags": {},
      "order": 33,
      "mode": 0,
      "inputs": [
        {
          "name": "images",
          "type": "IMAGE",
          "link": 208
        }
      ],
      "properties": {
        "Node name for S&R": "PreviewImage"
      },
      "color": "#2a363b",
      "bgcolor": "#3f5159"
    },
    {
      "id": 171,
      "type": "ReActorBuildFaceModel",
      "pos": [
        890,
        4173
      ],
      "size": {
        "0": 315,
        "1": 150
      },
      "flags": {},
      "order": 36,
      "mode": 0,
      "inputs": [
        {
          "name": "images",
          "type": "IMAGE",
          "link": 239
        },
        {
          "name": "face_models",
          "type": "FACE_MODEL",
          "link": 238
        }
      ],
      "outputs": [
        {
          "name": "FACE_MODEL",
          "type": "FACE_MODEL",
          "links": [
            240
          ],
          "slot_index": 0,
          "shape": 3
        }
      ],
      "properties": {
        "Node name for S&R": "ReActorBuildFaceModel"
      },
      "widgets_values": [
        false,
        false,
        "default",
        "Mean"
      ]
    },
    {
      "id": 149,
      "type": "ReActorFaceSwap",
      "pos": [
        161,
        4146
      ],
      "size": {
        "0": 315,
        "1": 358
      },
      "flags": {},
      "order": 26,
      "mode": 0,
      "inputs": [
        {
          "name": "input_image",
          "type": "IMAGE",
          "link": 261
        },
        {
          "name": "source_image",
          "type": "IMAGE",
          "link": 207
        },
        {
          "name": "face_model",
          "type": "FACE_MODEL",
          "link": null
        },
        {
          "name": "face_boost",
          "type": "FACE_BOOST",
          "link": null
        }
      ],
      "outputs": [
        {
          "name": "IMAGE",
          "type": "IMAGE",
          "links": [
            205,
            239
          ],
          "slot_index": 0,
          "shape": 3
        },
        {
          "name": "FACE_MODEL",
          "type": "FACE_MODEL",
          "links": [],
          "slot_index": 1,
          "shape": 3
        }
      ],
      "properties": {
        "Node name for S&R": "ReActorFaceSwap"
      },
      "widgets_values": [
        true,
        "inswapper_128.onnx",
        "YOLOv5l",
        "none",
        0.6,
        0.3,
        "no",
        "no",
        "0",
        "0",
        1
      ],
      "color": "#2a363b",
      "bgcolor": "#3f5159"
    },
    {
      "id": 177,
      "type": "ReActorBuildFaceModel",
      "pos": [
        892,
        4554
      ],
      "size": {
        "0": 315,
        "1": 150
      },
      "flags": {},
      "order": 41,
      "mode": 0,
      "inputs": [
        {
          "name": "images",
          "type": "IMAGE",
          "link": 241
        },
        {
          "name": "face_models",
          "type": "FACE_MODEL",
          "link": 240
        }
      ],
      "outputs": [
        {
          "name": "FACE_MODEL",
          "type": "FACE_MODEL",
          "links": [
            242
          ],
          "slot_index": 0,
          "shape": 3
        }
      ],
      "properties": {
        "Node name for S&R": "ReActorBuildFaceModel"
      },
      "widgets_values": [
        false,
        false,
        "default",
        "Mean"
      ]
    },
    {
      "id": 159,
      "type": "KSampler (Efficient)",
      "pos": [
        2456.2387652745583,
        4444.935248330805
      ],
      "size": {
        "0": 330,
        "1": 560
      },
      "flags": {},
      "order": 38,
      "mode": 0,
      "inputs": [
        {
          "name": "model",
          "type": "MODEL",
          "link": 220
        },
        {
          "name": "positive",
          "type": "CONDITIONING",
          "link": 221
        },
        {
          "name": "negative",
          "type": "CONDITIONING",
          "link": 222
        },
        {
          "name": "latent_image",
          "type": "LATENT",
          "link": 223,
          "slot_index": 3
        },
        {
          "name": "optional_vae",
          "type": "VAE",
          "link": 224
        },
        {
          "name": "script",
          "type": "SCRIPT",
          "link": null,
          "slot_index": 5
        },
        {
          "name": "seed",
          "type": "INT",
          "link": 225,
          "widget": {
            "name": "seed"
          }
        }
      ],
      "outputs": [
        {
          "name": "MODEL",
          "type": "MODEL",
          "links": [],
          "slot_index": 0,
          "shape": 3
        },
        {
          "name": "CONDITIONING+",
          "type": "CONDITIONING",
          "links": [],
          "slot_index": 1,
          "shape": 3
        },
        {
          "name": "CONDITIONING-",
          "type": "CONDITIONING",
          "links": [],
          "slot_index": 2,
          "shape": 3
        },
        {
          "name": "LATENT",
          "type": "LATENT",
          "links": [],
          "slot_index": 3,
          "shape": 3
        },
        {
          "name": "VAE",
          "type": "VAE",
          "links": [],
          "slot_index": 4,
          "shape": 3
        },
        {
          "name": "IMAGE",
          "type": "IMAGE",
          "links": [
            228,
            232
          ],
          "slot_index": 5,
          "shape": 3
        }
      ],
      "properties": {
        "Node name for S&R": "KSampler (Efficient)"
      },
      "widgets_values": [
        366033418905938,
        null,
        20,
        6,
        "dpmpp_2m",
        "karras",
        1,
        "auto",
        "true",
        null
      ],
      "color": "#2a363b",
      "bgcolor": "#3f5159",
      "shape": 1
    },
    {
      "id": 166,
      "type": "ReActorFaceSwap",
      "pos": [
        2495,
        3909
      ],
      "size": {
        "0": 315,
        "1": 358
      },
      "flags": {},
      "order": 44,
      "mode": 0,
      "inputs": [
        {
          "name": "input_image",
          "type": "IMAGE",
          "link": 232
        },
        {
          "name": "source_image",
          "type": "IMAGE",
          "link": null,
          "slot_index": 1
        },
        {
          "name": "face_model",
          "type": "FACE_MODEL",
          "link": 283
        },
        {
          "name": "face_boost",
          "type": "FACE_BOOST",
          "link": null
        }
      ],
      "outputs": [
        {
          "name": "IMAGE",
          "type": "IMAGE",
          "links": [
            229
          ],
          "slot_index": 0,
          "shape": 3
        },
        {
          "name": "FACE_MODEL",
          "type": "FACE_MODEL",
          "links": null,
          "shape": 3
        }
      ],
      "properties": {
        "Node name for S&R": "ReActorFaceSwap"
      },
      "widgets_values": [
        true,
        "inswapper_128.onnx",
        "YOLOv5l",
        "none",
        0.6,
        0.3,
        "no",
        "no",
        "0",
        "0",
        1
      ],
      "color": "#432",
      "bgcolor": "#653"
    },
    {
      "id": 178,
      "type": "ReActorBuildFaceModel",
      "pos": [
        896,
        4931
      ],
      "size": {
        "0": 315,
        "1": 150
      },
      "flags": {},
      "order": 45,
      "mode": 0,
      "inputs": [
        {
          "name": "images",
          "type": "IMAGE",
          "link": 243
        },
        {
          "name": "face_models",
          "type": "FACE_MODEL",
          "link": 242
        }
      ],
      "outputs": [
        {
          "name": "FACE_MODEL",
          "type": "FACE_MODEL",
          "links": [
            244
          ],
          "slot_index": 0,
          "shape": 3
        }
      ],
      "properties": {
        "Node name for S&R": "ReActorBuildFaceModel"
      },
      "widgets_values": [
        false,
        false,
        "default",
        "Mean"
      ]
    },
    {
      "id": 162,
      "type": "Seed (rgthree)",
      "pos": {
        "0": 2192.6630859375,
        "1": 4837.9013671875,
        "2": 0,
        "3": 0,
        "4": 0,
        "5": 0,
        "6": 0,
        "7": 0,
        "8": 0,
        "9": 0
      },
      "size": {
        "0": 219.84666442871094,
        "1": 154
      },
      "flags": {},
      "order": 11,
      "mode": 0,
      "inputs": [],
      "outputs": [
        {
          "name": "SEED",
          "type": "INT",
          "links": [
            225
          ],
          "slot_index": 0,
          "shape": 3,
          "dir": 4
        }
      ],
      "properties": {},
      "widgets_values": [
        452757150814557,
        null,
        null,
        null,
        null
      ],
      "color": "#332922",
      "bgcolor": "#593930"
    },
    {
      "id": 179,
      "type": "ReActorLoadFaceModel",
      "pos": [
        2096,
        3931
      ],
      "size": {
        "0": 315,
        "1": 58
      },
      "flags": {},
      "order": 12,
      "mode": 0,
      "outputs": [
        {
          "name": "FACE_MODEL",
          "type": "FACE_MODEL",
          "links": [
            283
          ],
          "slot_index": 0,
          "shape": 3
        }
      ],
      "properties": {
        "Node name for S&R": "ReActorLoadFaceModel"
      },
      "widgets_values": [
        "none"
      ]
    },
    {
      "id": 176,
      "type": "ReActorSaveFaceModel",
      "pos": [
        898,
        5165
      ],
      "size": {
        "0": 315,
        "1": 126
      },
      "flags": {},
      "order": 49,
      "mode": 0,
      "inputs": [
        {
          "name": "image",
          "type": "IMAGE",
          "link": null
        },
        {
          "name": "face_model",
          "type": "FACE_MODEL",
          "link": 244
        }
      ],
      "properties": {
        "Node name for S&R": "ReActorSaveFaceModel"
      },
      "widgets_values": [
        true,
        "Gyllenhaal",
        0
      ],
      "color": "#232",
      "bgcolor": "#353"
    },
    {
      "id": 103,
      "type": "Fast Groups Bypasser (rgthree)",
      "pos": {
        "0": 657,
        "1": 2173,
        "2": 0,
        "3": 0,
        "4": 0,
        "5": 0,
        "6": 0,
        "7": 0,
        "8": 0,
        "9": 0
      },
      "size": {
        "0": 576.7108764648438,
        "1": 298
      },
      "flags": {},
      "order": 13,
      "mode": 0,
      "inputs": [],
      "outputs": [
        {
          "name": "OPT_CONNECTION",
          "type": "*",
          "links": null
        }
      ],
      "title": "ПУЛЬТ",
      "properties": {
        "matchColors": "",
        "matchTitle": "",
        "showNav": true,
        "sort": "position",
        "customSortAlphabet": "",
        "toggleRestriction": "default"
      },
      "color": "#1f6be4",
      "bgcolor": "#0b57d0"
    },
    {
      "id": 111,
      "type": "ReActorFaceSwapOpt",
      "pos": [
        1288,
        1298
      ],
      "size": {
        "0": 315,
        "1": 258
      },
      "flags": {},
      "order": 46,
      "mode": 0,
      "inputs": [
        {
          "name": "input_image",
          "type": "IMAGE",
          "link": 165
        },
        {
          "name": "source_image",
          "type": "IMAGE",
          "link": 281
        },
        {
          "name": "face_model",
          "type": "FACE_MODEL",
          "link": null
        },
        {
          "name": "options",
          "type": "OPTIONS",
          "link": 147
        },
        {
          "name": "face_boost",
          "type": "FACE_BOOST",
          "link": null
        }
      ],
      "outputs": [
        {
          "name": "IMAGE",
          "type": "IMAGE",
          "links": [
            150,
            166
          ],
          "slot_index": 0,
          "shape": 3
        },
        {
          "name": "FACE_MODEL",
          "type": "FACE_MODEL",
          "links": null,
          "shape": 3
        }
      ],
      "properties": {
        "Node name for S&R": "ReActorFaceSwapOpt"
      },
      "widgets_values": [
        true,
        "inswapper_128.onnx",
        "YOLOv5l",
        "GFPGANv1.4.pth",
        1,
        0.5
      ],
      "color": "#432",
      "bgcolor": "#653"
    },
    {
      "id": 88,
      "type": "ControlNetLoader",
      "pos": [
        2873.1397562720763,
        561.6568393462846
      ],
      "size": {
        "0": 344.26751708984375,
        "1": 61.083885192871094
      },
      "flags": {},
      "order": 14,
      "mode": 0,
      "outputs": [
        {
          "name": "CONTROL_NET",
          "type": "CONTROL_NET",
          "links": [
            119
          ],
          "slot_index": 0,
          "shape": 3
        }
      ],
      "properties": {
        "Node name for S&R": "ControlNetLoader"
      },
      "widgets_values": [
        "control_v11f1e_sd15_tile.safetensors"
      ],
      "color": "#432",
      "bgcolor": "#653"
    },
    {
      "id": 63,
      "type": "ReActorFaceSwap",
      "pos": [
        984,
        749
      ],
      "size": {
        "0": 315,
        "1": 358
      },
      "flags": {},
      "order": 47,
      "mode": 0,
      "inputs": [
        {
          "name": "input_image",
          "type": "IMAGE",
          "link": 279
        },
        {
          "name": "source_image",
          "type": "IMAGE",
          "link": 280
        },
        {
          "name": "face_model",
          "type": "FACE_MODEL",
          "link": null,
          "slot_index": 2
        },
        {
          "name": "face_boost",
          "type": "FACE_BOOST",
          "link": null
        }
      ],
      "outputs": [
        {
          "name": "IMAGE",
          "type": "IMAGE",
          "links": [
            96,
            138,
            285
          ],
          "slot_index": 0,
          "shape": 3
        },
        {
          "name": "FACE_MODEL",
          "type": "FACE_MODEL",
          "links": null,
          "slot_index": 1,
          "shape": 3
        }
      ],
      "properties": {
        "Node name for S&R": "ReActorFaceSwap"
      },
      "widgets_values": [
        true,
        "inswapper_128.onnx",
        "YOLOv5l",
        "codeformer-v0.1.0.pth",
        0.6,
        0.3,
        "no",
        "no",
        "0,1",
        "3,0",
        1
      ],
      "color": "#432",
      "bgcolor": "#653"
    },
    {
      "id": 105,
      "type": "ReActorRestoreFace",
      "pos": [
        -572,
        2661
      ],
      "size": {
        "0": 315,
        "1": 130
      },
      "flags": {},
      "order": 30,
      "mode": 0,
      "inputs": [
        {
          "name": "image",
          "type": "IMAGE",
          "link": 157
        }
      ],
      "outputs": [
        {
          "name": "IMAGE",
          "type": "IMAGE",
          "links": [
            152
          ],
          "slot_index": 0,
          "shape": 3
        }
      ],
      "properties": {
        "Node name for S&R": "ReActorRestoreFace"
      },
      "widgets_values": [
        "YOLOv5l",
        "codeformer-v0.1.0.pth",
        1,
        0.5
      ]
    },
    {
      "id": 119,
      "type": "ReActorRestoreFace",
      "pos": [
        -575,
        2876
      ],
      "size": {
        "0": 315,
        "1": 130
      },
      "flags": {},
      "order": 31,
      "mode": 0,
      "inputs": [
        {
          "name": "image",
          "type": "IMAGE",
          "link": 167
        }
      ],
      "outputs": [
        {
          "name": "IMAGE",
          "type": "IMAGE",
          "links": [
            169
          ],
          "slot_index": 0,
          "shape": 3
        }
      ],
      "properties": {
        "Node name for S&R": "ReActorRestoreFace"
      },
      "widgets_values": [
        "YOLOv5l",
        "GFPGANv1.4.pth",
        1,
        0.5
      ]
    },
    {
      "id": 189,
      "type": "StableSRColorFix",
      "pos": [
        3462,
        933
      ],
      "size": {
        "0": 315,
        "1": 78
      },
      "flags": {},
      "order": 63,
      "mode": 0,
      "inputs": [
        {
          "name": "image",
          "type": "IMAGE",
          "link": 284
        },
        {
          "name": "color_map_image",
          "type": "IMAGE",
          "link": 285
        }
      ],
      "outputs": [
        {
          "name": "IMAGE",
          "type": "IMAGE",
          "links": [
            286,
            287
          ],
          "shape": 3,
          "slot_index": 0
        }
      ],
      "properties": {
        "Node name for S&R": "StableSRColorFix"
      },
      "widgets_values": [
        "Wavelet"
      ]
    },
    {
      "id": 100,
      "type": "KSampler (Efficient)",
      "pos": [
        3150.1397562720763,
        1215.6568393462849
      ],
      "size": [
        290,
        586.0000228881836
      ],
      "flags": {},
      "order": 62,
      "mode": 0,
      "inputs": [
        {
          "name": "model",
          "type": "MODEL",
          "link": 141
        },
        {
          "name": "positive",
          "type": "CONDITIONING",
          "link": 134
        },
        {
          "name": "negative",
          "type": "CONDITIONING",
          "link": 135
        },
        {
          "name": "latent_image",
          "type": "LATENT",
          "link": 136
        },
        {
          "name": "optional_vae",
          "type": "VAE",
          "link": 137
        },
        {
          "name": "script",
          "type": "SCRIPT",
          "link": null
        }
      ],
      "outputs": [
        {
          "name": "MODEL",
          "type": "MODEL",
          "links": null,
          "shape": 3
        },
        {
          "name": "CONDITIONING+",
          "type": "CONDITIONING",
          "links": null,
          "shape": 3
        },
        {
          "name": "CONDITIONING-",
          "type": "CONDITIONING",
          "links": null,
          "shape": 3
        },
        {
          "name": "LATENT",
          "type": "LATENT",
          "links": null,
          "shape": 3
        },
        {
          "name": "VAE",
          "type": "VAE",
          "links": null,
          "shape": 3
        },
        {
          "name": "IMAGE",
          "type": "IMAGE",
          "links": [
            284
          ],
          "slot_index": 5,
          "shape": 3
        }
      ],
      "properties": {
        "Node name for S&R": "KSampler (Efficient)"
      },
      "widgets_values": [
        508194900053785,
        "fixed",
        20,
        6,
        "dpmpp_2m",
        "karras",
        0.35000000000000003,
        "auto",
        "true (tiled)",
        null
      ],
      "color": "#223",
      "bgcolor": "#335",
      "shape": 1
    }
  ],
  "links": [
    [
      70,
      57,
      0,
      54,
      2,
      "STRING"
    ],
    [
      71,
      57,
      1,
      54,
      3,
      "STRING"
    ],
    [
      72,
      54,
      0,
      55,
      0,
      "MODEL"
    ],
    [
      73,
      54,
      1,
      55,
      1,
      "CONDITIONING"
    ],
    [
      74,
      54,
      2,
      55,
      2,
      "CONDITIONING"
    ],
    [
      75,
      54,
      3,
      55,
      3,
      "LATENT"
    ],
    [
      76,
      54,
      4,
      55,
      4,
      "VAE"
    ],
    [
      77,
      58,
      0,
      55,
      6,
      "INT"
    ],
    [
      78,
      56,
      0,
      57,
      0,
      "STRING"
    ],
    [
      96,
      63,
      0,
      61,
      0,
      "IMAGE"
    ],
    [
      113,
      77,
      0,
      78,
      0,
      "IMAGE"
    ],
    [
      116,
      56,
      0,
      83,
      0,
      "STRING"
    ],
    [
      117,
      99,
      1,
      87,
      0,
      "CONDITIONING"
    ],
    [
      118,
      99,
      2,
      87,
      1,
      "CONDITIONING"
    ],
    [
      119,
      88,
      0,
      87,
      2,
      "CONTROL_NET"
    ],
    [
      120,
      97,
      0,
      87,
      3,
      "IMAGE"
    ],
    [
      122,
      99,
      0,
      90,
      0,
      "MODEL"
    ],
    [
      123,
      94,
      0,
      91,
      0,
      "*"
    ],
    [
      126,
      91,
      0,
      93,
      1,
      "IMAGE"
    ],
    [
      129,
      98,
      0,
      96,
      0,
      "IMAGE"
    ],
    [
      130,
      99,
      4,
      96,
      1,
      "VAE"
    ],
    [
      131,
      89,
      0,
      97,
      0,
      "IMAGE"
    ],
    [
      132,
      91,
      0,
      98,
      0,
      "IMAGE"
    ],
    [
      134,
      87,
      0,
      100,
      1,
      "CONDITIONING"
    ],
    [
      135,
      87,
      1,
      100,
      2,
      "CONDITIONING"
    ],
    [
      136,
      96,
      0,
      100,
      3,
      "LATENT"
    ],
    [
      137,
      99,
      4,
      100,
      4,
      "VAE"
    ],
    [
      138,
      63,
      0,
      94,
      0,
      "IMAGE"
    ],
    [
      140,
      90,
      0,
      102,
      0,
      "MODEL"
    ],
    [
      141,
      102,
      0,
      100,
      0,
      "MODEL"
    ],
    [
      144,
      104,
      0,
      108,
      0,
      "IMAGE"
    ],
    [
      145,
      104,
      0,
      109,
      0,
      "IMAGE"
    ],
    [
      147,
      110,
      0,
      111,
      3,
      "OPTIONS"
    ],
    [
      150,
      111,
      0,
      112,
      0,
      "IMAGE"
    ],
    [
      151,
      94,
      0,
      89,
      0,
      "*"
    ],
    [
      152,
      105,
      0,
      113,
      0,
      "IMAGE"
    ],
    [
      157,
      109,
      0,
      105,
      0,
      "IMAGE"
    ],
    [
      159,
      55,
      5,
      116,
      0,
      "IMAGE"
    ],
    [
      161,
      116,
      0,
      117,
      0,
      "IMAGE"
    ],
    [
      163,
      116,
      2,
      118,
      0,
      "IMAGE"
    ],
    [
      165,
      28,
      0,
      111,
      0,
      "IMAGE"
    ],
    [
      166,
      111,
      0,
      116,
      1,
      "IMAGE"
    ],
    [
      167,
      109,
      0,
      119,
      0,
      "IMAGE"
    ],
    [
      169,
      119,
      0,
      120,
      0,
      "IMAGE"
    ],
    [
      170,
      104,
      0,
      113,
      1,
      "IMAGE"
    ],
    [
      171,
      104,
      0,
      120,
      1,
      "IMAGE"
    ],
    [
      173,
      124,
      0,
      123,
      0,
      "IMAGE"
    ],
    [
      203,
      147,
      0,
      124,
      0,
      "IMAGE"
    ],
    [
      204,
      147,
      0,
      124,
      1,
      "IMAGE"
    ],
    [
      205,
      149,
      0,
      148,
      0,
      "IMAGE"
    ],
    [
      207,
      150,
      0,
      149,
      1,
      "IMAGE"
    ],
    [
      208,
      152,
      0,
      151,
      0,
      "IMAGE"
    ],
    [
      210,
      153,
      0,
      152,
      1,
      "IMAGE"
    ],
    [
      211,
      155,
      0,
      154,
      0,
      "IMAGE"
    ],
    [
      213,
      156,
      0,
      155,
      1,
      "IMAGE"
    ],
    [
      218,
      161,
      0,
      158,
      2,
      "STRING"
    ],
    [
      219,
      161,
      1,
      158,
      3,
      "STRING"
    ],
    [
      220,
      158,
      0,
      159,
      0,
      "MODEL"
    ],
    [
      221,
      158,
      1,
      159,
      1,
      "CONDITIONING"
    ],
    [
      222,
      158,
      2,
      159,
      2,
      "CONDITIONING"
    ],
    [
      223,
      158,
      3,
      159,
      3,
      "LATENT"
    ],
    [
      224,
      158,
      4,
      159,
      4,
      "VAE"
    ],
    [
      225,
      162,
      0,
      159,
      6,
      "INT"
    ],
    [
      226,
      160,
      0,
      161,
      0,
      "STRING"
    ],
    [
      227,
      160,
      0,
      163,
      0,
      "STRING"
    ],
    [
      228,
      159,
      5,
      164,
      0,
      "IMAGE"
    ],
    [
      229,
      166,
      0,
      165,
      0,
      "IMAGE"
    ],
    [
      232,
      159,
      5,
      166,
      0,
      "IMAGE"
    ],
    [
      238,
      124,
      1,
      171,
      1,
      "FACE_MODEL"
    ],
    [
      239,
      149,
      0,
      171,
      0,
      "IMAGE"
    ],
    [
      240,
      171,
      0,
      177,
      1,
      "FACE_MODEL"
    ],
    [
      241,
      152,
      0,
      177,
      0,
      "IMAGE"
    ],
    [
      242,
      177,
      0,
      178,
      1,
      "FACE_MODEL"
    ],
    [
      243,
      155,
      0,
      178,
      0,
      "IMAGE"
    ],
    [
      244,
      178,
      0,
      176,
      1,
      "FACE_MODEL"
    ],
    [
      261,
      147,
      0,
      149,
      0,
      "IMAGE"
    ],
    [
      262,
      147,
      0,
      152,
      0,
      "IMAGE"
    ],
    [
      263,
      147,
      0,
      155,
      0,
      "IMAGE"
    ],
    [
      275,
      55,
      5,
      28,
      0,
      "*"
    ],
    [
      279,
      28,
      0,
      63,
      0,
      "IMAGE"
    ],
    [
      280,
      77,
      0,
      63,
      1,
      "IMAGE"
    ],
    [
      281,
      77,
      0,
      111,
      1,
      "IMAGE"
    ],
    [
      283,
      179,
      0,
      166,
      2,
      "FACE_MODEL"
    ],
    [
      284,
      100,
      5,
      189,
      0,
      "IMAGE"
    ],
    [
      285,
      63,
      0,
      189,
      1,
      "IMAGE"
    ],
    [
      286,
      189,
      0,
      93,
      0,
      "IMAGE"
    ],
    [
      287,
      189,
      0,
      95,
      0,
      "IMAGE"
    ]
  ],
  "groups": [
    {
      "title": "Reactor Compact (stabledif.ru)",
      "bounding": [
        940,
        634,
        658,
        491
      ],
      "color": "#b58b2a",
      "font_size": 24,
      "locked": false
    },
    {
      "title": "GENERATE",
      "bounding": [
        -1312,
        589,
        1494,
        744
      ],
      "color": "#88A",
      "font_size": 24,
      "locked": false
    },
    {
      "title": "Load IMG Folder (курс stabledif.ru)",
      "bounding": [
        273,
        1182,
        390,
        646
      ],
      "color": "#8AA",
      "font_size": 24,
      "locked": false
    },
    {
      "title": "Upscaler (курс stabledif.ru)",
      "bounding": [
        2385,
        474,
        1449,
        1329
      ],
      "color": "#3f789e",
      "font_size": 24,
      "locked": false
    },
    {
      "title": "Reactor Options (stabledif.ru)",
      "bounding": [
        930,
        1223,
        930,
        387
      ],
      "color": "#b58b2a",
      "font_size": 24,
      "locked": false
    },
    {
      "title": "Masks from Reactor",
      "bounding": [
        1587,
        1769,
        620,
        640
      ],
      "color": "#8A8",
      "font_size": 24,
      "locked": false
    },
    {
      "title": "GFPGAN & CODFORMER (stabledif.ru)",
      "bounding": [
        -1272,
        2426,
        1417,
        802
      ],
      "color": "#3f789e",
      "font_size": 24,
      "locked": false
    },
    {
      "title": "Генератор 2 (stabledif.ru)",
      "bounding": [
        1393,
        4345,
        1670,
        704
      ],
      "color": "#3f789e",
      "font_size": 24,
      "locked": false
    },
    {
      "title": "Запись модели (stabledif.ru)",
      "bounding": [
        -566,
        3660,
        1801,
        1652
      ],
      "color": "#3f789e",
      "font_size": 24,
      "locked": false
    },
    {
      "title": "Замена лица по записанной модели (stabledif.ru)",
      "bounding": [
        2078,
        3839,
        1006,
        422
      ],
      "color": "#3f789e",
      "font_size": 24,
      "locked": false
    }
  ],
  "config": {},
  "extra": {
    "ds": {
      "scale": 0.23579476910000088,
      "offset": [
        -842.1991349000405,
        513.3236407027937
      ]
    }
  },
  "version": 0.4
}