{
  "last_node_id": 347,
  "last_link_id": 697,
  "nodes": [
    {
      "id": 35,
      "type": "PreviewImage",
      "pos": [
        670,
        -190
      ],
      "size": {
        "0": 423.5451965332031,
        "1": 530.3379516601562
      },
      "flags": {},
      "order": 21,
      "mode": 0,
      "inputs": [
        {
          "name": "images",
          "type": "IMAGE",
          "link": 102
        }
      ],
      "properties": {
        "Node name for S&R": "PreviewImage"
      },
      "color": "#2a363b",
      "bgcolor": "#3f5159"
    },
    {
      "id": 15,
      "type": "CLIPTextEncode",
      "pos": [
        -120,
        470
      ],
      "size": {
        "0": 404.8106384277344,
        "1": 100.48444366455078
      },
      "flags": {},
      "order": 13,
      "mode": 0,
      "inputs": [
        {
          "name": "clip",
          "type": "CLIP",
          "link": 22
        }
      ],
      "outputs": [
        {
          "name": "CONDITIONING",
          "type": "CONDITIONING",
          "links": [
            92,
            452
          ],
          "shape": 3,
          "slot_index": 0
        }
      ],
      "properties": {
        "Node name for S&R": "CLIPTextEncode"
      },
      "widgets_values": [
        "3d, cartoon, anime, sketches, (worst quality), (low quality)"
      ],
      "color": "#322",
      "bgcolor": "#533"
    },
    {
      "id": 39,
      "type": "UltimateSDUpscaleNoUpscale",
      "pos": [
        320,
        -220
      ],
      "size": {
        "0": 315,
        "1": 570
      },
      "flags": {},
      "order": 16,
      "mode": 0,
      "inputs": [
        {
          "name": "upscaled_image",
          "type": "IMAGE",
          "link": null
        },
        {
          "name": "model",
          "type": "MODEL",
          "link": 268
        },
        {
          "name": "positive",
          "type": "CONDITIONING",
          "link": 93
        },
        {
          "name": "negative",
          "type": "CONDITIONING",
          "link": 92
        },
        {
          "name": "vae",
          "type": "VAE",
          "link": 94
        }
      ],
      "outputs": [
        {
          "name": "IMAGE",
          "type": "IMAGE",
          "links": [
            100
          ],
          "shape": 3,
          "slot_index": 0
        }
      ],
      "properties": {
        "Node name for S&R": "UltimateSDUpscaleNoUpscale"
      },
      "widgets_values": [
        1009015554174044,
        "fixed",
        25,
        5,
        "euler_ancestral",
        "karras",
        1,
        "Linear",
        704,
        704,
        32,
        32,
        "None",
        1,
        64,
        8,
        16,
        true,
        false
      ],
      "color": "#2a363b",
      "bgcolor": "#3f5159"
    },
    {
      "id": 105,
      "type": "ConstrainImage|pysssss",
      "pos": [
        -60,
        -270
      ],
      "size": {
        "0": 315,
        "1": 154
      },
      "flags": {},
      "order": 10,
      "mode": 0,
      "inputs": [
        {
          "name": "images",
          "type": "IMAGE",
          "link": 244
        }
      ],
      "outputs": [
        {
          "name": "IMAGE",
          "type": "IMAGE",
          "links": [
            278
          ],
          "shape": 6,
          "slot_index": 0
        }
      ],
      "properties": {
        "Node name for S&R": "ConstrainImage|pysssss"
      },
      "widgets_values": [
        1024,
        1024,
        0,
        0,
        "no"
      ],
      "color": "#2a363b",
      "bgcolor": "#3f5159"
    },
    {
      "id": 12,
      "type": "LoadImage",
      "pos": [
        -550,
        -270
      ],
      "size": {
        "0": 453.4217529296875,
        "1": 469.52587890625
      },
      "flags": {},
      "order": 0,
      "mode": 0,
      "outputs": [
        {
          "name": "IMAGE",
          "type": "IMAGE",
          "links": [
            244
          ],
          "shape": 3,
          "slot_index": 0
        },
        {
          "name": "MASK",
          "type": "MASK",
          "links": null,
          "shape": 3
        }
      ],
      "properties": {
        "Node name for S&R": "LoadImage"
      },
      "widgets_values": [
        "Портрет3 (1).jpg",
        "image"
      ],
      "color": "#2a363b",
      "bgcolor": "#3f5159"
    },
    {
      "id": 94,
      "type": "StableSRColorFix",
      "pos": [
        3025.9953413919375,
        335.99465758926846
      ],
      "size": {
        "0": 315,
        "1": 78
      },
      "flags": {},
      "order": 31,
      "mode": 0,
      "inputs": [
        {
          "name": "image",
          "type": "IMAGE",
          "link": 221
        },
        {
          "name": "color_map_image",
          "type": "IMAGE",
          "link": 581
        }
      ],
      "outputs": [
        {
          "name": "IMAGE",
          "type": "IMAGE",
          "links": [
            222
          ],
          "shape": 3,
          "slot_index": 0
        }
      ],
      "properties": {
        "Node name for S&R": "StableSRColorFix"
      },
      "widgets_values": [
        "Wavelet"
      ],
      "color": "#232",
      "bgcolor": "#353"
    },
    {
      "id": 69,
      "type": "UltimateSDUpscaleNoUpscale",
      "pos": [
        1619,
        -90
      ],
      "size": {
        "0": 315,
        "1": 570
      },
      "flags": {},
      "order": 25,
      "mode": 0,
      "inputs": [
        {
          "name": "upscaled_image",
          "type": "IMAGE",
          "link": 253
        },
        {
          "name": "model",
          "type": "MODEL",
          "link": 453
        },
        {
          "name": "positive",
          "type": "CONDITIONING",
          "link": 455
        },
        {
          "name": "negative",
          "type": "CONDITIONING",
          "link": 456
        },
        {
          "name": "vae",
          "type": "VAE",
          "link": 454
        }
      ],
      "outputs": [
        {
          "name": "IMAGE",
          "type": "IMAGE",
          "links": [
            157
          ],
          "shape": 3,
          "slot_index": 0
        }
      ],
      "properties": {
        "Node name for S&R": "UltimateSDUpscaleNoUpscale"
      },
      "widgets_values": [
        133203414223937,
        "fixed",
        24,
        5,
        "euler_ancestral",
        "normal",
        1,
        "Linear",
        768,
        768,
        32,
        32,
        "None",
        1,
        64,
        8,
        16,
        true,
        false
      ],
      "color": "#432",
      "bgcolor": "#653"
    },
    {
      "id": 109,
      "type": "ImageScale",
      "pos": [
        1315,
        -277
      ],
      "size": {
        "0": 315,
        "1": 130
      },
      "flags": {},
      "order": 24,
      "mode": 0,
      "inputs": [
        {
          "name": "image",
          "type": "IMAGE",
          "link": 608
        }
      ],
      "outputs": [
        {
          "name": "IMAGE",
          "type": "IMAGE",
          "links": [
            252,
            253
          ],
          "shape": 3,
          "slot_index": 0
        }
      ],
      "properties": {
        "Node name for S&R": "ImageScale"
      },
      "widgets_values": [
        "nearest-exact",
        2240,
        0,
        "disabled"
      ],
      "color": "#432",
      "bgcolor": "#653"
    },
    {
      "id": 82,
      "type": "Reroute",
      "pos": [
        3915.9953413919375,
        -184.0053424107314
      ],
      "size": [
        75,
        26
      ],
      "flags": {},
      "order": 30,
      "mode": 0,
      "inputs": [
        {
          "name": "",
          "type": "*",
          "link": 184
        }
      ],
      "outputs": [
        {
          "name": "",
          "type": "IMAGE",
          "links": [
            508
          ],
          "slot_index": 0
        }
      ],
      "properties": {
        "showOutputText": false,
        "horizontal": false
      },
      "color": "#232",
      "bgcolor": "#353"
    },
    {
      "id": 31,
      "type": "ApplyStableSRUpscaler",
      "pos": [
        -70,
        130
      ],
      "size": {
        "0": 315,
        "1": 102
      },
      "flags": {},
      "order": 11,
      "mode": 0,
      "inputs": [
        {
          "name": "model",
          "type": "MODEL",
          "link": 63
        },
        {
          "name": "latent_image",
          "type": "LATENT",
          "link": null
        }
      ],
      "outputs": [
        {
          "name": "MODEL",
          "type": "MODEL",
          "links": [
            268,
            448
          ],
          "shape": 3,
          "slot_index": 0
        }
      ],
      "properties": {
        "Node name for S&R": "ApplyStableSRUpscaler"
      },
      "widgets_values": [
        "webui_768v_139.ckpt"
      ],
      "color": "#2a363b",
      "bgcolor": "#3f5159"
    },
    {
      "id": 4,
      "type": "CheckpointLoaderSimple",
      "pos": [
        -560,
        290
      ],
      "size": {
        "0": 315,
        "1": 98
      },
      "flags": {},
      "order": 1,
      "mode": 0,
      "outputs": [
        {
          "name": "MODEL",
          "type": "MODEL",
          "links": [
            63
          ],
          "slot_index": 0
        },
        {
          "name": "CLIP",
          "type": "CLIP",
          "links": [
            19,
            22,
            449
          ],
          "slot_index": 1
        },
        {
          "name": "VAE",
          "type": "VAE",
          "links": [
            94,
            450
          ],
          "slot_index": 2
        }
      ],
      "properties": {
        "Node name for S&R": "CheckpointLoaderSimple"
      },
      "widgets_values": [
        "SR\\stablesr_768v_000139.ckpt"
      ],
      "color": "#2a363b",
      "bgcolor": "#3f5159"
    },
    {
      "id": 242,
      "type": "CLIPSeg Model Loader",
      "pos": [
        4630,
        550
      ],
      "size": {
        "0": 315,
        "1": 58
      },
      "flags": {},
      "order": 2,
      "mode": 0,
      "outputs": [
        {
          "name": "clipseg_model",
          "type": "CLIPSEG_MODEL",
          "links": [
            537
          ],
          "shape": 3,
          "slot_index": 0
        }
      ],
      "properties": {
        "Node name for S&R": "CLIPSeg Model Loader"
      },
      "widgets_values": [
        "CIDAS/clipseg-rd64-refined"
      ]
    },
    {
      "id": 209,
      "type": "Pipe from any [Crystools]",
      "pos": [
        1306,
        -62
      ],
      "size": {
        "0": 216.59999084472656,
        "1": 146
      },
      "flags": {},
      "order": 20,
      "mode": 0,
      "inputs": [
        {
          "name": "CPipeAny",
          "type": "CPipeAny",
          "link": 447
        }
      ],
      "outputs": [
        {
          "name": "CPipeAny",
          "type": "CPipeAny",
          "links": null,
          "shape": 3
        },
        {
          "name": "any_1",
          "type": "*",
          "links": [
            453
          ],
          "shape": 3,
          "label": "MODEL",
          "slot_index": 1
        },
        {
          "name": "any_2",
          "type": "*",
          "links": [],
          "shape": 3,
          "label": "CLIP",
          "slot_index": 2
        },
        {
          "name": "any_3",
          "type": "*",
          "links": [
            454
          ],
          "shape": 3,
          "label": "VAE",
          "slot_index": 3
        },
        {
          "name": "any_4",
          "type": "*",
          "links": [
            455
          ],
          "shape": 3,
          "label": "POS",
          "slot_index": 4
        },
        {
          "name": "any_5",
          "type": "*",
          "links": [
            456
          ],
          "shape": 3,
          "label": "NEG",
          "slot_index": 5
        },
        {
          "name": "any_6",
          "type": "*",
          "links": null,
          "shape": 3,
          "label": "IMG"
        }
      ],
      "properties": {
        "Node name for S&R": "Pipe from any [Crystools]"
      },
      "color": "#432",
      "bgcolor": "#653"
    },
    {
      "id": 70,
      "type": "StableSRColorFix",
      "pos": [
        2135.156757962212,
        -275.3750138593168
      ],
      "size": {
        "0": 315,
        "1": 78
      },
      "flags": {},
      "order": 26,
      "mode": 0,
      "inputs": [
        {
          "name": "image",
          "type": "IMAGE",
          "link": 157
        },
        {
          "name": "color_map_image",
          "type": "IMAGE",
          "link": 252
        }
      ],
      "outputs": [
        {
          "name": "IMAGE",
          "type": "IMAGE",
          "links": [
            155,
            580
          ],
          "shape": 3,
          "slot_index": 0
        }
      ],
      "properties": {
        "Node name for S&R": "StableSRColorFix"
      },
      "widgets_values": [
        "Wavelet"
      ],
      "color": "#432",
      "bgcolor": "#653"
    },
    {
      "id": 278,
      "type": "Reroute",
      "pos": [
        2597.9953413919375,
        -216.0053424107314
      ],
      "size": [
        82,
        26
      ],
      "flags": {},
      "order": 28,
      "mode": 0,
      "inputs": [
        {
          "name": "",
          "type": "*",
          "link": 580
        }
      ],
      "outputs": [
        {
          "name": "IMAGE",
          "type": "IMAGE",
          "links": [
            579,
            581
          ],
          "slot_index": 0
        }
      ],
      "properties": {
        "showOutputText": true,
        "horizontal": false
      }
    },
    {
      "id": 80,
      "type": "PreviewImage",
      "pos": [
        3015.9953413919375,
        455.9946575892685
      ],
      "size": {
        "0": 325.183837890625,
        "1": 293.5284729003906
      },
      "flags": {},
      "order": 33,
      "mode": 0,
      "inputs": [
        {
          "name": "images",
          "type": "IMAGE",
          "link": 222
        }
      ],
      "properties": {
        "Node name for S&R": "PreviewImage"
      },
      "color": "#232",
      "bgcolor": "#353"
    },
    {
      "id": 98,
      "type": "UltralyticsDetectorProvider",
      "pos": [
        3015.9953413919375,
        65.9946575892686
      ],
      "size": {
        "0": 310.6450500488281,
        "1": 78
      },
      "flags": {},
      "order": 3,
      "mode": 0,
      "outputs": [
        {
          "name": "BBOX_DETECTOR",
          "type": "BBOX_DETECTOR",
          "links": [
            229
          ],
          "shape": 3,
          "slot_index": 0
        },
        {
          "name": "SEGM_DETECTOR",
          "type": "SEGM_DETECTOR",
          "links": null,
          "shape": 3
        }
      ],
      "properties": {
        "Node name for S&R": "UltralyticsDetectorProvider"
      },
      "widgets_values": [
        "bbox/face_yolov8m.pt"
      ],
      "color": "#232",
      "bgcolor": "#353"
    },
    {
      "id": 14,
      "type": "CLIPTextEncode",
      "pos": [
        -120,
        300
      ],
      "size": {
        "0": 399.80792236328125,
        "1": 124.43695831298828
      },
      "flags": {},
      "order": 12,
      "mode": 0,
      "inputs": [
        {
          "name": "clip",
          "type": "CLIP",
          "link": 19
        }
      ],
      "outputs": [
        {
          "name": "CONDITIONING",
          "type": "CONDITIONING",
          "links": [
            93,
            451
          ],
          "shape": 3,
          "slot_index": 0
        }
      ],
      "properties": {
        "Node name for S&R": "CLIPTextEncode"
      },
      "widgets_values": [
        "best quality, realistic, very clear,"
      ],
      "color": "#232",
      "bgcolor": "#353"
    },
    {
      "id": 68,
      "type": "PreviewImage",
      "pos": [
        2021,
        -96
      ],
      "size": {
        "0": 390.8725280761719,
        "1": 492.6298828125
      },
      "flags": {},
      "order": 27,
      "mode": 0,
      "inputs": [
        {
          "name": "images",
          "type": "IMAGE",
          "link": 155
        }
      ],
      "properties": {
        "Node name for S&R": "PreviewImage"
      },
      "color": "#432",
      "bgcolor": "#653"
    },
    {
      "id": 81,
      "type": "SAMLoader",
      "pos": [
        3015.9953413919375,
        185.99465758926857
      ],
      "size": {
        "0": 315,
        "1": 82
      },
      "flags": {},
      "order": 4,
      "mode": 0,
      "outputs": [
        {
          "name": "SAM_MODEL",
          "type": "SAM_MODEL",
          "links": [
            204
          ],
          "shape": 3
        }
      ],
      "properties": {
        "Node name for S&R": "SAMLoader"
      },
      "widgets_values": [
        "sam_vit_b_01ec64.pth",
        "AUTO"
      ],
      "color": "#232",
      "bgcolor": "#353"
    },
    {
      "id": 208,
      "type": "Pipe to/edit any [Crystools]",
      "pos": [
        933,
        415
      ],
      "size": {
        "0": 216.59999084472656,
        "1": 146
      },
      "flags": {},
      "order": 17,
      "mode": 0,
      "inputs": [
        {
          "name": "CPipeAny",
          "type": "CPipeAny",
          "link": null
        },
        {
          "name": "any_1",
          "type": "*",
          "link": 448,
          "label": "MODEL"
        },
        {
          "name": "any_2",
          "type": "*",
          "link": 449,
          "label": "CLIP"
        },
        {
          "name": "any_3",
          "type": "*",
          "link": 450,
          "label": "VAE"
        },
        {
          "name": "any_4",
          "type": "*",
          "link": 451,
          "label": "POS"
        },
        {
          "name": "any_5",
          "type": "*",
          "link": 452,
          "label": "NEG"
        },
        {
          "name": "any_6",
          "type": "*",
          "link": null,
          "label": "IMG"
        }
      ],
      "outputs": [
        {
          "name": "CPipeAny",
          "type": "CPipeAny",
          "links": [
            447
          ],
          "shape": 3,
          "slot_index": 0
        }
      ],
      "properties": {
        "Node name for S&R": "Pipe to/edit any [Crystools]"
      },
      "color": "#432",
      "bgcolor": "#653"
    },
    {
      "id": 77,
      "type": "FaceDetailer",
      "pos": [
        3385.9953413919375,
        -154.0053424107314
      ],
      "size": {
        "0": 506.4000244140625,
        "1": 900
      },
      "flags": {},
      "order": 29,
      "mode": 0,
      "inputs": [
        {
          "name": "image",
          "type": "IMAGE",
          "link": 579
        },
        {
          "name": "model",
          "type": "MODEL",
          "link": 593
        },
        {
          "name": "clip",
          "type": "CLIP",
          "link": 597
        },
        {
          "name": "vae",
          "type": "VAE",
          "link": 596
        },
        {
          "name": "positive",
          "type": "CONDITIONING",
          "link": 594
        },
        {
          "name": "negative",
          "type": "CONDITIONING",
          "link": 595
        },
        {
          "name": "bbox_detector",
          "type": "BBOX_DETECTOR",
          "link": 229,
          "slot_index": 6
        },
        {
          "name": "sam_model_opt",
          "type": "SAM_MODEL",
          "link": 204,
          "slot_index": 7
        },
        {
          "name": "segm_detector_opt",
          "type": "SEGM_DETECTOR",
          "link": null,
          "slot_index": 8
        },
        {
          "name": "detailer_hook",
          "type": "DETAILER_HOOK",
          "link": null
        },
        {
          "name": "scheduler_func_opt",
          "type": "SCHEDULER_FUNC",
          "link": null
        }
      ],
      "outputs": [
        {
          "name": "image",
          "type": "IMAGE",
          "links": [
            184,
            221
          ],
          "shape": 3,
          "slot_index": 0
        },
        {
          "name": "cropped_refined",
          "type": "IMAGE",
          "links": [],
          "shape": 6,
          "slot_index": 1
        },
        {
          "name": "cropped_enhanced_alpha",
          "type": "IMAGE",
          "links": [],
          "shape": 6,
          "slot_index": 2
        },
        {
          "name": "mask",
          "type": "MASK",
          "links": [],
          "shape": 3,
          "slot_index": 3
        },
        {
          "name": "detailer_pipe",
          "type": "DETAILER_PIPE",
          "links": null,
          "shape": 3,
          "slot_index": 4
        },
        {
          "name": "cnet_images",
          "type": "IMAGE",
          "links": [],
          "shape": 6,
          "slot_index": 5
        }
      ],
      "properties": {
        "Node name for S&R": "FaceDetailer"
      },
      "widgets_values": [
        768,
        true,
        1024,
        413628839510977,
        "fixed",
        20,
        5,
        "dpmpp_2m",
        "karras",
        0.35000000000000003,
        10,
        true,
        true,
        0.5,
        10,
        1,
        "center-1",
        0,
        0.93,
        0,
        0.7,
        "False",
        10,
        "",
        1,
        false,
        0
      ],
      "color": "#232",
      "bgcolor": "#353"
    },
    {
      "id": 218,
      "type": "MaskToSEGS",
      "pos": [
        5450,
        -90
      ],
      "size": {
        "0": 315,
        "1": 154
      },
      "flags": {},
      "order": 39,
      "mode": 0,
      "inputs": [
        {
          "name": "mask",
          "type": "MASK",
          "link": 604
        }
      ],
      "outputs": [
        {
          "name": "SEGS",
          "type": "SEGS",
          "links": [
            483
          ],
          "shape": 3,
          "slot_index": 0
        }
      ],
      "properties": {
        "Node name for S&R": "MaskToSEGS"
      },
      "widgets_values": [
        false,
        3,
        false,
        10,
        false
      ]
    },
    {
      "id": 243,
      "type": "PreviewImage",
      "pos": [
        4630,
        660
      ],
      "size": {
        "0": 210,
        "1": 246
      },
      "flags": {},
      "order": 37,
      "mode": 0,
      "inputs": [
        {
          "name": "images",
          "type": "IMAGE",
          "link": 538
        }
      ],
      "properties": {
        "Node name for S&R": "PreviewImage"
      }
    },
    {
      "id": 283,
      "type": "ThresholdMask",
      "pos": [
        4980,
        430
      ],
      "size": {
        "0": 315,
        "1": 58
      },
      "flags": {},
      "order": 36,
      "mode": 0,
      "inputs": [
        {
          "name": "mask",
          "type": "MASK",
          "link": 603,
          "slot_index": 0
        }
      ],
      "outputs": [
        {
          "name": "MASK",
          "type": "MASK",
          "links": [
            601,
            604
          ],
          "shape": 3,
          "slot_index": 0
        }
      ],
      "properties": {
        "Node name for S&R": "ThresholdMask"
      },
      "widgets_values": [
        0.6
      ]
    },
    {
      "id": 284,
      "type": "MaskToImage",
      "pos": [
        4990,
        540
      ],
      "size": {
        "0": 210,
        "1": 26
      },
      "flags": {
        "collapsed": false
      },
      "order": 38,
      "mode": 0,
      "inputs": [
        {
          "name": "mask",
          "type": "MASK",
          "link": 601,
          "slot_index": 0
        }
      ],
      "outputs": [
        {
          "name": "IMAGE",
          "type": "IMAGE",
          "links": [
            602
          ],
          "shape": 3,
          "slot_index": 0
        }
      ],
      "properties": {
        "Node name for S&R": "MaskToImage"
      }
    },
    {
      "id": 285,
      "type": "PreviewImage",
      "pos": [
        5000,
        620
      ],
      "size": {
        "0": 201.50628662109375,
        "1": 246
      },
      "flags": {},
      "order": 40,
      "mode": 0,
      "inputs": [
        {
          "name": "images",
          "type": "IMAGE",
          "link": 602,
          "slot_index": 0
        }
      ],
      "properties": {
        "Node name for S&R": "PreviewImage"
      }
    },
    {
      "id": 241,
      "type": "CLIPSeg Masking",
      "pos": [
        4630,
        410
      ],
      "size": {
        "0": 315,
        "1": 78
      },
      "flags": {},
      "order": 35,
      "mode": 0,
      "inputs": [
        {
          "name": "image",
          "type": "IMAGE",
          "link": 628,
          "slot_index": 0
        },
        {
          "name": "clipseg_model",
          "type": "CLIPSEG_MODEL",
          "link": 537,
          "slot_index": 1
        },
        {
          "name": "text",
          "type": "STRING",
          "link": 542,
          "widget": {
            "name": "text"
          }
        }
      ],
      "outputs": [
        {
          "name": "MASK",
          "type": "MASK",
          "links": [
            603
          ],
          "shape": 3,
          "slot_index": 0
        },
        {
          "name": "MASK_IMAGE",
          "type": "IMAGE",
          "links": [
            538
          ],
          "shape": 3,
          "slot_index": 1
        }
      ],
      "properties": {
        "Node name for S&R": "CLIPSeg Masking"
      },
      "widgets_values": [
        "hair"
      ]
    },
    {
      "id": 73,
      "type": "PreviewImage",
      "pos": [
        650,
        -720
      ],
      "size": {
        "0": 180.29771423339844,
        "1": 246
      },
      "flags": {},
      "order": 18,
      "mode": 0,
      "inputs": [
        {
          "name": "images",
          "type": "IMAGE",
          "link": 279
        }
      ],
      "properties": {
        "Node name for S&R": "PreviewImage"
      },
      "color": "#332922",
      "bgcolor": "#593930"
    },
    {
      "id": 275,
      "type": "Fast Groups Bypasser (rgthree)",
      "pos": {
        "0": 1853,
        "1": -731,
        "2": 0,
        "3": 0,
        "4": 0,
        "5": 0,
        "6": 0,
        "7": 0,
        "8": 0,
        "9": 0
      },
      "size": {
        "0": 528.0455322265625,
        "1": 250.1247100830078
      },
      "flags": {},
      "order": 5,
      "mode": 0,
      "inputs": [],
      "outputs": [
        {
          "name": "OPT_CONNECTION",
          "type": "*",
          "links": null
        }
      ],
      "properties": {
        "matchColors": "",
        "matchTitle": "",
        "showNav": true,
        "sort": "position",
        "customSortAlphabet": "",
        "toggleRestriction": "default"
      },
      "color": "#ffba3d",
      "bgcolor": "#ffa629"
    },
    {
      "id": 288,
      "type": "PreviewImage",
      "pos": [
        1480,
        -690
      ],
      "size": {
        "0": 180.29771423339844,
        "1": 246
      },
      "flags": {},
      "order": 23,
      "mode": 0,
      "inputs": [
        {
          "name": "images",
          "type": "IMAGE",
          "link": 605
        }
      ],
      "properties": {
        "Node name for S&R": "PreviewImage"
      },
      "color": "#332922",
      "bgcolor": "#593930"
    },
    {
      "id": 43,
      "type": "StableSRColorFix",
      "pos": [
        838,
        -319
      ],
      "size": {
        "0": 315,
        "1": 78
      },
      "flags": {},
      "order": 19,
      "mode": 0,
      "inputs": [
        {
          "name": "image",
          "type": "IMAGE",
          "link": 100
        },
        {
          "name": "color_map_image",
          "type": "IMAGE",
          "link": 697
        }
      ],
      "outputs": [
        {
          "name": "IMAGE",
          "type": "IMAGE",
          "links": [
            102,
            607
          ],
          "shape": 3,
          "slot_index": 0
        }
      ],
      "properties": {
        "Node name for S&R": "StableSRColorFix"
      },
      "widgets_values": [
        "Wavelet"
      ],
      "color": "#2a363b",
      "bgcolor": "#3f5159"
    },
    {
      "id": 233,
      "type": "Reroute",
      "pos": [
        4096.736661677294,
        -76.57764209333031
      ],
      "size": [
        82,
        26
      ],
      "flags": {},
      "order": 32,
      "mode": 0,
      "inputs": [
        {
          "name": "",
          "type": "*",
          "link": 508
        }
      ],
      "outputs": [
        {
          "name": "IMAGE",
          "type": "IMAGE",
          "links": [
            626
          ],
          "slot_index": 0
        }
      ],
      "properties": {
        "showOutputText": true,
        "horizontal": false
      }
    },
    {
      "id": 302,
      "type": "Reroute",
      "pos": [
        4560,
        -32
      ],
      "size": [
        82,
        26
      ],
      "flags": {},
      "order": 34,
      "mode": 0,
      "inputs": [
        {
          "name": "",
          "type": "*",
          "link": 626
        }
      ],
      "outputs": [
        {
          "name": "IMAGE",
          "type": "IMAGE",
          "links": [
            627,
            628
          ],
          "slot_index": 0
        }
      ],
      "properties": {
        "showOutputText": true,
        "horizontal": false
      }
    },
    {
      "id": 217,
      "type": "DetailerForEachDebug",
      "pos": [
        5440,
        120
      ],
      "size": {
        "0": 506.4000244140625,
        "1": 620
      },
      "flags": {},
      "order": 41,
      "mode": 0,
      "inputs": [
        {
          "name": "image",
          "type": "IMAGE",
          "link": 627
        },
        {
          "name": "segs",
          "type": "SEGS",
          "link": 483
        },
        {
          "name": "model",
          "type": "MODEL",
          "link": 536
        },
        {
          "name": "clip",
          "type": "CLIP",
          "link": 535
        },
        {
          "name": "vae",
          "type": "VAE",
          "link": 534
        },
        {
          "name": "positive",
          "type": "CONDITIONING",
          "link": 533
        },
        {
          "name": "negative",
          "type": "CONDITIONING",
          "link": 532
        },
        {
          "name": "detailer_hook",
          "type": "DETAILER_HOOK",
          "link": null
        },
        {
          "name": "scheduler_func_opt",
          "type": "SCHEDULER_FUNC",
          "link": null
        }
      ],
      "outputs": [
        {
          "name": "image",
          "type": "IMAGE",
          "links": [
            490
          ],
          "shape": 3,
          "slot_index": 0
        },
        {
          "name": "cropped",
          "type": "IMAGE",
          "links": null,
          "shape": 6
        },
        {
          "name": "cropped_refined",
          "type": "IMAGE",
          "links": null,
          "shape": 6
        },
        {
          "name": "cropped_refined_alpha",
          "type": "IMAGE",
          "links": null,
          "shape": 6
        },
        {
          "name": "cnet_images",
          "type": "IMAGE",
          "links": null,
          "shape": 6
        }
      ],
      "properties": {
        "Node name for S&R": "DetailerForEachDebug"
      },
      "widgets_values": [
        768,
        true,
        1024,
        987103094841843,
        "fixed",
        16,
        6,
        "dpmpp_2m",
        "karras",
        0.49,
        10,
        true,
        true,
        "",
        1,
        false,
        20
      ]
    },
    {
      "id": 219,
      "type": "PreviewImage",
      "pos": [
        6010,
        243
      ],
      "size": {
        "0": 426.6416015625,
        "1": 609.3189086914062
      },
      "flags": {},
      "order": 42,
      "mode": 0,
      "inputs": [
        {
          "name": "images",
          "type": "IMAGE",
          "link": 490
        }
      ],
      "properties": {
        "Node name for S&R": "PreviewImage"
      }
    },
    {
      "id": 287,
      "type": "LoadImage",
      "pos": [
        4107,
        -581
      ],
      "size": {
        "0": 315,
        "1": 314
      },
      "flags": {},
      "order": 6,
      "mode": 0,
      "outputs": [
        {
          "name": "IMAGE",
          "type": "IMAGE",
          "links": null,
          "shape": 3,
          "slot_index": 0
        },
        {
          "name": "MASK",
          "type": "MASK",
          "links": null,
          "shape": 3
        }
      ],
      "properties": {
        "Node name for S&R": "LoadImage"
      },
      "widgets_values": [
        "ComfyUI_temp_xbdjv_00010_.png",
        "image"
      ],
      "color": "#323",
      "bgcolor": "#535"
    },
    {
      "id": 240,
      "type": "GoogleTranslateCLIPTextEncodeNode",
      "pos": [
        4650,
        140
      ],
      "size": {
        "0": 319.20001220703125,
        "1": 192
      },
      "flags": {},
      "order": 14,
      "mode": 0,
      "inputs": [
        {
          "name": "clip",
          "type": "CLIP",
          "link": 525
        }
      ],
      "outputs": [
        {
          "name": "CONDITIONING",
          "type": "CONDITIONING",
          "links": [
            533
          ],
          "shape": 3,
          "slot_index": 0
        },
        {
          "name": "STRING",
          "type": "STRING",
          "links": [
            542
          ],
          "shape": 3,
          "slot_index": 1
        }
      ],
      "properties": {
        "Node name for S&R": "GoogleTranslateCLIPTextEncodeNode"
      },
      "widgets_values": [
        "auto",
        "en",
        false,
        "Manual Trasnlate",
        "волосы"
      ],
      "color": "#232",
      "bgcolor": "#353"
    },
    {
      "id": 347,
      "type": "GoogleTranslateCLIPTextEncodeNode",
      "pos": [
        5011,
        -36
      ],
      "size": {
        "0": 319.20001220703125,
        "1": 192
      },
      "flags": {},
      "order": 7,
      "mode": 0,
      "inputs": [
        {
          "name": "clip",
          "type": "CLIP",
          "link": null
        }
      ],
      "outputs": [
        {
          "name": "CONDITIONING",
          "type": "CONDITIONING",
          "links": [],
          "shape": 3,
          "slot_index": 0
        },
        {
          "name": "STRING",
          "type": "STRING",
          "links": [],
          "shape": 3,
          "slot_index": 1
        }
      ],
      "properties": {
        "Node name for S&R": "GoogleTranslateCLIPTextEncodeNode"
      },
      "widgets_values": [
        "auto",
        "en",
        false,
        "Manual Trasnlate",
        "светлые волосы"
      ],
      "color": "#232",
      "bgcolor": "#353"
    },
    {
      "id": 239,
      "type": "Efficient Loader",
      "pos": [
        4174.246741023008,
        31.26682133983192
      ],
      "size": {
        "0": 319.5196838378906,
        "1": 482
      },
      "flags": {},
      "order": 8,
      "mode": 0,
      "inputs": [
        {
          "name": "lora_stack",
          "type": "LORA_STACK",
          "link": null
        },
        {
          "name": "cnet_stack",
          "type": "CONTROL_NET_STACK",
          "link": null
        }
      ],
      "outputs": [
        {
          "name": "MODEL",
          "type": "MODEL",
          "links": [
            536
          ],
          "shape": 3,
          "slot_index": 0
        },
        {
          "name": "CONDITIONING+",
          "type": "CONDITIONING",
          "links": null,
          "shape": 3
        },
        {
          "name": "CONDITIONING-",
          "type": "CONDITIONING",
          "links": [
            532
          ],
          "shape": 3,
          "slot_index": 2
        },
        {
          "name": "LATENT",
          "type": "LATENT",
          "links": null,
          "shape": 3
        },
        {
          "name": "VAE",
          "type": "VAE",
          "links": [
            534
          ],
          "shape": 3,
          "slot_index": 4
        },
        {
          "name": "CLIP",
          "type": "CLIP",
          "links": [
            525,
            535
          ],
          "shape": 3,
          "slot_index": 5
        },
        {
          "name": "DEPENDENCIES",
          "type": "DEPENDENCIES",
          "links": null,
          "shape": 3
        }
      ],
      "properties": {
        "Node name for S&R": "Efficient Loader"
      },
      "widgets_values": [
        "SD15\\juggernaut_reborn.safetensors",
        "Baked VAE",
        -1,
        "None",
        1,
        1,
        "",
        "",
        "none",
        "comfy",
        512,
        512,
        1
      ],
      "color": "#223",
      "bgcolor": "#335",
      "shape": 1
    },
    {
      "id": 277,
      "type": "Efficient Loader",
      "pos": [
        2664.9953413919375,
        -97.00534241073144
      ],
      "size": {
        "0": 319.5196838378906,
        "1": 482
      },
      "flags": {},
      "order": 9,
      "mode": 0,
      "inputs": [
        {
          "name": "lora_stack",
          "type": "LORA_STACK",
          "link": null
        },
        {
          "name": "cnet_stack",
          "type": "CONTROL_NET_STACK",
          "link": null
        }
      ],
      "outputs": [
        {
          "name": "MODEL",
          "type": "MODEL",
          "links": [
            593
          ],
          "shape": 3,
          "slot_index": 0
        },
        {
          "name": "CONDITIONING+",
          "type": "CONDITIONING",
          "links": [
            594
          ],
          "shape": 3,
          "slot_index": 1
        },
        {
          "name": "CONDITIONING-",
          "type": "CONDITIONING",
          "links": [
            595
          ],
          "shape": 3,
          "slot_index": 2
        },
        {
          "name": "LATENT",
          "type": "LATENT",
          "links": null,
          "shape": 3,
          "slot_index": 3
        },
        {
          "name": "VAE",
          "type": "VAE",
          "links": [
            596
          ],
          "shape": 3,
          "slot_index": 4
        },
        {
          "name": "CLIP",
          "type": "CLIP",
          "links": [
            597
          ],
          "shape": 3,
          "slot_index": 5
        },
        {
          "name": "DEPENDENCIES",
          "type": "DEPENDENCIES",
          "links": null,
          "shape": 3
        }
      ],
      "properties": {
        "Node name for S&R": "Efficient Loader"
      },
      "widgets_values": [
        "SD15\\juggernaut_reborn.safetensors",
        "Baked VAE",
        -1,
        "None",
        1,
        1,
        "European face, masterpiece, best quality, realistic, very clear, 20yo",
        "3d, cartoon, anime, sketches, (worst quality), (low quality)",
        "none",
        "comfy",
        512,
        512,
        1
      ],
      "color": "#223",
      "bgcolor": "#335",
      "shape": 1
    },
    {
      "id": 120,
      "type": "ReActorRestoreFace",
      "pos": [
        299,
        -607
      ],
      "size": {
        "0": 315,
        "1": 130
      },
      "flags": {},
      "order": 15,
      "mode": 0,
      "inputs": [
        {
          "name": "image",
          "type": "IMAGE",
          "link": 278
        }
      ],
      "outputs": [
        {
          "name": "IMAGE",
          "type": "IMAGE",
          "links": [
            279,
            697
          ],
          "shape": 3,
          "slot_index": 0
        }
      ],
      "properties": {
        "Node name for S&R": "ReActorRestoreFace"
      },
      "widgets_values": [
        "retinaface_resnet50",
        "GFPGANv1.4.pth",
        0.3,
        1
      ],
      "color": "#332922",
      "bgcolor": "#593930"
    },
    {
      "id": 289,
      "type": "ReActorRestoreFace",
      "pos": [
        1134,
        -580
      ],
      "size": {
        "0": 315,
        "1": 130
      },
      "flags": {},
      "order": 22,
      "mode": 0,
      "inputs": [
        {
          "name": "image",
          "type": "IMAGE",
          "link": 607
        }
      ],
      "outputs": [
        {
          "name": "IMAGE",
          "type": "IMAGE",
          "links": [
            605,
            608
          ],
          "shape": 3,
          "slot_index": 0
        }
      ],
      "properties": {
        "Node name for S&R": "ReActorRestoreFace"
      },
      "widgets_values": [
        "retinaface_resnet50",
        "GFPGANv1.4.pth",
        0.46,
        1
      ],
      "color": "#332922",
      "bgcolor": "#593930"
    }
  ],
  "links": [
    [
      19,
      4,
      1,
      14,
      0,
      "CLIP"
    ],
    [
      22,
      4,
      1,
      15,
      0,
      "CLIP"
    ],
    [
      63,
      4,
      0,
      31,
      0,
      "MODEL"
    ],
    [
      92,
      15,
      0,
      39,
      3,
      "CONDITIONING"
    ],
    [
      93,
      14,
      0,
      39,
      2,
      "CONDITIONING"
    ],
    [
      94,
      4,
      2,
      39,
      4,
      "VAE"
    ],
    [
      100,
      39,
      0,
      43,
      0,
      "IMAGE"
    ],
    [
      102,
      43,
      0,
      35,
      0,
      "IMAGE"
    ],
    [
      155,
      70,
      0,
      68,
      0,
      "IMAGE"
    ],
    [
      157,
      69,
      0,
      70,
      0,
      "IMAGE"
    ],
    [
      184,
      77,
      0,
      82,
      0,
      "*"
    ],
    [
      204,
      81,
      0,
      77,
      7,
      "SAM_MODEL"
    ],
    [
      221,
      77,
      0,
      94,
      0,
      "IMAGE"
    ],
    [
      222,
      94,
      0,
      80,
      0,
      "IMAGE"
    ],
    [
      229,
      98,
      0,
      77,
      6,
      "BBOX_DETECTOR"
    ],
    [
      244,
      12,
      0,
      105,
      0,
      "IMAGE"
    ],
    [
      252,
      109,
      0,
      70,
      1,
      "IMAGE"
    ],
    [
      253,
      109,
      0,
      69,
      0,
      "IMAGE"
    ],
    [
      268,
      31,
      0,
      39,
      1,
      "MODEL"
    ],
    [
      278,
      105,
      0,
      120,
      0,
      "IMAGE"
    ],
    [
      279,
      120,
      0,
      73,
      0,
      "IMAGE"
    ],
    [
      447,
      208,
      0,
      209,
      0,
      "CPipeAny"
    ],
    [
      448,
      31,
      0,
      208,
      1,
      "*"
    ],
    [
      449,
      4,
      1,
      208,
      2,
      "*"
    ],
    [
      450,
      4,
      2,
      208,
      3,
      "*"
    ],
    [
      451,
      14,
      0,
      208,
      4,
      "*"
    ],
    [
      452,
      15,
      0,
      208,
      5,
      "*"
    ],
    [
      453,
      209,
      1,
      69,
      1,
      "MODEL"
    ],
    [
      454,
      209,
      3,
      69,
      4,
      "VAE"
    ],
    [
      455,
      209,
      4,
      69,
      2,
      "CONDITIONING"
    ],
    [
      456,
      209,
      5,
      69,
      3,
      "CONDITIONING"
    ],
    [
      483,
      218,
      0,
      217,
      1,
      "SEGS"
    ],
    [
      490,
      217,
      0,
      219,
      0,
      "IMAGE"
    ],
    [
      508,
      82,
      0,
      233,
      0,
      "*"
    ],
    [
      525,
      239,
      5,
      240,
      0,
      "CLIP"
    ],
    [
      532,
      239,
      2,
      217,
      6,
      "CONDITIONING"
    ],
    [
      533,
      240,
      0,
      217,
      5,
      "CONDITIONING"
    ],
    [
      534,
      239,
      4,
      217,
      4,
      "VAE"
    ],
    [
      535,
      239,
      5,
      217,
      3,
      "CLIP"
    ],
    [
      536,
      239,
      0,
      217,
      2,
      "MODEL"
    ],
    [
      537,
      242,
      0,
      241,
      1,
      "CLIPSEG_MODEL"
    ],
    [
      538,
      241,
      1,
      243,
      0,
      "IMAGE"
    ],
    [
      542,
      240,
      1,
      241,
      2,
      "STRING"
    ],
    [
      579,
      278,
      0,
      77,
      0,
      "IMAGE"
    ],
    [
      580,
      70,
      0,
      278,
      0,
      "*"
    ],
    [
      581,
      278,
      0,
      94,
      1,
      "IMAGE"
    ],
    [
      593,
      277,
      0,
      77,
      1,
      "MODEL"
    ],
    [
      594,
      277,
      1,
      77,
      4,
      "CONDITIONING"
    ],
    [
      595,
      277,
      2,
      77,
      5,
      "CONDITIONING"
    ],
    [
      596,
      277,
      4,
      77,
      3,
      "VAE"
    ],
    [
      597,
      277,
      5,
      77,
      2,
      "CLIP"
    ],
    [
      601,
      283,
      0,
      284,
      0,
      "MASK"
    ],
    [
      602,
      284,
      0,
      285,
      0,
      "IMAGE"
    ],
    [
      603,
      241,
      0,
      283,
      0,
      "MASK"
    ],
    [
      604,
      283,
      0,
      218,
      0,
      "MASK"
    ],
    [
      605,
      289,
      0,
      288,
      0,
      "IMAGE"
    ],
    [
      607,
      43,
      0,
      289,
      0,
      "IMAGE"
    ],
    [
      608,
      289,
      0,
      109,
      0,
      "IMAGE"
    ],
    [
      626,
      233,
      0,
      302,
      0,
      "*"
    ],
    [
      627,
      302,
      0,
      217,
      0,
      "IMAGE"
    ],
    [
      628,
      302,
      0,
      241,
      0,
      "IMAGE"
    ],
    [
      697,
      120,
      0,
      43,
      1,
      "IMAGE"
    ]
  ],
  "groups": [
    {
      "title": "Face (stabledif.ru)",
      "bounding": [
        2623,
        -285,
        1334,
        1177
      ],
      "color": "#8A8",
      "font_size": 24,
      "locked": false
    },
    {
      "title": "StableSR 2 (stabledif.ru)",
      "bounding": [
        1341,
        -358,
        1087,
        855
      ],
      "color": "#b58b2a",
      "font_size": 24,
      "locked": false
    },
    {
      "title": "StableSR 1 (stabledif.ru)",
      "bounding": [
        -608,
        -407,
        1725,
        1003
      ],
      "color": "#3f789e",
      "font_size": 24,
      "locked": false
    },
    {
      "title": "OreX & STABLEDIF.RU",
      "bounding": [
        1500,
        -1008,
        560,
        97
      ],
      "color": "#ffb638",
      "font_size": 50,
      "locked": false
    },
    {
      "title": "Re Generate",
      "bounding": [
        4122,
        -137,
        2438,
        1062
      ],
      "color": "#3f789e",
      "font_size": 24,
      "locked": false
    }
  ],
  "config": {},
  "extra": {
    "ds": {
      "scale": 0.31384283767210075,
      "offset": [
        1097.4178211302155,
        1195.987674256874
      ]
    }
  },
  "version": 0.4
}