{
  "last_node_id": 435,
  "last_link_id": 853,
  "nodes": [
    {
      "id": 35,
      "type": "PreviewImage",
      "pos": [
        670,
        -190
      ],
      "size": {
        "0": 423.5451965332031,
        "1": 530.3379516601562
      },
      "flags": {},
      "order": 22,
      "mode": 0,
      "inputs": [
        {
          "name": "images",
          "type": "IMAGE",
          "link": 102
        }
      ],
      "properties": {
        "Node name for S&R": "PreviewImage"
      },
      "color": "#2a363b",
      "bgcolor": "#3f5159"
    },
    {
      "id": 278,
      "type": "Reroute",
      "pos": [
        2593.463448291239,
        -152.86303429589515
      ],
      "size": [
        82,
        26
      ],
      "flags": {},
      "order": 29,
      "mode": 0,
      "inputs": [
        {
          "name": "",
          "type": "*",
          "link": 580
        }
      ],
      "outputs": [
        {
          "name": "IMAGE",
          "type": "IMAGE",
          "links": [
            579,
            581
          ],
          "slot_index": 0
        }
      ],
      "properties": {
        "showOutputText": true,
        "horizontal": false
      }
    },
    {
      "id": 80,
      "type": "PreviewImage",
      "pos": [
        3011.463448291239,
        519.1369657041048
      ],
      "size": {
        "0": 325.183837890625,
        "1": 293.5284729003906
      },
      "flags": {},
      "order": 32,
      "mode": 0,
      "inputs": [
        {
          "name": "images",
          "type": "IMAGE",
          "link": 222
        }
      ],
      "properties": {
        "Node name for S&R": "PreviewImage"
      },
      "color": "#232",
      "bgcolor": "#353"
    },
    {
      "id": 68,
      "type": "PreviewImage",
      "pos": [
        2021,
        -96
      ],
      "size": {
        "0": 390.8725280761719,
        "1": 492.6298828125
      },
      "flags": {},
      "order": 28,
      "mode": 0,
      "inputs": [
        {
          "name": "images",
          "type": "IMAGE",
          "link": 155
        }
      ],
      "properties": {
        "Node name for S&R": "PreviewImage"
      },
      "color": "#432",
      "bgcolor": "#653"
    },
    {
      "id": 243,
      "type": "PreviewImage",
      "pos": [
        4390,
        760
      ],
      "size": {
        "0": 210,
        "1": 246
      },
      "flags": {},
      "order": 38,
      "mode": 4,
      "inputs": [
        {
          "name": "images",
          "type": "IMAGE",
          "link": 538
        }
      ],
      "properties": {
        "Node name for S&R": "PreviewImage"
      }
    },
    {
      "id": 284,
      "type": "MaskToImage",
      "pos": [
        4750,
        640
      ],
      "size": {
        "0": 210,
        "1": 26
      },
      "flags": {
        "collapsed": false
      },
      "order": 39,
      "mode": 4,
      "inputs": [
        {
          "name": "mask",
          "type": "MASK",
          "link": 601,
          "slot_index": 0
        }
      ],
      "outputs": [
        {
          "name": "IMAGE",
          "type": "IMAGE",
          "links": [
            602
          ],
          "shape": 3,
          "slot_index": 0
        }
      ],
      "properties": {
        "Node name for S&R": "MaskToImage"
      }
    },
    {
      "id": 285,
      "type": "PreviewImage",
      "pos": [
        4760,
        720
      ],
      "size": {
        "0": 201.50628662109375,
        "1": 246
      },
      "flags": {},
      "order": 41,
      "mode": 4,
      "inputs": [
        {
          "name": "images",
          "type": "IMAGE",
          "link": 602,
          "slot_index": 0
        }
      ],
      "properties": {
        "Node name for S&R": "PreviewImage"
      }
    },
    {
      "id": 219,
      "type": "PreviewImage",
      "pos": [
        5770,
        340
      ],
      "size": {
        "0": 426.6416015625,
        "1": 609.3189086914062
      },
      "flags": {},
      "order": 43,
      "mode": 4,
      "inputs": [
        {
          "name": "images",
          "type": "IMAGE",
          "link": 490
        }
      ],
      "properties": {
        "Node name for S&R": "PreviewImage"
      }
    },
    {
      "id": 73,
      "type": "PreviewImage",
      "pos": [
        643,
        -777
      ],
      "size": {
        "0": 180.29771423339844,
        "1": 246
      },
      "flags": {},
      "order": 19,
      "mode": 0,
      "inputs": [
        {
          "name": "images",
          "type": "IMAGE",
          "link": 279
        }
      ],
      "properties": {
        "Node name for S&R": "PreviewImage"
      },
      "color": "#332922",
      "bgcolor": "#593930"
    },
    {
      "id": 14,
      "type": "CLIPTextEncode",
      "pos": [
        -120,
        300
      ],
      "size": {
        "0": 399.80792236328125,
        "1": 124.43695831298828
      },
      "flags": {},
      "order": 11,
      "mode": 0,
      "inputs": [
        {
          "name": "clip",
          "type": "CLIP",
          "link": 19
        }
      ],
      "outputs": [
        {
          "name": "CONDITIONING",
          "type": "CONDITIONING",
          "links": [
            93,
            451
          ],
          "shape": 3,
          "slot_index": 0
        }
      ],
      "properties": {
        "Node name for S&R": "CLIPTextEncode"
      },
      "widgets_values": [
        "best quality, realistic, very clear,"
      ],
      "color": "#232",
      "bgcolor": "#353"
    },
    {
      "id": 15,
      "type": "CLIPTextEncode",
      "pos": [
        -120,
        470
      ],
      "size": {
        "0": 404.8106384277344,
        "1": 100.48444366455078
      },
      "flags": {},
      "order": 12,
      "mode": 0,
      "inputs": [
        {
          "name": "clip",
          "type": "CLIP",
          "link": 22
        }
      ],
      "outputs": [
        {
          "name": "CONDITIONING",
          "type": "CONDITIONING",
          "links": [
            92,
            452
          ],
          "shape": 3,
          "slot_index": 0
        }
      ],
      "properties": {
        "Node name for S&R": "CLIPTextEncode"
      },
      "widgets_values": [
        "3d, cartoon, anime, sketches, (worst quality), (low quality)"
      ],
      "color": "#322",
      "bgcolor": "#533"
    },
    {
      "id": 43,
      "type": "StableSRColorFix",
      "pos": [
        834,
        -329
      ],
      "size": {
        "0": 315,
        "1": 78
      },
      "flags": {},
      "order": 21,
      "mode": 0,
      "inputs": [
        {
          "name": "image",
          "type": "IMAGE",
          "link": 100
        },
        {
          "name": "color_map_image",
          "type": "IMAGE",
          "link": 851
        }
      ],
      "outputs": [
        {
          "name": "IMAGE",
          "type": "IMAGE",
          "links": [
            102,
            607
          ],
          "shape": 3,
          "slot_index": 0
        }
      ],
      "properties": {
        "Node name for S&R": "StableSRColorFix"
      },
      "widgets_values": [
        "Wavelet"
      ],
      "color": "#2a363b",
      "bgcolor": "#3f5159"
    },
    {
      "id": 288,
      "type": "PreviewImage",
      "pos": [
        1487,
        -697
      ],
      "size": {
        "0": 180.29771423339844,
        "1": 246
      },
      "flags": {},
      "order": 24,
      "mode": 0,
      "inputs": [
        {
          "name": "images",
          "type": "IMAGE",
          "link": 605
        }
      ],
      "properties": {
        "Node name for S&R": "PreviewImage"
      },
      "color": "#332922",
      "bgcolor": "#593930"
    },
    {
      "id": 289,
      "type": "ReActorRestoreFace",
      "pos": [
        1130,
        -680
      ],
      "size": {
        "0": 315,
        "1": 130
      },
      "flags": {},
      "order": 23,
      "mode": 0,
      "inputs": [
        {
          "name": "image",
          "type": "IMAGE",
          "link": 607
        }
      ],
      "outputs": [
        {
          "name": "IMAGE",
          "type": "IMAGE",
          "links": [
            605,
            608
          ],
          "shape": 3,
          "slot_index": 0
        }
      ],
      "properties": {
        "Node name for S&R": "ReActorRestoreFace"
      },
      "widgets_values": [
        "retinaface_resnet50",
        "GFPGANv1.4.pth",
        0.46,
        1
      ],
      "color": "#332922",
      "bgcolor": "#593930"
    },
    {
      "id": 31,
      "type": "ApplyStableSRUpscaler",
      "pos": [
        -60,
        120
      ],
      "size": {
        "0": 315,
        "1": 102
      },
      "flags": {},
      "order": 10,
      "mode": 0,
      "inputs": [
        {
          "name": "model",
          "type": "MODEL",
          "link": 63
        },
        {
          "name": "latent_image",
          "type": "LATENT",
          "link": null
        }
      ],
      "outputs": [
        {
          "name": "MODEL",
          "type": "MODEL",
          "links": [
            268,
            448
          ],
          "shape": 3,
          "slot_index": 0
        }
      ],
      "properties": {
        "Node name for S&R": "ApplyStableSRUpscaler"
      },
      "widgets_values": [
        "webui_768v_139.ckpt"
      ],
      "color": "#2a363b",
      "bgcolor": "#3f5159"
    },
    {
      "id": 4,
      "type": "CheckpointLoaderSimple",
      "pos": [
        -560,
        290
      ],
      "size": {
        "0": 315,
        "1": 98
      },
      "flags": {},
      "order": 0,
      "mode": 0,
      "outputs": [
        {
          "name": "MODEL",
          "type": "MODEL",
          "links": [
            63
          ],
          "slot_index": 0
        },
        {
          "name": "CLIP",
          "type": "CLIP",
          "links": [
            19,
            22,
            449
          ],
          "slot_index": 1
        },
        {
          "name": "VAE",
          "type": "VAE",
          "links": [
            94,
            450
          ],
          "slot_index": 2
        }
      ],
      "properties": {
        "Node name for S&R": "CheckpointLoaderSimple"
      },
      "widgets_values": [
        "SR\\stablesr_768v_000139.ckpt"
      ],
      "color": "#2a363b",
      "bgcolor": "#3f5159"
    },
    {
      "id": 109,
      "type": "ImageScale",
      "pos": [
        1315,
        -266
      ],
      "size": {
        "0": 315,
        "1": 130
      },
      "flags": {},
      "order": 25,
      "mode": 0,
      "inputs": [
        {
          "name": "image",
          "type": "IMAGE",
          "link": 608
        }
      ],
      "outputs": [
        {
          "name": "IMAGE",
          "type": "IMAGE",
          "links": [
            252,
            253
          ],
          "shape": 3,
          "slot_index": 0
        }
      ],
      "properties": {
        "Node name for S&R": "ImageScale"
      },
      "widgets_values": [
        "nearest-exact",
        2240,
        0,
        "disabled"
      ],
      "color": "#432",
      "bgcolor": "#653"
    },
    {
      "id": 39,
      "type": "UltimateSDUpscaleNoUpscale",
      "pos": [
        320,
        -220
      ],
      "size": {
        "0": 315,
        "1": 570
      },
      "flags": {},
      "order": 20,
      "mode": 0,
      "inputs": [
        {
          "name": "upscaled_image",
          "type": "IMAGE",
          "link": 853
        },
        {
          "name": "model",
          "type": "MODEL",
          "link": 268
        },
        {
          "name": "positive",
          "type": "CONDITIONING",
          "link": 93
        },
        {
          "name": "negative",
          "type": "CONDITIONING",
          "link": 92
        },
        {
          "name": "vae",
          "type": "VAE",
          "link": 94
        }
      ],
      "outputs": [
        {
          "name": "IMAGE",
          "type": "IMAGE",
          "links": [
            100
          ],
          "shape": 3,
          "slot_index": 0
        }
      ],
      "properties": {
        "Node name for S&R": "UltimateSDUpscaleNoUpscale"
      },
      "widgets_values": [
        1009015554174044,
        "fixed",
        25,
        5,
        "euler_ancestral",
        "karras",
        1,
        "Linear",
        704,
        704,
        32,
        32,
        "None",
        1,
        64,
        8,
        16,
        true,
        false
      ],
      "color": "#2a363b",
      "bgcolor": "#3f5159"
    },
    {
      "id": 70,
      "type": "StableSRColorFix",
      "pos": [
        2148,
        -271
      ],
      "size": {
        "0": 315,
        "1": 78
      },
      "flags": {},
      "order": 27,
      "mode": 0,
      "inputs": [
        {
          "name": "image",
          "type": "IMAGE",
          "link": 157
        },
        {
          "name": "color_map_image",
          "type": "IMAGE",
          "link": 252
        }
      ],
      "outputs": [
        {
          "name": "IMAGE",
          "type": "IMAGE",
          "links": [
            155,
            580
          ],
          "shape": 3,
          "slot_index": 0
        }
      ],
      "properties": {
        "Node name for S&R": "StableSRColorFix"
      },
      "widgets_values": [
        "Wavelet"
      ],
      "color": "#432",
      "bgcolor": "#653"
    },
    {
      "id": 69,
      "type": "UltimateSDUpscaleNoUpscale",
      "pos": [
        1671,
        -155
      ],
      "size": {
        "0": 315,
        "1": 570
      },
      "flags": {},
      "order": 26,
      "mode": 0,
      "inputs": [
        {
          "name": "upscaled_image",
          "type": "IMAGE",
          "link": 253
        },
        {
          "name": "model",
          "type": "MODEL",
          "link": 453
        },
        {
          "name": "positive",
          "type": "CONDITIONING",
          "link": 455
        },
        {
          "name": "negative",
          "type": "CONDITIONING",
          "link": 456
        },
        {
          "name": "vae",
          "type": "VAE",
          "link": 454
        }
      ],
      "outputs": [
        {
          "name": "IMAGE",
          "type": "IMAGE",
          "links": [
            157
          ],
          "shape": 3,
          "slot_index": 0
        }
      ],
      "properties": {
        "Node name for S&R": "UltimateSDUpscaleNoUpscale"
      },
      "widgets_values": [
        133203414223937,
        "fixed",
        24,
        5,
        "euler_ancestral",
        "normal",
        1,
        "Linear",
        768,
        768,
        32,
        32,
        "None",
        1,
        64,
        8,
        16,
        true,
        false
      ],
      "color": "#432",
      "bgcolor": "#653"
    },
    {
      "id": 81,
      "type": "SAMLoader",
      "pos": [
        3018.4681068993013,
        246.14230811483637
      ],
      "size": {
        "0": 315,
        "1": 82
      },
      "flags": {},
      "order": 1,
      "mode": 0,
      "outputs": [
        {
          "name": "SAM_MODEL",
          "type": "SAM_MODEL",
          "links": [
            204
          ],
          "shape": 3
        }
      ],
      "properties": {
        "Node name for S&R": "SAMLoader"
      },
      "widgets_values": [
        "sam_vit_b_01ec64.pth",
        "AUTO"
      ],
      "color": "#232",
      "bgcolor": "#353"
    },
    {
      "id": 77,
      "type": "FaceDetailer",
      "pos": [
        3374.4681068993013,
        -92.85769188516373
      ],
      "size": {
        "0": 506.4000244140625,
        "1": 900
      },
      "flags": {},
      "order": 30,
      "mode": 0,
      "inputs": [
        {
          "name": "image",
          "type": "IMAGE",
          "link": 579
        },
        {
          "name": "model",
          "type": "MODEL",
          "link": 593
        },
        {
          "name": "clip",
          "type": "CLIP",
          "link": 597
        },
        {
          "name": "vae",
          "type": "VAE",
          "link": 596
        },
        {
          "name": "positive",
          "type": "CONDITIONING",
          "link": 594
        },
        {
          "name": "negative",
          "type": "CONDITIONING",
          "link": 595
        },
        {
          "name": "bbox_detector",
          "type": "BBOX_DETECTOR",
          "link": 229,
          "slot_index": 6
        },
        {
          "name": "sam_model_opt",
          "type": "SAM_MODEL",
          "link": 204,
          "slot_index": 7
        },
        {
          "name": "segm_detector_opt",
          "type": "SEGM_DETECTOR",
          "link": null,
          "slot_index": 8
        },
        {
          "name": "detailer_hook",
          "type": "DETAILER_HOOK",
          "link": null
        },
        {
          "name": "scheduler_func_opt",
          "type": "SCHEDULER_FUNC",
          "link": null
        }
      ],
      "outputs": [
        {
          "name": "image",
          "type": "IMAGE",
          "links": [
            221
          ],
          "shape": 3,
          "slot_index": 0
        },
        {
          "name": "cropped_refined",
          "type": "IMAGE",
          "links": [],
          "shape": 6,
          "slot_index": 1
        },
        {
          "name": "cropped_enhanced_alpha",
          "type": "IMAGE",
          "links": [],
          "shape": 6,
          "slot_index": 2
        },
        {
          "name": "mask",
          "type": "MASK",
          "links": [],
          "shape": 3,
          "slot_index": 3
        },
        {
          "name": "detailer_pipe",
          "type": "DETAILER_PIPE",
          "links": null,
          "shape": 3,
          "slot_index": 4
        },
        {
          "name": "cnet_images",
          "type": "IMAGE",
          "links": [],
          "shape": 6,
          "slot_index": 5
        }
      ],
      "properties": {
        "Node name for S&R": "FaceDetailer"
      },
      "widgets_values": [
        768,
        true,
        1024,
        413628839510977,
        "fixed",
        20,
        5,
        "dpmpp_2m",
        "karras",
        0.35000000000000003,
        10,
        true,
        true,
        0.5,
        10,
        1,
        "center-1",
        0,
        0.93,
        0,
        0.7,
        "False",
        10,
        "",
        1,
        false,
        0
      ],
      "color": "#232",
      "bgcolor": "#353"
    },
    {
      "id": 98,
      "type": "UltralyticsDetectorProvider",
      "pos": [
        3017.4681068993013,
        112.14230811483631
      ],
      "size": {
        "0": 310.6450500488281,
        "1": 78
      },
      "flags": {},
      "order": 2,
      "mode": 0,
      "outputs": [
        {
          "name": "BBOX_DETECTOR",
          "type": "BBOX_DETECTOR",
          "links": [
            229
          ],
          "shape": 3,
          "slot_index": 0
        },
        {
          "name": "SEGM_DETECTOR",
          "type": "SEGM_DETECTOR",
          "links": null,
          "shape": 3
        }
      ],
      "properties": {
        "Node name for S&R": "UltralyticsDetectorProvider"
      },
      "widgets_values": [
        "bbox/face_yolov8m.pt"
      ],
      "color": "#232",
      "bgcolor": "#353"
    },
    {
      "id": 208,
      "type": "Pipe to/edit any [Crystools]",
      "pos": [
        933,
        415
      ],
      "size": {
        "0": 216.59999084472656,
        "1": 146
      },
      "flags": {},
      "order": 16,
      "mode": 0,
      "inputs": [
        {
          "name": "CPipeAny",
          "type": "CPipeAny",
          "link": null
        },
        {
          "name": "any_1",
          "type": "*",
          "link": 448,
          "label": "MODEL"
        },
        {
          "name": "any_2",
          "type": "*",
          "link": 449,
          "label": "CLIP"
        },
        {
          "name": "any_3",
          "type": "*",
          "link": 450,
          "label": "VAE"
        },
        {
          "name": "any_4",
          "type": "*",
          "link": 451,
          "label": "POS"
        },
        {
          "name": "any_5",
          "type": "*",
          "link": 452,
          "label": "NEG"
        },
        {
          "name": "any_6",
          "type": "*",
          "link": null,
          "label": "IMG"
        }
      ],
      "outputs": [
        {
          "name": "CPipeAny",
          "type": "CPipeAny",
          "links": [
            447
          ],
          "shape": 3,
          "slot_index": 0
        }
      ],
      "properties": {
        "Node name for S&R": "Pipe to/edit any [Crystools]"
      },
      "color": "#432",
      "bgcolor": "#653"
    },
    {
      "id": 209,
      "type": "Pipe from any [Crystools]",
      "pos": [
        1302,
        -70
      ],
      "size": {
        "0": 216.59999084472656,
        "1": 146
      },
      "flags": {},
      "order": 18,
      "mode": 0,
      "inputs": [
        {
          "name": "CPipeAny",
          "type": "CPipeAny",
          "link": 447
        }
      ],
      "outputs": [
        {
          "name": "CPipeAny",
          "type": "CPipeAny",
          "links": null,
          "shape": 3,
          "slot_index": 0
        },
        {
          "name": "any_1",
          "type": "*",
          "links": [
            453
          ],
          "shape": 3,
          "label": "MODEL",
          "slot_index": 1
        },
        {
          "name": "any_2",
          "type": "*",
          "links": [],
          "shape": 3,
          "label": "CLIP",
          "slot_index": 2
        },
        {
          "name": "any_3",
          "type": "*",
          "links": [
            454
          ],
          "shape": 3,
          "label": "VAE",
          "slot_index": 3
        },
        {
          "name": "any_4",
          "type": "*",
          "links": [
            455
          ],
          "shape": 3,
          "label": "POS",
          "slot_index": 4
        },
        {
          "name": "any_5",
          "type": "*",
          "links": [
            456
          ],
          "shape": 3,
          "label": "NEG",
          "slot_index": 5
        },
        {
          "name": "any_6",
          "type": "*",
          "links": null,
          "shape": 3,
          "label": "IMG"
        }
      ],
      "properties": {
        "Node name for S&R": "Pipe from any [Crystools]"
      },
      "color": "#432",
      "bgcolor": "#653"
    },
    {
      "id": 241,
      "type": "CLIPSeg Masking",
      "pos": [
        4390,
        510
      ],
      "size": {
        "0": 315,
        "1": 78
      },
      "flags": {},
      "order": 36,
      "mode": 4,
      "inputs": [
        {
          "name": "image",
          "type": "IMAGE",
          "link": 836,
          "slot_index": 0
        },
        {
          "name": "clipseg_model",
          "type": "CLIPSEG_MODEL",
          "link": 537,
          "slot_index": 1
        },
        {
          "name": "text",
          "type": "STRING",
          "link": 542,
          "widget": {
            "name": "text"
          }
        }
      ],
      "outputs": [
        {
          "name": "MASK",
          "type": "MASK",
          "links": [
            603
          ],
          "shape": 3,
          "slot_index": 0
        },
        {
          "name": "MASK_IMAGE",
          "type": "IMAGE",
          "links": [
            538
          ],
          "shape": 3,
          "slot_index": 1
        }
      ],
      "properties": {
        "Node name for S&R": "CLIPSeg Masking"
      },
      "widgets_values": [
        "hair"
      ]
    },
    {
      "id": 242,
      "type": "CLIPSeg Model Loader",
      "pos": [
        4390,
        650
      ],
      "size": {
        "0": 315,
        "1": 58
      },
      "flags": {},
      "order": 3,
      "mode": 4,
      "outputs": [
        {
          "name": "clipseg_model",
          "type": "CLIPSEG_MODEL",
          "links": [
            537
          ],
          "shape": 3,
          "slot_index": 0
        }
      ],
      "properties": {
        "Node name for S&R": "CLIPSeg Model Loader"
      },
      "widgets_values": [
        "CIDAS/clipseg-rd64-refined"
      ]
    },
    {
      "id": 218,
      "type": "MaskToSEGS",
      "pos": [
        5190,
        10
      ],
      "size": {
        "0": 315,
        "1": 154
      },
      "flags": {},
      "order": 40,
      "mode": 4,
      "inputs": [
        {
          "name": "mask",
          "type": "MASK",
          "link": 604
        }
      ],
      "outputs": [
        {
          "name": "SEGS",
          "type": "SEGS",
          "links": [
            483
          ],
          "shape": 3,
          "slot_index": 0
        }
      ],
      "properties": {
        "Node name for S&R": "MaskToSEGS"
      },
      "widgets_values": [
        false,
        3,
        false,
        10,
        false
      ]
    },
    {
      "id": 283,
      "type": "ThresholdMask",
      "pos": [
        4740,
        530
      ],
      "size": {
        "0": 315,
        "1": 58
      },
      "flags": {},
      "order": 37,
      "mode": 4,
      "inputs": [
        {
          "name": "mask",
          "type": "MASK",
          "link": 603,
          "slot_index": 0
        }
      ],
      "outputs": [
        {
          "name": "MASK",
          "type": "MASK",
          "links": [
            601,
            604
          ],
          "shape": 3,
          "slot_index": 0
        }
      ],
      "properties": {
        "Node name for S&R": "ThresholdMask"
      },
      "widgets_values": [
        0.6
      ]
    },
    {
      "id": 418,
      "type": "MaskToSEGS",
      "pos": [
        7436.52868776373,
        187.311229444587
      ],
      "size": {
        "0": 315,
        "1": 154
      },
      "flags": {},
      "order": 51,
      "mode": 4,
      "inputs": [
        {
          "name": "mask",
          "type": "MASK",
          "link": 801
        }
      ],
      "outputs": [
        {
          "name": "SEGS",
          "type": "SEGS",
          "links": [
            799
          ],
          "shape": 3,
          "slot_index": 0
        }
      ],
      "properties": {
        "Node name for S&R": "MaskToSEGS"
      },
      "widgets_values": [
        false,
        3,
        false,
        10,
        false
      ]
    },
    {
      "id": 421,
      "type": "CLIPSeg Masking",
      "pos": [
        6636.52868776373,
        677.3112294445864
      ],
      "size": {
        "0": 315,
        "1": 78
      },
      "flags": {},
      "order": 48,
      "mode": 4,
      "inputs": [
        {
          "name": "image",
          "type": "IMAGE",
          "link": 817,
          "slot_index": 0
        },
        {
          "name": "clipseg_model",
          "type": "CLIPSEG_MODEL",
          "link": 803,
          "slot_index": 1
        },
        {
          "name": "text",
          "type": "STRING",
          "link": 804,
          "widget": {
            "name": "text"
          }
        }
      ],
      "outputs": [
        {
          "name": "MASK",
          "type": "MASK",
          "links": [
            806
          ],
          "shape": 3,
          "slot_index": 0
        },
        {
          "name": "MASK_IMAGE",
          "type": "IMAGE",
          "links": [
            805
          ],
          "shape": 3,
          "slot_index": 1
        }
      ],
      "properties": {
        "Node name for S&R": "CLIPSeg Masking"
      },
      "widgets_values": [
        "hair"
      ]
    },
    {
      "id": 422,
      "type": "CLIPSeg Model Loader",
      "pos": [
        6636.52868776373,
        817.3112294445864
      ],
      "size": {
        "0": 315,
        "1": 58
      },
      "flags": {},
      "order": 4,
      "mode": 4,
      "outputs": [
        {
          "name": "clipseg_model",
          "type": "CLIPSEG_MODEL",
          "links": [
            803
          ],
          "shape": 3,
          "slot_index": 0
        }
      ],
      "properties": {
        "Node name for S&R": "CLIPSeg Model Loader"
      },
      "widgets_values": [
        "CIDAS/clipseg-rd64-refined"
      ]
    },
    {
      "id": 423,
      "type": "PreviewImage",
      "pos": [
        6636.52868776373,
        927.3112294445864
      ],
      "size": {
        "0": 210,
        "1": 246
      },
      "flags": {},
      "order": 50,
      "mode": 4,
      "inputs": [
        {
          "name": "images",
          "type": "IMAGE",
          "link": 805
        }
      ],
      "properties": {
        "Node name for S&R": "PreviewImage"
      }
    },
    {
      "id": 424,
      "type": "ThresholdMask",
      "pos": [
        6986.52868776373,
        697.3112294445864
      ],
      "size": {
        "0": 315,
        "1": 58
      },
      "flags": {},
      "order": 49,
      "mode": 4,
      "inputs": [
        {
          "name": "mask",
          "type": "MASK",
          "link": 806,
          "slot_index": 0
        }
      ],
      "outputs": [
        {
          "name": "MASK",
          "type": "MASK",
          "links": [
            801,
            807
          ],
          "shape": 3,
          "slot_index": 0
        }
      ],
      "properties": {
        "Node name for S&R": "ThresholdMask"
      },
      "widgets_values": [
        0.6
      ]
    },
    {
      "id": 425,
      "type": "MaskToImage",
      "pos": [
        6996.52868776373,
        807.3112294445864
      ],
      "size": {
        "0": 210,
        "1": 26
      },
      "flags": {
        "collapsed": false
      },
      "order": 52,
      "mode": 4,
      "inputs": [
        {
          "name": "mask",
          "type": "MASK",
          "link": 807,
          "slot_index": 0
        }
      ],
      "outputs": [
        {
          "name": "IMAGE",
          "type": "IMAGE",
          "links": [
            808
          ],
          "shape": 3,
          "slot_index": 0
        }
      ],
      "properties": {
        "Node name for S&R": "MaskToImage"
      }
    },
    {
      "id": 426,
      "type": "PreviewImage",
      "pos": [
        7006.52868776373,
        887.3112294445864
      ],
      "size": {
        "0": 201.50628662109375,
        "1": 246
      },
      "flags": {},
      "order": 54,
      "mode": 4,
      "inputs": [
        {
          "name": "images",
          "type": "IMAGE",
          "link": 808,
          "slot_index": 0
        }
      ],
      "properties": {
        "Node name for S&R": "PreviewImage"
      }
    },
    {
      "id": 427,
      "type": "GoogleTranslateCLIPTextEncodeNode",
      "pos": [
        6983.52868776373,
        207.311229444587
      ],
      "size": {
        "0": 319.20001220703125,
        "1": 192.00006103515625
      },
      "flags": {},
      "order": 46,
      "mode": 4,
      "inputs": [
        {
          "name": "clip",
          "type": "CLIP",
          "link": 815
        }
      ],
      "outputs": [
        {
          "name": "CONDITIONING",
          "type": "CONDITIONING",
          "links": [
            814
          ],
          "shape": 3,
          "slot_index": 0
        },
        {
          "name": "STRING",
          "type": "STRING",
          "links": [],
          "shape": 3,
          "slot_index": 1
        }
      ],
      "properties": {
        "Node name for S&R": "GoogleTranslateCLIPTextEncodeNode"
      },
      "widgets_values": [
        "auto",
        "en",
        false,
        "Manual Trasnlate",
        "парк"
      ],
      "color": "#232",
      "bgcolor": "#353"
    },
    {
      "id": 428,
      "type": "Pipe to/edit any [Crystools]",
      "pos": [
        3835,
        895
      ],
      "size": {
        "0": 216.59999084472656,
        "1": 146
      },
      "flags": {},
      "order": 33,
      "mode": 0,
      "inputs": [
        {
          "name": "CPipeAny",
          "type": "CPipeAny",
          "link": null
        },
        {
          "name": "any_1",
          "type": "*",
          "link": 820,
          "label": "MODEL"
        },
        {
          "name": "any_2",
          "type": "*",
          "link": 824,
          "label": "CLIP"
        },
        {
          "name": "any_3",
          "type": "*",
          "link": 823,
          "label": "VAE"
        },
        {
          "name": "any_4",
          "type": "*",
          "link": 821,
          "label": "POS"
        },
        {
          "name": "any_5",
          "type": "*",
          "link": 826,
          "label": "NEG"
        },
        {
          "name": "any_6",
          "type": "*",
          "link": 833,
          "label": "IMG"
        }
      ],
      "outputs": [
        {
          "name": "CPipeAny",
          "type": "CPipeAny",
          "links": [
            819
          ],
          "shape": 3,
          "slot_index": 0
        }
      ],
      "properties": {
        "Node name for S&R": "Pipe to/edit any [Crystools]"
      },
      "color": "#432",
      "bgcolor": "#653"
    },
    {
      "id": 94,
      "type": "StableSRColorFix",
      "pos": [
        3018.4681068993013,
        392.1423081148365
      ],
      "size": {
        "0": 315,
        "1": 78
      },
      "flags": {},
      "order": 31,
      "mode": 0,
      "inputs": [
        {
          "name": "image",
          "type": "IMAGE",
          "link": 221
        },
        {
          "name": "color_map_image",
          "type": "IMAGE",
          "link": 581
        }
      ],
      "outputs": [
        {
          "name": "IMAGE",
          "type": "IMAGE",
          "links": [
            222,
            833
          ],
          "shape": 3,
          "slot_index": 0
        }
      ],
      "properties": {
        "Node name for S&R": "StableSRColorFix"
      },
      "widgets_values": [
        "Wavelet"
      ],
      "color": "#232",
      "bgcolor": "#353"
    },
    {
      "id": 240,
      "type": "GoogleTranslateCLIPTextEncodeNode",
      "pos": [
        4390,
        270
      ],
      "size": {
        "0": 319.20001220703125,
        "1": 192
      },
      "flags": {},
      "order": 35,
      "mode": 4,
      "inputs": [
        {
          "name": "clip",
          "type": "CLIP",
          "link": 843
        }
      ],
      "outputs": [
        {
          "name": "CONDITIONING",
          "type": "CONDITIONING",
          "links": [
            730
          ],
          "shape": 3,
          "slot_index": 0
        },
        {
          "name": "STRING",
          "type": "STRING",
          "links": [
            542
          ],
          "shape": 3,
          "slot_index": 1
        }
      ],
      "properties": {
        "Node name for S&R": "GoogleTranslateCLIPTextEncodeNode"
      },
      "widgets_values": [
        "auto",
        "en",
        false,
        "Manual Trasnlate",
        "волосы"
      ],
      "color": "#232",
      "bgcolor": "#353"
    },
    {
      "id": 217,
      "type": "DetailerForEachDebug",
      "pos": [
        5200,
        220
      ],
      "size": {
        "0": 506.4000244140625,
        "1": 620
      },
      "flags": {},
      "order": 42,
      "mode": 4,
      "inputs": [
        {
          "name": "image",
          "type": "IMAGE",
          "link": 837
        },
        {
          "name": "segs",
          "type": "SEGS",
          "link": 483
        },
        {
          "name": "model",
          "type": "MODEL",
          "link": 827
        },
        {
          "name": "clip",
          "type": "CLIP",
          "link": 828
        },
        {
          "name": "vae",
          "type": "VAE",
          "link": 829
        },
        {
          "name": "positive",
          "type": "CONDITIONING",
          "link": 730
        },
        {
          "name": "negative",
          "type": "CONDITIONING",
          "link": 830
        },
        {
          "name": "detailer_hook",
          "type": "DETAILER_HOOK",
          "link": null
        },
        {
          "name": "scheduler_func_opt",
          "type": "SCHEDULER_FUNC",
          "link": null
        }
      ],
      "outputs": [
        {
          "name": "image",
          "type": "IMAGE",
          "links": [
            490,
            839
          ],
          "shape": 3,
          "slot_index": 0
        },
        {
          "name": "cropped",
          "type": "IMAGE",
          "links": null,
          "shape": 6
        },
        {
          "name": "cropped_refined",
          "type": "IMAGE",
          "links": null,
          "shape": 6
        },
        {
          "name": "cropped_refined_alpha",
          "type": "IMAGE",
          "links": null,
          "shape": 6
        },
        {
          "name": "cnet_images",
          "type": "IMAGE",
          "links": null,
          "shape": 6
        }
      ],
      "properties": {
        "Node name for S&R": "DetailerForEachDebug"
      },
      "widgets_values": [
        768,
        true,
        1024,
        987103094842087,
        "fixed",
        16,
        6,
        "dpmpp_2m",
        "karras",
        0.45,
        10,
        true,
        true,
        "",
        1,
        false,
        20
      ]
    },
    {
      "id": 415,
      "type": "Pipe to/edit any [Crystools]",
      "pos": [
        6104,
        104
      ],
      "size": {
        "0": 216.59999084472656,
        "1": 146
      },
      "flags": {},
      "order": 44,
      "mode": 4,
      "inputs": [
        {
          "name": "CPipeAny",
          "type": "CPipeAny",
          "link": 838
        },
        {
          "name": "any_1",
          "type": "*",
          "link": null,
          "label": "MODEL"
        },
        {
          "name": "any_2",
          "type": "*",
          "link": null,
          "label": "CLIP"
        },
        {
          "name": "any_3",
          "type": "*",
          "link": null,
          "label": "VAE"
        },
        {
          "name": "any_4",
          "type": "*",
          "link": null,
          "label": "POS"
        },
        {
          "name": "any_5",
          "type": "*",
          "link": null,
          "label": "NEG"
        },
        {
          "name": "any_6",
          "type": "*",
          "link": 839,
          "label": "IMG"
        }
      ],
      "outputs": [
        {
          "name": "CPipeAny",
          "type": "CPipeAny",
          "links": [
            840
          ],
          "shape": 3,
          "slot_index": 0
        }
      ],
      "properties": {
        "Node name for S&R": "Pipe to/edit any [Crystools]"
      },
      "color": "#432",
      "bgcolor": "#653"
    },
    {
      "id": 431,
      "type": "Pipe to/edit any [Crystools]",
      "pos": [
        8282.069947717135,
        237.31324718335554
      ],
      "size": {
        "0": 216.59999084472656,
        "1": 146
      },
      "flags": {},
      "order": 55,
      "mode": 4,
      "inputs": [
        {
          "name": "CPipeAny",
          "type": "CPipeAny",
          "link": 841
        },
        {
          "name": "any_1",
          "type": "*",
          "link": null,
          "label": "MODEL"
        },
        {
          "name": "any_2",
          "type": "*",
          "link": null,
          "label": "CLIP"
        },
        {
          "name": "any_3",
          "type": "*",
          "link": null,
          "label": "VAE"
        },
        {
          "name": "any_4",
          "type": "*",
          "link": null,
          "label": "POS"
        },
        {
          "name": "any_5",
          "type": "*",
          "link": null,
          "label": "NEG"
        },
        {
          "name": "any_6",
          "type": "*",
          "link": 842,
          "label": "IMG"
        }
      ],
      "outputs": [
        {
          "name": "CPipeAny",
          "type": "CPipeAny",
          "links": [],
          "shape": 3,
          "slot_index": 0
        }
      ],
      "properties": {
        "Node name for S&R": "Pipe to/edit any [Crystools]"
      },
      "color": "#432",
      "bgcolor": "#653"
    },
    {
      "id": 420,
      "type": "GoogleTranslateCLIPTextEncodeNode",
      "pos": [
        6636.52868776373,
        437.311229444587
      ],
      "size": {
        "0": 319.20001220703125,
        "1": 192.00006103515625
      },
      "flags": {},
      "order": 47,
      "mode": 4,
      "inputs": [
        {
          "name": "clip",
          "type": "CLIP",
          "link": 844
        }
      ],
      "outputs": [
        {
          "name": "CONDITIONING",
          "type": "CONDITIONING",
          "links": [],
          "shape": 3,
          "slot_index": 0
        },
        {
          "name": "STRING",
          "type": "STRING",
          "links": [
            804
          ],
          "shape": 3,
          "slot_index": 1
        }
      ],
      "properties": {
        "Node name for S&R": "GoogleTranslateCLIPTextEncodeNode"
      },
      "widgets_values": [
        "auto",
        "en",
        false,
        "Manual Trasnlate",
        "фон"
      ],
      "color": "#232",
      "bgcolor": "#353"
    },
    {
      "id": 429,
      "type": "Pipe from any [Crystools]",
      "pos": [
        4118,
        681
      ],
      "size": {
        "0": 216.59999084472656,
        "1": 146
      },
      "flags": {},
      "order": 34,
      "mode": 4,
      "inputs": [
        {
          "name": "CPipeAny",
          "type": "CPipeAny",
          "link": 819
        }
      ],
      "outputs": [
        {
          "name": "CPipeAny",
          "type": "CPipeAny",
          "links": [
            838
          ],
          "shape": 3,
          "slot_index": 0
        },
        {
          "name": "any_1",
          "type": "*",
          "links": [
            827
          ],
          "shape": 3,
          "label": "MODEL",
          "slot_index": 1
        },
        {
          "name": "any_2",
          "type": "*",
          "links": [
            828,
            843
          ],
          "shape": 3,
          "label": "CLIP",
          "slot_index": 2
        },
        {
          "name": "any_3",
          "type": "*",
          "links": [
            829
          ],
          "shape": 3,
          "label": "VAE",
          "slot_index": 3
        },
        {
          "name": "any_4",
          "type": "*",
          "links": [],
          "shape": 3,
          "label": "POS",
          "slot_index": 4
        },
        {
          "name": "any_5",
          "type": "*",
          "links": [
            830
          ],
          "shape": 3,
          "label": "NEG",
          "slot_index": 5
        },
        {
          "name": "any_6",
          "type": "*",
          "links": [
            836,
            837
          ],
          "shape": 3,
          "label": "IMG",
          "slot_index": 6
        }
      ],
      "properties": {
        "Node name for S&R": "Pipe from any [Crystools]"
      },
      "color": "#432",
      "bgcolor": "#653"
    },
    {
      "id": 416,
      "type": "Pipe from any [Crystools]",
      "pos": [
        6500.265167000656,
        206.51997526295344
      ],
      "size": {
        "0": 216.59999084472656,
        "1": 146
      },
      "flags": {},
      "order": 45,
      "mode": 4,
      "inputs": [
        {
          "name": "CPipeAny",
          "type": "CPipeAny",
          "link": 840
        }
      ],
      "outputs": [
        {
          "name": "CPipeAny",
          "type": "CPipeAny",
          "links": [
            841
          ],
          "shape": 3,
          "slot_index": 0
        },
        {
          "name": "any_1",
          "type": "*",
          "links": [
            809
          ],
          "shape": 3,
          "label": "MODEL",
          "slot_index": 1
        },
        {
          "name": "any_2",
          "type": "*",
          "links": [
            810,
            815,
            844
          ],
          "shape": 3,
          "label": "CLIP",
          "slot_index": 2
        },
        {
          "name": "any_3",
          "type": "*",
          "links": [
            811
          ],
          "shape": 3,
          "label": "VAE",
          "slot_index": 3
        },
        {
          "name": "any_4",
          "type": "*",
          "links": [],
          "shape": 3,
          "label": "POS",
          "slot_index": 4
        },
        {
          "name": "any_5",
          "type": "*",
          "links": [
            812
          ],
          "shape": 3,
          "label": "NEG",
          "slot_index": 5
        },
        {
          "name": "any_6",
          "type": "*",
          "links": [
            813,
            817
          ],
          "shape": 3,
          "label": "IMG",
          "slot_index": 6
        }
      ],
      "properties": {
        "Node name for S&R": "Pipe from any [Crystools]"
      },
      "color": "#432",
      "bgcolor": "#653"
    },
    {
      "id": 430,
      "type": "CLIPTextEncode",
      "pos": [
        3499,
        970
      ],
      "size": {
        "0": 213.34518432617188,
        "1": 76
      },
      "flags": {},
      "order": 15,
      "mode": 0,
      "inputs": [
        {
          "name": "clip",
          "type": "CLIP",
          "link": 846
        }
      ],
      "outputs": [
        {
          "name": "CONDITIONING",
          "type": "CONDITIONING",
          "links": [
            826
          ],
          "shape": 3,
          "slot_index": 0
        }
      ],
      "properties": {
        "Node name for S&R": "CLIPTextEncode"
      },
      "widgets_values": [
        ""
      ],
      "color": "#322",
      "bgcolor": "#533"
    },
    {
      "id": 417,
      "type": "DetailerForEachDebug",
      "pos": [
        7446.52868776373,
        387.311229444587
      ],
      "size": {
        "0": 506.4000244140625,
        "1": 620
      },
      "flags": {},
      "order": 53,
      "mode": 4,
      "inputs": [
        {
          "name": "image",
          "type": "IMAGE",
          "link": 813
        },
        {
          "name": "segs",
          "type": "SEGS",
          "link": 799
        },
        {
          "name": "model",
          "type": "MODEL",
          "link": 809
        },
        {
          "name": "clip",
          "type": "CLIP",
          "link": 810
        },
        {
          "name": "vae",
          "type": "VAE",
          "link": 811
        },
        {
          "name": "positive",
          "type": "CONDITIONING",
          "link": 814
        },
        {
          "name": "negative",
          "type": "CONDITIONING",
          "link": 812
        },
        {
          "name": "detailer_hook",
          "type": "DETAILER_HOOK",
          "link": null
        },
        {
          "name": "scheduler_func_opt",
          "type": "SCHEDULER_FUNC",
          "link": null
        }
      ],
      "outputs": [
        {
          "name": "image",
          "type": "IMAGE",
          "links": [
            842,
            849
          ],
          "shape": 3,
          "slot_index": 0
        },
        {
          "name": "cropped",
          "type": "IMAGE",
          "links": null,
          "shape": 6
        },
        {
          "name": "cropped_refined",
          "type": "IMAGE",
          "links": null,
          "shape": 6
        },
        {
          "name": "cropped_refined_alpha",
          "type": "IMAGE",
          "links": null,
          "shape": 6
        },
        {
          "name": "cnet_images",
          "type": "IMAGE",
          "links": null,
          "shape": 6
        }
      ],
      "properties": {
        "Node name for S&R": "DetailerForEachDebug"
      },
      "widgets_values": [
        768,
        true,
        1024,
        987103094842087,
        "fixed",
        16,
        6,
        "dpmpp_2m",
        "karras",
        0.7000000000000001,
        10,
        true,
        true,
        "",
        1,
        false,
        20
      ]
    },
    {
      "id": 435,
      "type": "SaveImage",
      "pos": [
        8011,
        477
      ],
      "size": {
        "0": 410.4393310546875,
        "1": 475.4439697265625
      },
      "flags": {},
      "order": 56,
      "mode": 4,
      "inputs": [
        {
          "name": "images",
          "type": "IMAGE",
          "link": 849
        }
      ],
      "properties": {
        "Node name for S&R": "SaveImage"
      },
      "widgets_values": [
        "ComfyUI"
      ]
    },
    {
      "id": 434,
      "type": "ShowText|pysssss",
      "pos": [
        -971,
        83
      ],
      "size": {
        "0": 315,
        "1": 76
      },
      "flags": {},
      "order": 14,
      "mode": 4,
      "inputs": [
        {
          "name": "text",
          "type": "STRING",
          "link": 847,
          "widget": {
            "name": "text"
          }
        }
      ],
      "outputs": [
        {
          "name": "STRING",
          "type": "STRING",
          "links": null,
          "shape": 6
        }
      ],
      "properties": {
        "Node name for S&R": "ShowText|pysssss"
      },
      "widgets_values": [
        "",
        "Портрет2.jpg"
      ],
      "color": "#323",
      "bgcolor": "#535"
    },
    {
      "id": 275,
      "type": "Fast Groups Bypasser (rgthree)",
      "pos": {
        "0": 1850,
        "1": -719,
        "2": 0,
        "3": 0,
        "4": 0,
        "5": 0,
        "6": 0,
        "7": 0,
        "8": 0,
        "9": 0
      },
      "size": {
        "0": 528.0455322265625,
        "1": 250.1247100830078
      },
      "flags": {},
      "order": 5,
      "mode": 0,
      "inputs": [],
      "outputs": [
        {
          "name": "OPT_CONNECTION",
          "type": "*",
          "links": null
        }
      ],
      "properties": {
        "matchColors": "",
        "matchTitle": "",
        "showNav": true,
        "sort": "position",
        "customSortAlphabet": "",
        "toggleRestriction": "default"
      },
      "color": "#ffba3d",
      "bgcolor": "#ffa629"
    },
    {
      "id": 12,
      "type": "LoadImage",
      "pos": [
        -550,
        -270
      ],
      "size": {
        "0": 453.4217529296875,
        "1": 469.52587890625
      },
      "flags": {},
      "order": 6,
      "mode": 0,
      "outputs": [
        {
          "name": "IMAGE",
          "type": "IMAGE",
          "links": [
            850
          ],
          "shape": 3,
          "slot_index": 0
        },
        {
          "name": "MASK",
          "type": "MASK",
          "links": null,
          "shape": 3
        }
      ],
      "properties": {
        "Node name for S&R": "LoadImage"
      },
      "widgets_values": [
        "ComfyUI_temp_lmgsd_00001_ (1).png",
        "image"
      ],
      "color": "#2a363b",
      "bgcolor": "#3f5159"
    },
    {
      "id": 433,
      "type": "Load Image Batch",
      "pos": [
        -970,
        -195
      ],
      "size": {
        "0": 315,
        "1": 222
      },
      "flags": {},
      "order": 7,
      "mode": 4,
      "outputs": [
        {
          "name": "image",
          "type": "IMAGE",
          "links": [],
          "shape": 3,
          "slot_index": 0
        },
        {
          "name": "filename_text",
          "type": "STRING",
          "links": [
            847
          ],
          "shape": 3,
          "slot_index": 1
        }
      ],
      "properties": {
        "Node name for S&R": "Load Image Batch"
      },
      "widgets_values": [
        "incremental_image",
        0,
        "Batch 001",
        "C:\\Users\\OreX\\Desktop\\img",
        "*",
        "false",
        "true"
      ],
      "color": "#323",
      "bgcolor": "#535"
    },
    {
      "id": 287,
      "type": "LoadImage",
      "pos": [
        4134,
        -466
      ],
      "size": {
        "0": 315,
        "1": 314
      },
      "flags": {},
      "order": 8,
      "mode": 0,
      "outputs": [
        {
          "name": "IMAGE",
          "type": "IMAGE",
          "links": [],
          "shape": 3,
          "slot_index": 0
        },
        {
          "name": "MASK",
          "type": "MASK",
          "links": null,
          "shape": 3
        }
      ],
      "properties": {
        "Node name for S&R": "LoadImage"
      },
      "widgets_values": [
        "ComfyUI_temp_glxpr_00012_.png",
        "image"
      ],
      "color": "#323",
      "bgcolor": "#535"
    },
    {
      "id": 105,
      "type": "ConstrainImage|pysssss",
      "pos": [
        -48,
        -309
      ],
      "size": {
        "0": 315,
        "1": 154
      },
      "flags": {},
      "order": 13,
      "mode": 0,
      "inputs": [
        {
          "name": "images",
          "type": "IMAGE",
          "link": 850
        }
      ],
      "outputs": [
        {
          "name": "IMAGE",
          "type": "IMAGE",
          "links": [
            278
          ],
          "shape": 6,
          "slot_index": 0
        }
      ],
      "properties": {
        "Node name for S&R": "ConstrainImage|pysssss"
      },
      "widgets_values": [
        1024,
        1024,
        0,
        0,
        "no"
      ],
      "color": "#2a363b",
      "bgcolor": "#3f5159"
    },
    {
      "id": 120,
      "type": "ReActorRestoreFace",
      "pos": [
        309,
        -668
      ],
      "size": {
        "0": 315,
        "1": 130
      },
      "flags": {},
      "order": 17,
      "mode": 0,
      "inputs": [
        {
          "name": "image",
          "type": "IMAGE",
          "link": 278
        }
      ],
      "outputs": [
        {
          "name": "IMAGE",
          "type": "IMAGE",
          "links": [
            279,
            851,
            853
          ],
          "shape": 3,
          "slot_index": 0
        }
      ],
      "properties": {
        "Node name for S&R": "ReActorRestoreFace"
      },
      "widgets_values": [
        "retinaface_resnet50",
        "GFPGANv1.4.pth",
        0.3,
        1
      ],
      "color": "#332922",
      "bgcolor": "#593930"
    },
    {
      "id": 277,
      "type": "Efficient Loader",
      "pos": [
        2660,
        -53
      ],
      "size": {
        "0": 319.5196838378906,
        "1": 482
      },
      "flags": {},
      "order": 9,
      "mode": 0,
      "inputs": [
        {
          "name": "lora_stack",
          "type": "LORA_STACK",
          "link": null
        },
        {
          "name": "cnet_stack",
          "type": "CONTROL_NET_STACK",
          "link": null
        }
      ],
      "outputs": [
        {
          "name": "MODEL",
          "type": "MODEL",
          "links": [
            593,
            820
          ],
          "shape": 3,
          "slot_index": 0
        },
        {
          "name": "CONDITIONING+",
          "type": "CONDITIONING",
          "links": [
            594,
            821
          ],
          "shape": 3,
          "slot_index": 1
        },
        {
          "name": "CONDITIONING-",
          "type": "CONDITIONING",
          "links": [
            595
          ],
          "shape": 3,
          "slot_index": 2
        },
        {
          "name": "LATENT",
          "type": "LATENT",
          "links": null,
          "shape": 3,
          "slot_index": 3
        },
        {
          "name": "VAE",
          "type": "VAE",
          "links": [
            596,
            823
          ],
          "shape": 3,
          "slot_index": 4
        },
        {
          "name": "CLIP",
          "type": "CLIP",
          "links": [
            597,
            824,
            846
          ],
          "shape": 3,
          "slot_index": 5
        },
        {
          "name": "DEPENDENCIES",
          "type": "DEPENDENCIES",
          "links": null,
          "shape": 3
        }
      ],
      "properties": {
        "Node name for S&R": "Efficient Loader"
      },
      "widgets_values": [
        "FAVORITE--\\juggernaut_reborn.safetensors",
        "Baked VAE",
        -1,
        "None",
        1,
        1,
        "European face, masterpiece, best quality, realistic, very clear, 20yo",
        "3d, cartoon, anime, sketches, (worst quality), (low quality)",
        "none",
        "comfy",
        512,
        512,
        1
      ],
      "color": "#223",
      "bgcolor": "#335",
      "shape": 1
    }
  ],
  "links": [
    [
      19,
      4,
      1,
      14,
      0,
      "CLIP"
    ],
    [
      22,
      4,
      1,
      15,
      0,
      "CLIP"
    ],
    [
      63,
      4,
      0,
      31,
      0,
      "MODEL"
    ],
    [
      92,
      15,
      0,
      39,
      3,
      "CONDITIONING"
    ],
    [
      93,
      14,
      0,
      39,
      2,
      "CONDITIONING"
    ],
    [
      94,
      4,
      2,
      39,
      4,
      "VAE"
    ],
    [
      100,
      39,
      0,
      43,
      0,
      "IMAGE"
    ],
    [
      102,
      43,
      0,
      35,
      0,
      "IMAGE"
    ],
    [
      155,
      70,
      0,
      68,
      0,
      "IMAGE"
    ],
    [
      157,
      69,
      0,
      70,
      0,
      "IMAGE"
    ],
    [
      204,
      81,
      0,
      77,
      7,
      "SAM_MODEL"
    ],
    [
      221,
      77,
      0,
      94,
      0,
      "IMAGE"
    ],
    [
      222,
      94,
      0,
      80,
      0,
      "IMAGE"
    ],
    [
      229,
      98,
      0,
      77,
      6,
      "BBOX_DETECTOR"
    ],
    [
      252,
      109,
      0,
      70,
      1,
      "IMAGE"
    ],
    [
      253,
      109,
      0,
      69,
      0,
      "IMAGE"
    ],
    [
      268,
      31,
      0,
      39,
      1,
      "MODEL"
    ],
    [
      278,
      105,
      0,
      120,
      0,
      "IMAGE"
    ],
    [
      279,
      120,
      0,
      73,
      0,
      "IMAGE"
    ],
    [
      447,
      208,
      0,
      209,
      0,
      "CPipeAny"
    ],
    [
      448,
      31,
      0,
      208,
      1,
      "*"
    ],
    [
      449,
      4,
      1,
      208,
      2,
      "*"
    ],
    [
      450,
      4,
      2,
      208,
      3,
      "*"
    ],
    [
      451,
      14,
      0,
      208,
      4,
      "*"
    ],
    [
      452,
      15,
      0,
      208,
      5,
      "*"
    ],
    [
      453,
      209,
      1,
      69,
      1,
      "MODEL"
    ],
    [
      454,
      209,
      3,
      69,
      4,
      "VAE"
    ],
    [
      455,
      209,
      4,
      69,
      2,
      "CONDITIONING"
    ],
    [
      456,
      209,
      5,
      69,
      3,
      "CONDITIONING"
    ],
    [
      483,
      218,
      0,
      217,
      1,
      "SEGS"
    ],
    [
      490,
      217,
      0,
      219,
      0,
      "IMAGE"
    ],
    [
      537,
      242,
      0,
      241,
      1,
      "CLIPSEG_MODEL"
    ],
    [
      538,
      241,
      1,
      243,
      0,
      "IMAGE"
    ],
    [
      542,
      240,
      1,
      241,
      2,
      "STRING"
    ],
    [
      579,
      278,
      0,
      77,
      0,
      "IMAGE"
    ],
    [
      580,
      70,
      0,
      278,
      0,
      "*"
    ],
    [
      581,
      278,
      0,
      94,
      1,
      "IMAGE"
    ],
    [
      593,
      277,
      0,
      77,
      1,
      "MODEL"
    ],
    [
      594,
      277,
      1,
      77,
      4,
      "CONDITIONING"
    ],
    [
      595,
      277,
      2,
      77,
      5,
      "CONDITIONING"
    ],
    [
      596,
      277,
      4,
      77,
      3,
      "VAE"
    ],
    [
      597,
      277,
      5,
      77,
      2,
      "CLIP"
    ],
    [
      601,
      283,
      0,
      284,
      0,
      "MASK"
    ],
    [
      602,
      284,
      0,
      285,
      0,
      "IMAGE"
    ],
    [
      603,
      241,
      0,
      283,
      0,
      "MASK"
    ],
    [
      604,
      283,
      0,
      218,
      0,
      "MASK"
    ],
    [
      605,
      289,
      0,
      288,
      0,
      "IMAGE"
    ],
    [
      607,
      43,
      0,
      289,
      0,
      "IMAGE"
    ],
    [
      608,
      289,
      0,
      109,
      0,
      "IMAGE"
    ],
    [
      730,
      240,
      0,
      217,
      5,
      "CONDITIONING"
    ],
    [
      799,
      418,
      0,
      417,
      1,
      "SEGS"
    ],
    [
      801,
      424,
      0,
      418,
      0,
      "MASK"
    ],
    [
      803,
      422,
      0,
      421,
      1,
      "CLIPSEG_MODEL"
    ],
    [
      804,
      420,
      1,
      421,
      2,
      "STRING"
    ],
    [
      805,
      421,
      1,
      423,
      0,
      "IMAGE"
    ],
    [
      806,
      421,
      0,
      424,
      0,
      "MASK"
    ],
    [
      807,
      424,
      0,
      425,
      0,
      "MASK"
    ],
    [
      808,
      425,
      0,
      426,
      0,
      "IMAGE"
    ],
    [
      809,
      416,
      1,
      417,
      2,
      "MODEL"
    ],
    [
      810,
      416,
      2,
      417,
      3,
      "CLIP"
    ],
    [
      811,
      416,
      3,
      417,
      4,
      "VAE"
    ],
    [
      812,
      416,
      5,
      417,
      6,
      "CONDITIONING"
    ],
    [
      813,
      416,
      6,
      417,
      0,
      "IMAGE"
    ],
    [
      814,
      427,
      0,
      417,
      5,
      "CONDITIONING"
    ],
    [
      815,
      416,
      2,
      427,
      0,
      "CLIP"
    ],
    [
      817,
      416,
      6,
      421,
      0,
      "IMAGE"
    ],
    [
      819,
      428,
      0,
      429,
      0,
      "CPipeAny"
    ],
    [
      820,
      277,
      0,
      428,
      1,
      "*"
    ],
    [
      821,
      277,
      1,
      428,
      4,
      "*"
    ],
    [
      823,
      277,
      4,
      428,
      3,
      "*"
    ],
    [
      824,
      277,
      5,
      428,
      2,
      "*"
    ],
    [
      826,
      430,
      0,
      428,
      5,
      "*"
    ],
    [
      827,
      429,
      1,
      217,
      2,
      "MODEL"
    ],
    [
      828,
      429,
      2,
      217,
      3,
      "CLIP"
    ],
    [
      829,
      429,
      3,
      217,
      4,
      "VAE"
    ],
    [
      830,
      429,
      5,
      217,
      6,
      "CONDITIONING"
    ],
    [
      833,
      94,
      0,
      428,
      6,
      "*"
    ],
    [
      836,
      429,
      6,
      241,
      0,
      "IMAGE"
    ],
    [
      837,
      429,
      6,
      217,
      0,
      "IMAGE"
    ],
    [
      838,
      429,
      0,
      415,
      0,
      "CPipeAny"
    ],
    [
      839,
      217,
      0,
      415,
      6,
      "*"
    ],
    [
      840,
      415,
      0,
      416,
      0,
      "CPipeAny"
    ],
    [
      841,
      416,
      0,
      431,
      0,
      "CPipeAny"
    ],
    [
      842,
      417,
      0,
      431,
      6,
      "*"
    ],
    [
      843,
      429,
      2,
      240,
      0,
      "CLIP"
    ],
    [
      844,
      416,
      2,
      420,
      0,
      "CLIP"
    ],
    [
      846,
      277,
      5,
      430,
      0,
      "CLIP"
    ],
    [
      847,
      433,
      1,
      434,
      0,
      "STRING"
    ],
    [
      849,
      417,
      0,
      435,
      0,
      "IMAGE"
    ],
    [
      850,
      12,
      0,
      105,
      0,
      "IMAGE"
    ],
    [
      851,
      120,
      0,
      43,
      1,
      "IMAGE"
    ],
    [
      853,
      120,
      0,
      39,
      0,
      "IMAGE"
    ]
  ],
  "groups": [
    {
      "title": "Face (stabledif.ru)",
      "bounding": [
        2619,
        -222,
        1407,
        1307
      ],
      "color": "#8A8",
      "font_size": 24,
      "locked": false
    },
    {
      "title": "StableSR 2 (stabledif.ru)",
      "bounding": [
        1341,
        -358,
        1087,
        855
      ],
      "color": "#b58b2a",
      "font_size": 24,
      "locked": false
    },
    {
      "title": "StableSR 1 (stabledif.ru)",
      "bounding": [
        -608,
        -407,
        1725,
        1003
      ],
      "color": "#3f789e",
      "font_size": 24,
      "locked": false
    },
    {
      "title": "OreX & STABLEDIF.RU",
      "bounding": [
        1462,
        -974,
        560,
        97
      ],
      "color": "#ffb638",
      "font_size": 50,
      "locked": false
    },
    {
      "title": "Re Generate",
      "bounding": [
        4136,
        -74,
        2151,
        1155
      ],
      "color": "#3f789e",
      "font_size": 24,
      "locked": false
    },
    {
      "title": "Background",
      "bounding": [
        6533,
        113,
        1921,
        1070
      ],
      "color": "#3f789e",
      "font_size": 24,
      "locked": false
    }
  ],
  "config": {},
  "extra": {
    "ds": {
      "scale": 0.25937424601000086,
      "offset": {
        "0": 1844.3822021484375,
        "1": 1120.7373046875
      }
    }
  },
  "version": 0.4
}