{"last_node_id": 220, "last_link_id": 314, "nodes": [{"id": 174, "type": "PrimitiveNode", "pos": [-1478.9115689448222, 669.7050071078789], "size": {"0": 210, "1": 76.0000228881836}, "flags": {}, "order": 0, "mode": 0, "outputs": [{"name": "STRING", "type": "STRING", "links": [253], "widget": {"name": "text_l", "config": ["STRING", {"default": "CLIP_L", "multiline": true}]}}], "title": "Positive BASE", "properties": {}, "widgets_values": ["detailed, realistic, 8k uhd, high quality"], "color": "#232", "bgcolor": "#353"}, {"id": 177, "type": "PrimitiveNode", "pos": [-1478.9115689448222, 788.7050071078788], "size": {"0": 210, "1": 76.0000228881836}, "flags": {}, "order": 1, "mode": 0, "outputs": [{"name": "STRING", "type": "STRING", "links": [256], "widget": {"name": "text", "config": ["STRING", {"multiline": true}]}}], "title": "Positive REFINER", "properties": {}, "widgets_values": ["detailed, realistic, 8k uhd, high quality"], "color": "#232", "bgcolor": "#353"}, {"id": 175, "type": "PrimitiveNode", "pos": [-1480.0001065767192, 909.6009237532043], "size": {"0": 210, "1": 80}, "flags": {}, "order": 2, "mode": 0, "outputs": [{"name": "STRING", "type": "STRING", "links": [254], "widget": {"name": "text_l", "config": ["STRING", {"default": "CLIP_L", "multiline": true}]}}], "title": "Negative BASE", "properties": {}, "widgets_values": ["bad quality, deformed hands, deformed fingers, nostalgic, drawing, painting, bad anatomy, worst quality, blurry, blurred, normal quality, bad focus, tripod, three legs, weird legs, short legs"], "color": "#322", "bgcolor": "#533"}, {"id": 176, "type": "PrimitiveNode", "pos": [-1478.2429777389505, 1031.7366100384509], "size": {"0": 210, "1": 80}, "flags": {}, "order": 3, "mode": 0, "outputs": [{"name": "STRING", "type": "STRING", "links": [255], "widget": {"name": "text", "config": ["STRING", {"multiline": true}]}}], "title": "Negative REFINER", "properties": {}, "widgets_values": ["bad quality, deformed hands, deformed fingers, nostalgic, drawing, painting, bad anatomy, worst quality, blurry, blurred, normal quality, bad focus, tripod, three legs, weird legs, short legs"], "color": "#322", "bgcolor": "#533"}, {"id": 192, "type": "UpscaleModelLoader", "pos": [-741, 675], "size": {"0": 224.45274353027344, "1": 58}, "flags": {}, "order": 4, "mode": 2, "outputs": [{"name": "UPSCALE_MODEL", "type": "UPSCALE_MODEL", "links": [269], "shape": 3, "slot_index": 0}], "properties": {"Node name for S&R": "UpscaleModelLoader"}, "widgets_values": ["4x-UltraSharp.pth"], "color": "#232", "bgcolor": "#353"}, {"id": 152, "type": "PrimitiveNode", "pos": [-1257, 792], "size": {"0": 210, "1": 82}, "flags": {}, "order": 5, "mode": 0, "outputs": [{"name": "INT", "type": "INT", "links": [225, 226], "widget": {"name": "steps", "config": ["INT", {"max": 10000, "min": 1, "default": 20}]}, "slot_index": 0}], "title": "Total Steps (Base + Ref.)", "properties": {}, "widgets_values": [30, "fixed"], "color": "#2a363b", "bgcolor": "#3f5159"}, {"id": 155, "type": "PrimitiveNode", "pos": [-1258, 915], "size": {"0": 210, "1": 82}, "flags": {}, "order": 6, "mode": 0, "outputs": [{"name": "INT", "type": "INT", "links": [228, 229], "widget": {"name": "end_at_step", "config": ["INT", {"max": 10000, "min": 0, "default": 10000}]}, "slot_index": 0}], "title": "Steps On Base Model", "properties": {}, "widgets_values": [30, "fixed"], "color": "#2a363b", "bgcolor": "#3f5159"}, {"id": 11, "type": "CheckpointLoaderSimple", "pos": [-1485, -122], "size": {"0": 484.1094665527344, "1": 98}, "flags": {"collapsed": false}, "order": 8, "mode": 0, "outputs": [{"name": "MODEL", "type": "MODEL", "links": [306], "shape": 3, "slot_index": 0}, {"name": "CLIP", "type": "CLIP", "links": [309, 310], "shape": 3, "slot_index": 1}, {"name": "VAE", "type": "VAE", "links": [301, 302], "shape": 3, "slot_index": 2}], "title": "Load Checkpoint - Refiner\n", "properties": {"Node name for S&R": "CheckpointLoaderSimple"}, "widgets_values": ["sd_xl_refiner_1.0.safetensors"], "color": "#432", "bgcolor": "#653"}, {"id": 4, "type": "CheckpointLoaderSimple", "pos": [-1484, -255], "size": {"0": 484.1094665527344, "1": 98}, "flags": {}, "order": 9, "mode": 0, "outputs": [{"name": "MODEL", "type": "MODEL", "links": [281], "slot_index": 0}, {"name": "CLIP", "type": "CLIP", "links": [283, 284], "slot_index": 1}, {"name": "VAE", "type": "VAE", "links": [], "slot_index": 2}], "title": "Load Checkpoint - Base", "properties": {"Node name for S&R": "CheckpointLoaderSimple"}, "widgets_values": ["dreamshaperXL10_alpha2Xl10.safetensors"], "color": "#432", "bgcolor": "#653"}, {"id": 160, "type": "PrimitiveNode", "pos": [-1255, 670], "size": {"0": 210, "1": 82}, "flags": {}, "order": 10, "mode": 0, "outputs": [{"name": "FLOAT", "type": "FLOAT", "links": [237], "widget": {"name": "cfg", "config": ["FLOAT", {"max": 100, "min": 0, "default": 8}]}}], "title": "CFG Scale", "properties": {}, "widgets_values": [7, "fixed"], "color": "#2a363b", "bgcolor": "#3f5159"}, {"id": 199, "type": "VAELoader", "pos": [-1483, -357], "size": {"0": 261.6942443847656, "1": 63.51934814453125}, "flags": {"collapsed": false}, "order": 11, "mode": 2, "outputs": [{"name": "VAE", "type": "VAE", "links": [], "shape": 3, "slot_index": 0}], "properties": {"Node name for S&R": "VAELoader"}, "widgets_values": ["sdxl_vae.safetensors"], "color": "#233", "bgcolor": "#355"}, {"id": 16, "type": "PrimitiveNode", "pos": [-1485, 183], "size": {"0": 483.3851013183594, "1": 110.62789916992188}, "flags": {}, "order": 12, "mode": 0, "outputs": [{"name": "STRING", "type": "STRING", "links": [139], "widget": {"name": "text_g", "config": ["STRING", {"default": "CLIP_G", "multiline": true}]}, "slot_index": 0}], "title": "Negative Prompt", "properties": {}, "widgets_values": ["(bad quality), (worst quality), watermark, (blurry)), (nsfw), (cleavage)"], "color": "#322", "bgcolor": "#533"}, {"id": 159, "type": "PrimitiveNode", "pos": [-1482, -473], "size": {"0": 210, "1": 82}, "flags": {}, "order": 13, "mode": 0, "outputs": [{"name": "INT", "type": "INT", "links": [235, 236], "widget": {"name": "noise_seed", "config": ["INT", {"max": 18446744073709552000, "min": 0, "default": 0}]}, "slot_index": 0}], "title": "Seed", "properties": {}, "widgets_values": [1063878315800356, "randomize"], "color": "#323", "bgcolor": "#535"}, {"id": 15, "type": "PrimitiveNode", "pos": [-1487, 15], "size": {"0": 483.5509033203125, "1": 131.6162109375}, "flags": {}, "order": 14, "mode": 0, "outputs": [{"name": "STRING", "type": "STRING", "links": [183], "widget": {"name": "text_g", "config": ["STRING", {"default": "CLIP_G", "multiline": true}]}, "slot_index": 0}], "title": "Positive Prompt", "properties": {}, "widgets_values": ["(masterpiece:1.1), (highest quality:1.1), (HDR:1.0), extreme quality, cg, (anime wallpaper), stylized, detailed face+eyes, (colorful), (powerful colors:1.4), photo of a girl, (tan skin), fashionable, light dust, varied depth of field, medium hair, long hair, white hair, masterpiece, 8k, tone mapping, hyper focus, red, glowing eyes, (upper body:0.8), natural body, limited palette, (detailed hair:1.13), (cyber aesthetic:1.3), (epic anime drawing:0.7), (white outlines), (creative background), (creative), hard lighting, solo, clarity, (by Giovanni Battista Caccioli:1.6), (accomplished:0.8)\n"], "color": "#232", "bgcolor": "#353"}, {"id": 70, "type": "CLIPTextEncodeSDXLRefiner", "pos": [-1029, 673], "size": {"0": 272.86651611328125, "1": 126}, "flags": {}, "order": 15, "mode": 0, "inputs": [{"link": 309, "name": "clip", "type": "CLIP"}, {"link": 256, "name": "text", "type": "STRING", "widget": {"name": "text", "config": ["STRING", {"multiline": true}]}, "slot_index": 1}], "outputs": [{"name": "CONDITIONING", "type": "CONDITIONING", "links": [208], "shape": 3, "slot_index": 0}], "title": "CLIPTextEncodeSDXLRefiner POS", "properties": {"Node name for S&R": "CLIPTextEncodeSDXLRefiner"}, "widgets_values": [6, 4096, 4096, "detailed, realistic, 8k uhd, high quality"]}, {"id": 71, "type": "CLIPTextEncodeSDXLRefiner", "pos": [-1026, 840], "size": {"0": 266.3204040527344, "1": 152.06405639648438}, "flags": {}, "order": 16, "mode": 0, "inputs": [{"link": 310, "name": "clip", "type": "CLIP"}, {"link": 255, "name": "text", "type": "STRING", "widget": {"name": "text", "config": ["STRING", {"multiline": true}]}, "slot_index": 1}], "outputs": [{"name": "CONDITIONING", "type": "CONDITIONING", "links": [209], "shape": 3, "slot_index": 0}], "title": "CLIPTextEncodeSDXLRefiner NEG", "properties": {"Node name for S&R": "CLIPTextEncodeSDXLRefiner"}, "widgets_values": [2.5, 4096, 4096, "bad quality, deformed hands, deformed fingers, nostalgic, drawing, painting, bad anatomy, worst quality, blurry, blurred, normal quality, bad focus, tripod, three legs, weird legs, short legs"]}, {"id": 65, "type": "CLIPTextEncodeSDXL", "pos": [-1238, 330], "size": {"0": 237.17718505859375, "1": 218}, "flags": {"collapsed": false}, "order": 17, "mode": 0, "inputs": [{"link": 284, "name": "clip", "type": "CLIP"}, {"link": 139, "name": "text_g", "type": "STRING", "widget": {"name": "text_g", "config": ["STRING", {"default": "CLIP_G", "multiline": true}]}}, {"link": 254, "name": "text_l", "type": "STRING", "widget": {"name": "text_l", "config": ["STRING", {"default": "CLIP_L", "multiline": true}]}, "slot_index": 2}], "outputs": [{"name": "CONDITIONING", "type": "CONDITIONING", "links": [200], "shape": 3, "slot_index": 0}], "title": "CLIPTextEncodeSDXL NEG", "properties": {"Node name for S&R": "CLIPTextEncodeSDXL"}, "widgets_values": [4096, 4096, 0, 0, 4096, 4096, "(bad quality), (worst quality), watermark, (blurry)), (nsfw), (cleavage)", "bad quality, deformed hands, deformed fingers, nostalgic, drawing, painting, bad anatomy, worst quality, blurry, blurred, normal quality, bad focus, tripod, three legs, weird legs, short legs"]}, {"id": 50, "type": "CLIPTextEncodeSDXL", "pos": [-1482, 329], "size": {"0": 237.17718505859375, "1": 218}, "flags": {"collapsed": false}, "order": 18, "mode": 0, "inputs": [{"link": 283, "name": "clip", "type": "CLIP"}, {"link": 183, "name": "text_g", "type": "STRING", "widget": {"name": "text_g", "config": ["STRING", {"default": "CLIP_G", "multiline": true}]}, "slot_index": 1}, {"link": 253, "name": "text_l", "type": "STRING", "widget": {"name": "text_l", "config": ["STRING", {"default": "CLIP_L", "multiline": true}]}, "slot_index": 2}], "outputs": [{"name": "CONDITIONING", "type": "CONDITIONING", "links": [199], "shape": 3, "slot_index": 0}], "title": "CLIPTextEncodeSDXL POS", "properties": {"Node name for S&R": "CLIPTextEncodeSDXL"}, "widgets_values": [4096, 4096, 0, 0, 4096, 4096, "(masterpiece:1.1), (highest quality:1.1), (HDR:1.0), extreme quality, cg, (anime wallpaper), stylized, detailed face+eyes, (colorful), (powerful colors:1.4), photo of a girl, (tan skin), fashionable, light dust, varied depth of field, medium hair, long hair, white hair, masterpiece, 8k, tone mapping, hyper focus, red, glowing eyes, (upper body:0.8), natural body, limited palette, (detailed hair:1.13), (cyber aesthetic:1.3), (epic anime drawing:0.7), (white outlines), (creative background), (creative), hard lighting, solo, clarity, (by Giovanni Battista Caccioli:1.6), (accomplished:0.8)\n", "detailed, realistic, 8k uhd, high quality"]}, {"id": 139, "type": "KSamplerAdvanced", "pos": [-992, 331], "size": {"0": 283.8908996582031, "1": 294}, "flags": {}, "order": 19, "mode": 0, "inputs": [{"link": 281, "name": "model", "type": "MODEL"}, {"link": 199, "name": "positive", "type": "CONDITIONING"}, {"link": 200, "name": "negative", "type": "CONDITIONING"}, {"link": 279, "name": "latent_image", "type": "LATENT"}, {"link": 225, "name": "steps", "type": "INT", "widget": {"name": "steps", "config": ["INT", {"max": 10000, "min": 1, "default": 20}]}}, {"link": 228, "name": "end_at_step", "type": "INT", "widget": {"name": "end_at_step", "config": ["INT", {"max": 10000, "min": 0, "default": 10000}]}}, {"link": 235, "name": "noise_seed", "type": "INT", "widget": {"name": "noise_seed", "config": ["INT", {"max": 18446744073709552000, "min": 0, "default": 0}]}, "slot_index": 6}, {"link": 237, "name": "cfg", "type": "FLOAT", "widget": {"name": "cfg", "config": ["FLOAT", {"max": 100, "min": 0, "default": 8}]}, "slot_index": 7}], "outputs": [{"name": "LATENT", "type": "LATENT", "links": [202, 305], "shape": 3, "slot_index": 0}], "title": "KSampler BASE (Advanced)", "properties": {"Node name for S&R": "KSamplerAdvanced"}, "widgets_values": ["enable", 846731673862208, "fixed", 30, 7, "dpmpp_sde", "karras", 0, 30, "enable"], "color": "#223", "bgcolor": "#335"}, {"id": 140, "type": "VAEDecode", "pos": [-1480, 583], "size": {"0": 235.9587860107422, "1": 48.07608413696289}, "flags": {}, "order": 20, "mode": 0, "inputs": [{"link": 202, "name": "samples", "type": "LATENT"}, {"link": 301, "name": "vae", "type": "VAE"}], "outputs": [{"name": "IMAGE", "type": "IMAGE", "links": [204], "slot_index": 0}], "title": "VAE Dec. Prev.", "properties": {"Node name for S&R": "VAEDecode"}}, {"id": 142, "type": "KSamplerAdvanced", "pos": [-703, 331], "size": {"0": 278.9935607910156, "1": 298}, "flags": {}, "order": 21, "mode": 0, "inputs": [{"link": 306, "name": "model", "type": "MODEL"}, {"link": 208, "name": "positive", "type": "CONDITIONING"}, {"link": 209, "name": "negative", "type": "CONDITIONING"}, {"link": 305, "name": "latent_image", "type": "LATENT"}, {"link": 226, "name": "steps", "type": "INT", "widget": {"name": "steps", "config": ["INT", {"max": 10000, "min": 1, "default": 20}]}}, {"link": 229, "name": "start_at_step", "type": "INT", "widget": {"name": "start_at_step", "config": ["INT", {"max": 10000, "min": 0, "default": 0}]}}, {"link": 236, "name": "noise_seed", "type": "INT", "widget": {"name": "noise_seed", "config": ["INT", {"max": 18446744073709552000, "min": 0, "default": 0}]}}], "outputs": [{"name": "LATENT", "type": "LATENT", "links": [217], "shape": 3, "slot_index": 0}], "title": "KSampler REFINER (Advanced)", "properties": {"Node name for S&R": "KSamplerAdvanced"}, "widgets_values": ["disable", 846731673862208, "fixed", 30, 5, "dpmpp_sde", "karras", 30, 1000, "disable"], "color": "#223", "bgcolor": "#335"}, {"id": 141, "type": "PreviewImage", "pos": [-418, -477], "size": {"0": 263.3439025878906, "1": 362.7095031738281}, "flags": {}, "order": 22, "mode": 0, "inputs": [{"link": 204, "name": "images", "type": "IMAGE"}], "properties": {"Node name for S&R": "PreviewImage"}}, {"id": 146, "type": "VAEDecode", "pos": [-1236, 584], "size": {"0": 234.14869689941406, "1": 46}, "flags": {}, "order": 23, "mode": 0, "inputs": [{"link": 217, "name": "samples", "type": "LATENT"}, {"link": 302, "name": "vae", "type": "VAE"}], "outputs": [{"name": "IMAGE", "type": "IMAGE", "links": [221, 278], "shape": 3, "slot_index": 0}], "title": "VAE Dec. Final", "properties": {"Node name for S&R": "VAEDecode"}}, {"id": 9, "type": "SaveImage", "pos": [-989, -477], "size": {"0": 564.4427490234375, "1": 768.8369750976562}, "flags": {"collapsed": false}, "order": 24, "mode": 0, "inputs": [{"link": 221, "name": "images", "type": "IMAGE"}], "title": "Final Image", "properties": {}, "widgets_values": ["SDXL_ExampleWorkflow"], "color": "#223", "bgcolor": "#335"}, {"id": 191, "type": "ImageUpscaleWithModel", "pos": [-737, 773], "size": {"0": 226.8000030517578, "1": 46}, "flags": {"collapsed": false}, "order": 25, "mode": 2, "inputs": [{"link": 269, "name": "upscale_model", "type": "UPSCALE_MODEL"}, {"link": 278, "name": "image", "type": "IMAGE"}], "outputs": [{"name": "IMAGE", "type": "IMAGE", "links": [268], "shape": 3, "slot_index": 0}], "properties": {"Node name for S&R": "ImageUpscaleWithModel"}, "color": "#232", "bgcolor": "#353"}, {"id": 190, "type": "SaveImage", "pos": [-419, -72], "size": {"0": 263.0129699707031, "1": 362.7133483886719}, "flags": {}, "order": 26, "mode": 2, "inputs": [{"link": 268, "name": "images", "type": "IMAGE"}], "title": "Upscaled Image", "properties": {}, "widgets_values": ["UpScaled\\Upscaled_SDXL09_"], "color": "#232", "bgcolor": "#353"}, {"id": 5, "type": "EmptyLatentImage", "pos": [-1216, -486], "size": {"0": 210, "1": 178.76840209960938}, "flags": {}, "order": 7, "mode": 0, "inputs": [], "outputs": [{"name": "LATENT", "type": "LATENT", "links": [279], "slot_index": 0}], "title": "Image and batch size", "properties": {"Node name for S&R": "EmptyLatentImage"}, "widgets_values": [896, 1152, 1], "color": "#323", "bgcolor": "#535"}], "links": [[139, 16, 0, 65, 1, "STRING"], [183, 15, 0, 50, 1, "STRING"], [199, 50, 0, 139, 1, "CONDITIONING"], [200, 65, 0, 139, 2, "CONDITIONING"], [202, 139, 0, 140, 0, "LATENT"], [204, 140, 0, 141, 0, "IMAGE"], [208, 70, 0, 142, 1, "CONDITIONING"], [209, 71, 0, 142, 2, "CONDITIONING"], [217, 142, 0, 146, 0, "LATENT"], [221, 146, 0, 9, 0, "IMAGE"], [225, 152, 0, 139, 4, "INT"], [226, 152, 0, 142, 4, "INT"], [228, 155, 0, 139, 5, "INT"], [229, 155, 0, 142, 5, "INT"], [235, 159, 0, 139, 6, "INT"], [236, 159, 0, 142, 6, "INT"], [237, 160, 0, 139, 7, "FLOAT"], [253, 174, 0, 50, 2, "STRING"], [254, 175, 0, 65, 2, "STRING"], [255, 176, 0, 71, 1, "STRING"], [256, 177, 0, 70, 1, "STRING"], [268, 191, 0, 190, 0, "IMAGE"], [269, 192, 0, 191, 0, "UPSCALE_MODEL"], [278, 146, 0, 191, 1, "IMAGE"], [279, 5, 0, 139, 3, "LATENT"], [281, 4, 0, 139, 0, "MODEL"], [283, 4, 1, 50, 0, "CLIP"], [284, 4, 1, 65, 0, "CLIP"], [301, 11, 2, 140, 1, "VAE"], [302, 11, 2, 146, 1, "VAE"], [305, 139, 0, 142, 3, "LATENT"], [306, 11, 0, 142, 0, "MODEL"], [309, 11, 1, 70, 0, "CLIP"], [310, 11, 1, 71, 0, "CLIP"]], "groups": [], "config": {}, "extra": {}, "version": 0.4}