{"last_node_id": 25, "last_link_id": 39, "nodes": [{"id": 5, "type": "EmptyLatentImage", "pos": [160, 420], "size": {"0": 220, "1": 130}, "flags": {}, "order": 0, "mode": 0, "outputs": [{"name": "LATENT", "type": "LATENT", "links": [2], "slot_index": 0}], "properties": {"Node name for S&R": "EmptyLatentImage"}, "widgets_values": [1024, 1024, 1]}, {"id": 13, "type": "ControlNetLoader", "pos": [220, 740], "size": {"0": 570, "1": 90}, "flags": {}, "order": 1, "mode": 0, "outputs": [{"name": "CONTROL_NET", "type": "CONTROL_NET", "links": [13], "shape": 3, "slot_index": 0}], "properties": {"Node name for S&R": "ControlNetLoader"}, "widgets_values": ["SmallSDXL\\controlnet-canny-sdxl-1.0-small - diffusion_pytorch_model.bin"], "color": "#232", "bgcolor": "#353"}, {"id": 4, "type": "CheckpointLoaderSimple", "pos": [220, 600], "size": {"0": 560, "1": 100}, "flags": {}, "order": 2, "mode": 0, "outputs": [{"name": "MODEL", "type": "MODEL", "links": [1], "slot_index": 0}, {"name": "CLIP", "type": "CLIP", "links": [5, 10], "slot_index": 1}, {"name": "VAE", "type": "VAE", "links": [], "slot_index": 2}], "properties": {"Node name for S&R": "CheckpointLoaderSimple"}, "widgets_values": ["sd_xl_base_1.0.safetensors"], "color": "#432", "bgcolor": "#653"}, {"id": 15, "type": "LoadImage", "pos": [220, 880], "size": {"0": 420, "1": 540}, "flags": {}, "order": 3, "mode": 0, "outputs": [{"name": "IMAGE", "type": "IMAGE", "links": [16], "shape": 3, "slot_index": 0}, {"name": "MASK", "type": "MASK", "links": null, "shape": 3}], "properties": {"Node name for S&R": "LoadImage"}, "widgets_values": ["AdobeStock_573608649@0.5x.jpg", "image"]}, {"id": 18, "type": "VAELoader", "pos": [1190, 560], "size": {"0": 610, "1": 60}, "flags": {}, "order": 4, "mode": 0, "outputs": [{"name": "VAE", "type": "VAE", "links": [20, 25], "shape": 3, "slot_index": 0}], "properties": {"Node name for S&R": "VAELoader"}, "widgets_values": ["sdxl_vae - v2.safetensors"], "color": "#332922", "bgcolor": "#593930"}, {"id": 20, "type": "CheckpointLoaderSimple", "pos": [1840, 90], "size": {"0": 481.79736328125, "1": 98}, "flags": {}, "order": 5, "mode": 0, "outputs": [{"name": "MODEL", "type": "MODEL", "links": [22], "shape": 3}, {"name": "CLIP", "type": "CLIP", "links": [23, 36], "shape": 3, "slot_index": 1}, {"name": "VAE", "type": "VAE", "links": [], "shape": 3, "slot_index": 2}], "properties": {"Node name for S&R": "CheckpointLoaderSimple"}, "widgets_values": ["sd_xl_refiner_1.0.safetensors"], "color": "#432", "bgcolor": "#653"}, {"id": 7, "type": "CLIPTextEncode", "pos": [400, 450], "size": {"0": 416.5216064453125, "1": 99.45835876464844}, "flags": {}, "order": 6, "mode": 0, "inputs": [{"name": "clip", "type": "CLIP", "link": 5}], "outputs": [{"name": "CONDITIONING", "type": "CONDITIONING", "links": [6], "slot_index": 0}], "properties": {"Node name for S&R": "CLIPTextEncode"}, "widgets_values": ["text, watermark, ugly, disgusting, cartoon, monochrome, coloboma, ugly fingers"], "color": "#322", "bgcolor": "#533"}, {"id": 10, "type": "CLIPTextEncodeSDXL", "pos": [410, 60], "size": {"0": 381.8203125, "1": 341.9341735839844}, "flags": {}, "order": 7, "mode": 0, "inputs": [{"name": "clip", "type": "CLIP", "link": 10}], "outputs": [{"name": "CONDITIONING", "type": "CONDITIONING", "links": [15], "shape": 3, "slot_index": 0}], "properties": {"Node name for S&R": "CLIPTextEncodeSDXL"}, "widgets_values": [1024, 1024, 0, 0, 1024, 1024, "vengeance queen, royal clothing, guns and ammunition, conflict themes, attractive, photorealistic", "detailed, textured, ornate, studio lighting, luxurious\n"], "color": "#2a363b", "bgcolor": "#3f5159"}, {"id": 16, "type": "Canny", "pos": [850, 800], "size": {"0": 315, "1": 82}, "flags": {}, "order": 8, "mode": 0, "inputs": [{"name": "image", "type": "IMAGE", "link": 16}], "outputs": [{"name": "IMAGE", "type": "IMAGE", "links": [17, 18], "shape": 3, "slot_index": 0}], "properties": {"Node name for S&R": "Canny"}, "widgets_values": [0.2, 0.45], "color": "#232", "bgcolor": "#353"}, {"id": 21, "type": "CLIPTextEncodeSDXLRefiner", "pos": [1840, 240], "size": {"0": 668.9094848632812, "1": 170.41815185546875}, "flags": {}, "order": 9, "mode": 0, "inputs": [{"name": "clip", "type": "CLIP", "link": 23}], "outputs": [{"name": "CONDITIONING", "type": "CONDITIONING", "links": [38], "shape": 3, "slot_index": 0}], "properties": {"Node name for S&R": "CLIPTextEncodeSDXLRefiner"}, "widgets_values": [6, 4096, 4096, "detailed, textured, ornate, studio lighting, luxurious\n"], "color": "#2a363b", "bgcolor": "#3f5159"}, {"id": 25, "type": "CLIPTextEncodeSDXLRefiner", "pos": [1840, 450], "size": {"0": 682.731689453125, "1": 167.7061004638672}, "flags": {}, "order": 10, "mode": 0, "inputs": [{"name": "clip", "type": "CLIP", "link": 36}], "outputs": [{"name": "CONDITIONING", "type": "CONDITIONING", "links": [39], "shape": 3, "slot_index": 0}], "properties": {"Node name for S&R": "CLIPTextEncodeSDXLRefiner"}, "widgets_values": [6, 4095, 4096, "text, watermark, ugly, disgusting, cartoon, monochrome, coloboma, ugly fingers"], "color": "#322", "bgcolor": "#533"}, {"id": 14, "type": "ControlNetApply", "pos": [850, 660], "size": {"0": 317.4000244140625, "1": 98}, "flags": {}, "order": 11, "mode": 0, "inputs": [{"name": "conditioning", "type": "CONDITIONING", "link": 15, "slot_index": 0}, {"name": "control_net", "type": "CONTROL_NET", "link": 13}, {"name": "image", "type": "IMAGE", "link": 17}], "outputs": [{"name": "CONDITIONING", "type": "CONDITIONING", "links": [19], "shape": 3, "slot_index": 0}], "properties": {"Node name for S&R": "ControlNetApply"}, "widgets_values": [0.75], "color": "#232", "bgcolor": "#353"}, {"id": 17, "type": "PreviewImage", "pos": [710, 930], "size": {"0": 440, "1": 460}, "flags": {}, "order": 12, "mode": 0, "inputs": [{"name": "images", "type": "IMAGE", "link": 18}], "properties": {"Node name for S&R": "PreviewImage"}}, {"id": 3, "type": "KSampler", "pos": [850, 70], "size": {"0": 315, "1": 474}, "flags": {}, "order": 13, "mode": 0, "inputs": [{"name": "model", "type": "MODEL", "link": 1}, {"name": "positive", "type": "CONDITIONING", "link": 19}, {"name": "negative", "type": "CONDITIONING", "link": 6}, {"name": "latent_image", "type": "LATENT", "link": 2}], "outputs": [{"name": "LATENT", "type": "LATENT", "links": [7, 21], "slot_index": 0}], "properties": {"Node name for S&R": "KSampler"}, "widgets_values": [106395866754022, "increment", 40, 14, "euler_ancestral", "exponential", 1], "color": "#223", "bgcolor": "#335"}, {"id": 8, "type": "VAEDecode", "pos": [1210, 70], "size": {"0": 210, "1": 46}, "flags": {}, "order": 14, "mode": 0, "inputs": [{"name": "samples", "type": "LATENT", "link": 7}, {"name": "vae", "type": "VAE", "link": 20}], "outputs": [{"name": "IMAGE", "type": "IMAGE", "links": [9], "slot_index": 0}], "properties": {"Node name for S&R": "VAEDecode"}, "color": "#332922", "bgcolor": "#593930"}, {"id": 19, "type": "KSamplerAdvanced", "pos": [1470, 60], "size": {"0": 310, "1": 420}, "flags": {}, "order": 15, "mode": 0, "inputs": [{"name": "model", "type": "MODEL", "link": 22, "slot_index": 0}, {"name": "positive", "type": "CONDITIONING", "link": 38}, {"name": "negative", "type": "CONDITIONING", "link": 39}, {"name": "latent_image", "type": "LATENT", "link": 21}], "outputs": [{"name": "LATENT", "type": "LATENT", "links": [26], "shape": 3, "slot_index": 0}], "properties": {"Node name for S&R": "KSamplerAdvanced"}, "widgets_values": ["enable", 882539533892517, "fixed", 45, 9, "euler", "exponential", 40, 10000, "disable"], "color": "#223", "bgcolor": "#335"}, {"id": 9, "type": "SaveImage", "pos": [1190, 670], "size": {"0": 710, "1": 770}, "flags": {}, "order": 16, "mode": 0, "inputs": [{"name": "images", "type": "IMAGE", "link": 9}], "properties": {}, "widgets_values": ["ComfyUI"]}, {"id": 22, "type": "VAEDecode", "pos": [1210, 170], "size": {"0": 210, "1": 46}, "flags": {}, "order": 17, "mode": 0, "inputs": [{"name": "samples", "type": "LATENT", "link": 26}, {"name": "vae", "type": "VAE", "link": 25}], "outputs": [{"name": "IMAGE", "type": "IMAGE", "links": [28], "shape": 3, "slot_index": 0}], "properties": {"Node name for S&R": "VAEDecode"}, "color": "#332922", "bgcolor": "#593930"}, {"id": 24, "type": "SaveImage", "pos": [1920, 670], "size": {"0": 730, "1": 760}, "flags": {}, "order": 18, "mode": 0, "inputs": [{"name": "images", "type": "IMAGE", "link": 28}], "properties": {}, "widgets_values": ["ComfyUI"]}], "links": [[1, 4, 0, 3, 0, "MODEL"], [2, 5, 0, 3, 3, "LATENT"], [5, 4, 1, 7, 0, "CLIP"], [6, 7, 0, 3, 2, "CONDITIONING"], [7, 3, 0, 8, 0, "LATENT"], [9, 8, 0, 9, 0, "IMAGE"], [10, 4, 1, 10, 0, "CLIP"], [13, 13, 0, 14, 1, "CONTROL_NET"], [15, 10, 0, 14, 0, "CONDITIONING"], [16, 15, 0, 16, 0, "IMAGE"], [17, 16, 0, 14, 2, "IMAGE"], [18, 16, 0, 17, 0, "IMAGE"], [19, 14, 0, 3, 1, "CONDITIONING"], [20, 18, 0, 8, 1, "VAE"], [21, 3, 0, 19, 3, "LATENT"], [22, 20, 0, 19, 0, "MODEL"], [23, 20, 1, 21, 0, "CLIP"], [25, 18, 0, 22, 1, "VAE"], [26, 19, 0, 22, 0, "LATENT"], [28, 22, 0, 24, 0, "IMAGE"], [36, 20, 1, 25, 0, "CLIP"], [38, 21, 0, 19, 1, "CONDITIONING"], [39, 25, 0, 19, 2, "CONDITIONING"]], "groups": [], "config": {}, "extra": {}, "version": 0.4}