{"last_node_id": 53, "last_link_id": 94, "nodes": [{"id": 5, "type": "EmptyLatentImage", "pos": [710, 90], "size": {"0": 315, "1": 106}, "flags": {}, "order": 0, "mode": 0, "outputs": [{"name": "LATENT", "type": "LATENT", "links": [2], "slot_index": 0}], "properties": {"Node name for S&R": "EmptyLatentImage"}, "widgets_values": [512, 512, 1]}, {"id": 33, "type": "CheckpointLoaderSimple", "pos": [120, 890], "size": {"0": 540, "1": 100}, "flags": {}, "order": 1, "mode": 0, "outputs": [{"name": "MODEL", "type": "MODEL", "links": [46, 78, 82], "slot_index": 0}, {"name": "CLIP", "type": "CLIP", "links": [47, 48], "slot_index": 1}, {"name": "VAE", "type": "VAE", "links": [49], "slot_index": 2}], "properties": {"Node name for S&R": "CheckpointLoaderSimple"}, "widgets_values": ["dreamshaper_7.safetensors"], "color": "#432", "bgcolor": "#653"}, {"id": 34, "type": "VAELoader", "pos": [120, 780], "size": {"0": 550, "1": 60}, "flags": {}, "order": 2, "mode": 0, "outputs": [{"name": "VAE", "type": "VAE", "links": [77, 87], "shape": 3}], "properties": {"Node name for S&R": "VAELoader"}, "widgets_values": ["vae-ft-mse-840000-ema-pruned.vae.pt"], "color": "#432", "bgcolor": "#653"}, {"id": 39, "type": "ControlNetLoader", "pos": [120, 670], "size": {"0": 540, "1": 70}, "flags": {}, "order": 3, "mode": 0, "outputs": [{"name": "CONTROL_NET", "type": "CONTROL_NET", "links": [54], "shape": 3, "slot_index": 0}], "properties": {"Node name for S&R": "ControlNetLoader"}, "widgets_values": ["T2I\\t2iadapter_depth_sd15v2.pth"], "color": "#432", "bgcolor": "#653"}, {"id": 35, "type": "LoadImage", "pos": [740, 570], "size": {"0": 320, "1": 310}, "flags": {}, "order": 4, "mode": 0, "outputs": [{"name": "IMAGE", "type": "IMAGE", "links": [68], "shape": 3, "slot_index": 0}, {"name": "MASK", "type": "MASK", "links": null, "shape": 3}], "properties": {"Node name for S&R": "LoadImage"}, "widgets_values": ["AdobeStock_251779659@0.5x.jpg", "image"]}, {"id": 52, "type": "UpscaleModelLoader", "pos": [4290, 560], "size": {"0": 520, "1": 60}, "flags": {}, "order": 5, "mode": 0, "outputs": [{"name": "UPSCALE_MODEL", "type": "UPSCALE_MODEL", "links": [90], "shape": 3, "slot_index": 0}], "properties": {"Node name for S&R": "UpscaleModelLoader"}, "widgets_values": ["ESRGAN_4x.pth"], "color": "#322", "bgcolor": "#533"}, {"id": 7, "type": "CLIPTextEncode", "pos": [170, 340], "size": {"0": 425.27801513671875, "1": 180.6060791015625}, "flags": {}, "order": 6, "mode": 0, "inputs": [{"name": "clip", "type": "CLIP", "link": 47}], "outputs": [{"name": "CONDITIONING", "type": "CONDITIONING", "links": [6, 80, 84], "slot_index": 0}], "properties": {"Node name for S&R": "CLIPTextEncode"}, "widgets_values": ["text, disgusting, ugly, watermark, dark"], "color": "#2a363b", "bgcolor": "#3f5159"}, {"id": 24, "type": "CLIPTextEncode", "pos": [170, 130], "size": {"0": 422.84503173828125, "1": 164.31304931640625}, "flags": {}, "order": 7, "mode": 0, "inputs": [{"name": "clip", "type": "CLIP", "link": 48}], "outputs": [{"name": "CONDITIONING", "type": "CONDITIONING", "links": [55], "slot_index": 0}], "properties": {"Node name for S&R": "CLIPTextEncode"}, "widgets_values": ["enormous statue seen from above, forming an alien housing structure, ocean, photographic\n\n\n\n"], "color": "#232", "bgcolor": "#353"}, {"id": 41, "type": "MiDaS-DepthMapPreprocessor", "pos": [1140, 400], "size": {"0": 315, "1": 82}, "flags": {}, "order": 8, "mode": 0, "inputs": [{"name": "image", "type": "IMAGE", "link": 68, "slot_index": 0}], "outputs": [{"name": "IMAGE", "type": "IMAGE", "links": [65, 71], "shape": 3, "slot_index": 0}], "properties": {"Node name for S&R": "MiDaS-DepthMapPreprocessor"}, "widgets_values": [1.2, 0.21]}, {"id": 37, "type": "PreviewImage", "pos": [1180, 550], "size": {"0": 320, "1": 340}, "flags": {}, "order": 9, "mode": 0, "inputs": [{"name": "images", "type": "IMAGE", "link": 65}], "properties": {"Node name for S&R": "PreviewImage"}}, {"id": 38, "type": "ControlNetApply", "pos": [730, 330], "size": {"0": 317.4000244140625, "1": 98}, "flags": {}, "order": 10, "mode": 0, "inputs": [{"name": "conditioning", "type": "CONDITIONING", "link": 55}, {"name": "control_net", "type": "CONTROL_NET", "link": 54}, {"name": "image", "type": "IMAGE", "link": 71, "slot_index": 2}], "outputs": [{"name": "CONDITIONING", "type": "CONDITIONING", "links": [58, 79, 83], "shape": 3, "slot_index": 0}], "properties": {"Node name for S&R": "ControlNetApply"}, "widgets_values": [0.86666748046875]}, {"id": 3, "type": "KSampler", "pos": [1600, 240], "size": {"0": 315, "1": 262}, "flags": {}, "order": 11, "mode": 0, "inputs": [{"name": "model", "type": "MODEL", "link": 46}, {"name": "positive", "type": "CONDITIONING", "link": 58}, {"name": "negative", "type": "CONDITIONING", "link": 6}, {"name": "latent_image", "type": "LATENT", "link": 2}], "outputs": [{"name": "LATENT", "type": "LATENT", "links": [7, 73], "slot_index": 0}], "properties": {"Node name for S&R": "KSampler"}, "widgets_values": [284572810581674, "increment", 20, 8, "heun", "exponential", 1], "color": "#223", "bgcolor": "#335"}, {"id": 8, "type": "VAEDecode", "pos": [1940, 440], "size": {"0": 210, "1": 46}, "flags": {}, "order": 12, "mode": 0, "inputs": [{"name": "samples", "type": "LATENT", "link": 7}, {"name": "vae", "type": "VAE", "link": 49}], "outputs": [{"name": "IMAGE", "type": "IMAGE", "links": [9, 94], "slot_index": 0}], "properties": {"Node name for S&R": "VAEDecode"}}, {"id": 43, "type": "LatentUpscaleBy", "pos": [2370, 110], "size": {"0": 315, "1": 82}, "flags": {}, "order": 13, "mode": 0, "inputs": [{"name": "samples", "type": "LATENT", "link": 73}], "outputs": [{"name": "LATENT", "type": "LATENT", "links": [74], "shape": 3, "slot_index": 0}], "properties": {"Node name for S&R": "LatentUpscaleBy"}, "widgets_values": ["nearest-exact", 1.5], "color": "#322", "bgcolor": "#533"}, {"id": 9, "type": "SaveImage", "pos": [1600, 550], "size": {"0": 530, "1": 570}, "flags": {}, "order": 14, "mode": 0, "inputs": [{"name": "images", "type": "IMAGE", "link": 9}], "properties": {}, "widgets_values": ["ComfyUI"], "color": "#222", "bgcolor": "#000"}, {"id": 53, "type": "ImageUpscaleWithModel", "pos": [4380, 430], "size": {"0": 241.79998779296875, "1": 46}, "flags": {}, "order": 15, "mode": 0, "inputs": [{"name": "upscale_model", "type": "UPSCALE_MODEL", "link": 90}, {"name": "image", "type": "IMAGE", "link": 94, "slot_index": 1}], "outputs": [{"name": "IMAGE", "type": "IMAGE", "links": [91], "shape": 3, "slot_index": 0}], "properties": {"Node name for S&R": "ImageUpscaleWithModel"}, "color": "#322", "bgcolor": "#533"}, {"id": 44, "type": "KSamplerAdvanced", "pos": [2360, 240], "size": {"0": 315, "1": 334}, "flags": {}, "order": 16, "mode": 0, "inputs": [{"name": "model", "type": "MODEL", "link": 78, "slot_index": 0}, {"name": "positive", "type": "CONDITIONING", "link": 79, "slot_index": 1}, {"name": "negative", "type": "CONDITIONING", "link": 80, "slot_index": 2}, {"name": "latent_image", "type": "LATENT", "link": 74}], "outputs": [{"name": "LATENT", "type": "LATENT", "links": [75, 89], "shape": 3, "slot_index": 0}], "properties": {"Node name for S&R": "KSamplerAdvanced"}, "widgets_values": ["enable", 55229706733363, "increment", 40, 8, "euler", "sgm_uniform", 20, 10000, "enable"], "color": "#223", "bgcolor": "#335"}, {"id": 51, "type": "PreviewImage", "pos": [4280, 670], "size": [1200, 1200], "flags": {}, "order": 17, "mode": 0, "inputs": [{"name": "images", "type": "IMAGE", "link": 91}], "properties": {"Node name for S&R": "PreviewImage"}, "color": "#222", "bgcolor": "#000"}, {"id": 45, "type": "VAEDecode", "pos": [2710, 530], "size": {"0": 210, "1": 46}, "flags": {}, "order": 18, "mode": 0, "inputs": [{"name": "samples", "type": "LATENT", "link": 75}, {"name": "vae", "type": "VAE", "link": 77, "slot_index": 1}], "outputs": [{"name": "IMAGE", "type": "IMAGE", "links": [76], "shape": 3, "slot_index": 0}], "properties": {"Node name for S&R": "VAEDecode"}}, {"id": 47, "type": "LatentUpscaleBy", "pos": [3040, 130], "size": {"0": 315, "1": 82}, "flags": {}, "order": 19, "mode": 0, "inputs": [{"name": "samples", "type": "LATENT", "link": 89}], "outputs": [{"name": "LATENT", "type": "LATENT", "links": [85], "shape": 3, "slot_index": 0}], "properties": {"Node name for S&R": "LatentUpscaleBy"}, "widgets_values": ["nearest-exact", 1.5], "color": "#322", "bgcolor": "#533"}, {"id": 46, "type": "PreviewImage", "pos": [2180, 620], "size": {"0": 740, "1": 820}, "flags": {}, "order": 20, "mode": 0, "inputs": [{"name": "images", "type": "IMAGE", "link": 76}], "properties": {"Node name for S&R": "PreviewImage"}, "color": "#222", "bgcolor": "#000"}, {"id": 48, "type": "KSamplerAdvanced", "pos": [3040, 250], "size": {"0": 315, "1": 334}, "flags": {}, "order": 21, "mode": 0, "inputs": [{"name": "model", "type": "MODEL", "link": 82, "slot_index": 0}, {"name": "positive", "type": "CONDITIONING", "link": 83, "slot_index": 1}, {"name": "negative", "type": "CONDITIONING", "link": 84, "slot_index": 2}, {"name": "latent_image", "type": "LATENT", "link": 85}], "outputs": [{"name": "LATENT", "type": "LATENT", "links": [86], "shape": 3, "slot_index": 0}], "properties": {"Node name for S&R": "KSamplerAdvanced"}, "widgets_values": ["enable", 415240937440333, "randomize", 60, 8, "euler", "simple", 40, 10000, "enable"], "color": "#223", "bgcolor": "#335"}, {"id": 49, "type": "VAEDecode", "pos": [3370, 530], "size": {"0": 210, "1": 46}, "flags": {}, "order": 22, "mode": 0, "inputs": [{"name": "samples", "type": "LATENT", "link": 86}, {"name": "vae", "type": "VAE", "link": 87, "slot_index": 1}], "outputs": [{"name": "IMAGE", "type": "IMAGE", "links": [88], "shape": 3, "slot_index": 0}], "properties": {"Node name for S&R": "VAEDecode"}}, {"id": 50, "type": "PreviewImage", "pos": [3030, 630], "size": {"0": 1160, "1": 1240}, "flags": {}, "order": 23, "mode": 0, "inputs": [{"name": "images", "type": "IMAGE", "link": 88}], "properties": {"Node name for S&R": "PreviewImage"}, "color": "#222", "bgcolor": "#000"}], "links": [[2, 5, 0, 3, 3, "LATENT"], [6, 7, 0, 3, 2, "CONDITIONING"], [7, 3, 0, 8, 0, "LATENT"], [9, 8, 0, 9, 0, "IMAGE"], [46, 33, 0, 3, 0, "MODEL"], [47, 33, 1, 7, 0, "CLIP"], [48, 33, 1, 24, 0, "CLIP"], [49, 33, 2, 8, 1, "VAE"], [54, 39, 0, 38, 1, "CONTROL_NET"], [55, 24, 0, 38, 0, "CONDITIONING"], [58, 38, 0, 3, 1, "CONDITIONING"], [65, 41, 0, 37, 0, "IMAGE"], [68, 35, 0, 41, 0, "IMAGE"], [71, 41, 0, 38, 2, "IMAGE"], [73, 3, 0, 43, 0, "LATENT"], [74, 43, 0, 44, 3, "LATENT"], [75, 44, 0, 45, 0, "LATENT"], [76, 45, 0, 46, 0, "IMAGE"], [77, 34, 0, 45, 1, "VAE"], [78, 33, 0, 44, 0, "MODEL"], [79, 38, 0, 44, 1, "CONDITIONING"], [80, 7, 0, 44, 2, "CONDITIONING"], [82, 33, 0, 48, 0, "MODEL"], [83, 38, 0, 48, 1, "CONDITIONING"], [84, 7, 0, 48, 2, "CONDITIONING"], [85, 47, 0, 48, 3, "LATENT"], [86, 48, 0, 49, 0, "LATENT"], [87, 34, 0, 49, 1, "VAE"], [88, 49, 0, 50, 0, "IMAGE"], [89, 44, 0, 47, 0, "LATENT"], [90, 52, 0, 53, 0, "UPSCALE_MODEL"], [91, 53, 0, 51, 0, "IMAGE"], [94, 8, 0, 53, 1, "IMAGE"]], "groups": [{"title": "Apply Depth T2IAdapter", "bounding": [699, 209, 869, 706], "color": "#a1309b", "locked": false}], "config": {}, "extra": {}, "version": 0.4}