{"last_node_id": 14, "last_link_id": 24, "nodes": [{"id": 12, "type": "ControlNetLoader", "pos": [460, 680], "size": [620, 70], "flags": {}, "order": 0, "mode": 0, "outputs": [{"name": "CONTROL_NET", "type": "CONTROL_NET", "links": [13], "slot_index": 0}], "properties": {"Node name for S&R": "ControlNetLoader"}, "widgets_values": ["CNV11\\control_v11p_sd15_lineart.pth"], "color": "#432", "bgcolor": "#653"}, {"id": 5, "type": "EmptyLatentImage", "pos": [940, 260], "size": {"0": 315, "1": 106}, "flags": {}, "order": 1, "mode": 0, "outputs": [{"name": "LATENT", "type": "LATENT", "links": [2], "slot_index": 0}], "properties": {"Node name for S&R": "EmptyLatentImage"}, "widgets_values": [768, 768, 1]}, {"id": 13, "type": "VAELoader", "pos": [460, 420], "size": [620, 60], "flags": {}, "order": 2, "mode": 0, "outputs": [{"name": "VAE", "type": "VAE", "links": [14], "slot_index": 0}], "properties": {"Node name for S&R": "VAELoader"}, "widgets_values": ["vae-ft-mse-840000-ema-pruned.ckpt"], "color": "#432", "bgcolor": "#653"}, {"id": 11, "type": "LoadImage", "pos": [460, 790], "size": [460, 590], "flags": {}, "order": 3, "mode": 0, "outputs": [{"name": "IMAGE", "type": "IMAGE", "links": [24], "slot_index": 0}, {"name": "MASK", "type": "MASK", "links": null}], "properties": {"Node name for S&R": "LoadImage"}, "widgets_values": ["AdobeStock_311745724 (1).jpg", "image"], "color": "#332922", "bgcolor": "#593930"}, {"id": 14, "type": "CheckpointLoaderSimple", "pos": [460, 520], "size": [620, 120], "flags": {}, "order": 4, "mode": 0, "outputs": [{"name": "MODEL", "type": "MODEL", "links": [19], "slot_index": 0}, {"name": "CLIP", "type": "CLIP", "links": [20, 21], "slot_index": 1}, {"name": "VAE", "type": "VAE", "links": null}], "properties": {"Node name for S&R": "CheckpointLoaderSimple"}, "widgets_values": ["dreamshaper_8.safetensors"], "color": "#432", "bgcolor": "#653"}, {"id": 7, "type": "CLIPTextEncode", "pos": [470, 40], "size": [410, 120], "flags": {}, "order": 5, "mode": 0, "inputs": [{"name": "clip", "type": "CLIP", "link": 20}], "outputs": [{"name": "CONDITIONING", "type": "CONDITIONING", "links": [16], "slot_index": 0}], "properties": {"Node name for S&R": "CLIPTextEncode"}, "widgets_values": ["ugly, disgusting"], "color": "#2a363b", "bgcolor": "#3f5159"}, {"id": 6, "type": "CLIPTextEncode", "pos": [460, 210], "size": {"0": 422.84503173828125, "1": 164.31304931640625}, "flags": {}, "order": 6, "mode": 0, "inputs": [{"name": "clip", "type": "CLIP", "link": 21}], "outputs": [{"name": "CONDITIONING", "type": "CONDITIONING", "links": [10], "slot_index": 0}], "properties": {"Node name for S&R": "CLIPTextEncode"}, "widgets_values": ["a house in a forest scene, tropical, seen from above, trees, road, handlike outline of the building"], "color": "#232", "bgcolor": "#353"}, {"id": 10, "type": "ControlNetApply", "pos": [940, 110], "size": {"0": 317.4000244140625, "1": 98}, "flags": {}, "order": 7, "mode": 0, "inputs": [{"name": "conditioning", "type": "CONDITIONING", "link": 10}, {"name": "control_net", "type": "CONTROL_NET", "link": 13}, {"name": "image", "type": "IMAGE", "link": 24}], "outputs": [{"name": "CONDITIONING", "type": "CONDITIONING", "links": [18], "slot_index": 0}], "properties": {"Node name for S&R": "ControlNetApply"}, "widgets_values": [0.8999999999999999], "color": "#332922", "bgcolor": "#593930"}, {"id": 3, "type": "KSampler", "pos": [1120, 410], "size": [320, 340], "flags": {}, "order": 8, "mode": 0, "inputs": [{"name": "model", "type": "MODEL", "link": 19}, {"name": "positive", "type": "CONDITIONING", "link": 18}, {"name": "negative", "type": "CONDITIONING", "link": 16}, {"name": "latent_image", "type": "LATENT", "link": 2}], "outputs": [{"name": "LATENT", "type": "LATENT", "links": [7], "slot_index": 0}], "properties": {"Node name for S&R": "KSampler"}, "widgets_values": [331198060210112, "increment", 16, 6, "euler_ancestral", "normal", 1], "color": "#223", "bgcolor": "#335"}, {"id": 8, "type": "VAEDecode", "pos": [1280, 310], "size": [160, 50], "flags": {}, "order": 9, "mode": 0, "inputs": [{"name": "samples", "type": "LATENT", "link": 7}, {"name": "vae", "type": "VAE", "link": 14}], "outputs": [{"name": "IMAGE", "type": "IMAGE", "links": [9], "slot_index": 0}], "properties": {"Node name for S&R": "VAEDecode"}}, {"id": 9, "type": "SaveImage", "pos": [940, 800], "size": [510, 560], "flags": {}, "order": 10, "mode": 0, "inputs": [{"name": "images", "type": "IMAGE", "link": 9}], "properties": {}, "widgets_values": ["ComfyUI"], "color": "#332922", "bgcolor": "#593930"}], "links": [[2, 5, 0, 3, 3, "LATENT"], [7, 3, 0, 8, 0, "LATENT"], [9, 8, 0, 9, 0, "IMAGE"], [10, 6, 0, 10, 0, "CONDITIONING"], [13, 12, 0, 10, 1, "CONTROL_NET"], [14, 13, 0, 8, 1, "VAE"], [16, 7, 0, 3, 2, "CONDITIONING"], [18, 10, 0, 3, 1, "CONDITIONING"], [19, 14, 0, 3, 0, "MODEL"], [20, 14, 1, 7, 0, "CLIP"], [21, 14, 1, 6, 0, "CLIP"], [24, 11, 0, 10, 2, "IMAGE"]], "groups": [], "config": {}, "extra": {}, "version": 0.4}