{"last_node_id": 43, "last_link_id": 41, "nodes": [{"id": 5, "type": "EmptyLatentImage", "pos": [630, 40], "size": {"0": 315, "1": 106}, "flags": {}, "order": 0, "mode": 0, "outputs": [{"name": "LATENT", "type": "LATENT", "links": [2], "slot_index": 0}], "properties": {"Node name for S&R": "EmptyLatentImage"}, "widgets_values": [1280, 704, 1]}, {"id": 13, "type": "VAELoader", "pos": [180, 410], "size": {"0": 650, "1": 60}, "flags": {}, "order": 1, "mode": 0, "outputs": [{"name": "VAE", "type": "VAE", "links": [14, 20], "slot_index": 0}], "properties": {"Node name for S&R": "VAELoader"}, "widgets_values": ["vae-ft-mse-840000-ema-pruned.ckpt"], "color": "#432", "bgcolor": "#653"}, {"id": 36, "type": "CheckpointLoaderSimple", "pos": [890, 520], "size": {"0": 790, "1": 100}, "flags": {}, "order": 2, "mode": 0, "outputs": [{"name": "MODEL", "type": "MODEL", "links": [29], "slot_index": 0}, {"name": "CLIP", "type": "CLIP", "links": [34], "slot_index": 1}, {"name": "VAE", "type": "VAE", "links": null}], "properties": {"Node name for S&R": "CheckpointLoaderSimple"}, "widgets_values": ["dreamshaper_8.safetensors"], "color": "#432", "bgcolor": "#653"}, {"id": 39, "type": "CheckpointLoaderSimple", "pos": [180, 520], "size": {"0": 680, "1": 100}, "flags": {}, "order": 3, "mode": 0, "outputs": [{"name": "MODEL", "type": "MODEL", "links": [38], "slot_index": 0}, {"name": "CLIP", "type": "CLIP", "links": [37], "slot_index": 1}, {"name": "VAE", "type": "VAE", "links": null}], "properties": {"Node name for S&R": "CheckpointLoaderSimple"}, "widgets_values": ["dreamshaper_8.safetensors"], "color": "#432", "bgcolor": "#653"}, {"id": 11, "type": "ControlNetLoader", "pos": [180, 680], "size": {"0": 690, "1": 70}, "flags": {}, "order": 4, "mode": 0, "outputs": [{"name": "CONTROL_NET", "type": "CONTROL_NET", "links": [11], "slot_index": 0}], "properties": {"Node name for S&R": "ControlNetLoader"}, "widgets_values": ["CNV11\\FP16\\control_v11p_sd15_openpose_fp16.safetensors"], "color": "#432", "bgcolor": "#653"}, {"id": 43, "type": "Nui.OpenPoseEditor", "pos": [200, 820], "size": {"0": 370, "1": 320}, "flags": {}, "order": 5, "mode": 0, "outputs": [{"name": "IMAGE", "type": "IMAGE", "links": [41], "shape": 3, "slot_index": 0}], "properties": {"Node name for S&R": "Nui.OpenPoseEditor", "savedPose": "{\n    \"width\": 1280,\n    \"height\": 704,\n    \"keypoints\": [\n        [\n            [\n                193.45174263908112,\n                152.061807177278\n            ],\n            [\n                192.08925197004461,\n                196.39774672773805\n            ],\n            [\n                153.83698551044313,\n                210.54118545907727\n            ],\n            [\n                150.57970559364813,\n                293.0205637408765\n            ],\n            [\n                83.39220905818836,\n                351.26402325976926\n            ],\n            [\n                259.17905247369026,\n                213.23032057935407\n            ],\n            [\n                294.69032950054543,\n                258.4063747374164\n            ],\n            [\n                266.31232234312665,\n                318.7172396171396\n            ],\n            [\n                174.57242912853164,\n                330.8520503388005\n            ],\n            [\n                106.6843576884438,\n                407.17045597450993\n            ],\n            [\n                167.1935646527501,\n                529.0618071772781\n            ],\n            [\n                222.73971039306568,\n                315.061807177278\n            ],\n            [\n                225.33734783962353,\n                408.17045597451\n            ],\n            [\n                351.80117785603954,\n                453.0826406957029\n            ],\n            [\n                175.27300403315965,\n                125.06180717727801\n            ],\n            [\n                196.4815324067347,\n                126.06180717727801\n            ],\n            [\n                184.76769208976268,\n                147.75523885599105\n            ],\n            [\n                228.95666986375377,\n                149.08056712976824\n            ]\n        ],\n        [\n            [\n                505.0615550485322,\n                138.3773842400949\n            ],\n            [\n                505.0615550485322,\n                181.3773842400949\n            ],\n            [\n                458.66618921498684,\n                179.3773842400949\n            ],\n            [\n                445.67548678159415,\n                244.3773842400949\n            ],\n            [\n                432.68478434820145,\n                313.3773842400949\n            ],\n            [\n                557.952272098774,\n                179.3773842400949\n            ],\n            [\n                575.5825111155212,\n                243.3773842400949\n            ],\n            [\n                589.5011208655849,\n                306.3773842400949\n            ],\n            [\n                490.21503798179776,\n                302.3773842400949\n            ],\n            [\n                435.98116378303433,\n                385.4186276764964\n            ],\n            [\n                480.93596481508865,\n                515.3773842400949\n            ],\n            [\n                531.9708672319886,\n                301.3773842400949\n            ],\n            [\n                509.4346719080453,\n                386.4186276764964\n            ],\n            [\n                575.1010941228783,\n                528.1339247212022\n            ],\n            [\n                488.03480627347506,\n                111.3773842400949\n            ],\n            [\n                507.5208599235641,\n                112.3773842400949\n            ],\n            [\n                482.8038461018151,\n                132.39727466869655\n            ],\n            [\n                526.7250015011058,\n                132.37851471620635\n            ]\n        ],\n        [\n            [\n                910.5375871953796,\n                168.12254007471034\n            ],\n            [\n                911.8841804156184,\n                207.86918916154264\n            ],\n            [\n                871.8265024145011,\n                213.66719287907696\n            ],\n            [\n                872.6055795206096,\n                277.0659649201198\n            ],\n            [\n                837.3474941267399,\n                334.008196727337\n            ],\n            [\n                963.7792142833168,\n                213.66719287907696\n            ],\n            [\n                1001.2412093522993,\n                272.25576597702246\n            ],\n            [\n                962.8064852526651,\n                341.45254173559965\n            ],\n            [\n                896.5946037409767,\n                323.49661276352083\n            ],\n            [\n                885.1274212349953,\n                436.25724073900375\n            ],\n            [\n                887.0386183193255,\n                527.0391022446889\n            ],\n            [\n                939.5965381384065,\n                322.54101422135574\n            ],\n            [\n                951.0637206443879,\n                437.2128392811689\n            ],\n            [\n                954.8861148130483,\n                528.9502993290192\n            ],\n            [\n                888.4654375620632,\n                134.7593221154018\n            ],\n            [\n                908.5330069475305,\n                135.7149206575669\n            ],\n            [\n                858.3460440466853,\n                163.98564357099056\n            ],\n            [\n                890.6107257186004,\n                164.03087052910058\n            ]\n        ]\n    ]\n}"}, "widgets_values": ["ComfyUI_OpenPose_43.png", "{\n    \"width\": 1280,\n    \"height\": 704,\n    \"keypoints\": [\n        [\n            [\n                193.45174263908112,\n                152.061807177278\n            ],\n            [\n                192.08925197004461,\n                196.39774672773805\n            ],\n            [\n                153.83698551044313,\n                210.54118545907727\n            ],\n            [\n                150.57970559364813,\n                293.0205637408765\n            ],\n            [\n                83.39220905818836,\n                351.26402325976926\n            ],\n            [\n                259.17905247369026,\n                213.23032057935407\n            ],\n            [\n                294.69032950054543,\n                258.4063747374164\n            ],\n            [\n                266.31232234312665,\n                318.7172396171396\n            ],\n            [\n                174.57242912853164,\n                330.8520503388005\n            ],\n            [\n                106.6843576884438,\n                407.17045597450993\n            ],\n            [\n                167.1935646527501,\n                529.0618071772781\n            ],\n            [\n                222.73971039306568,\n                315.061807177278\n            ],\n            [\n                225.33734783962353,\n                408.17045597451\n            ],\n            [\n                351.80117785603954,\n                453.0826406957029\n            ],\n            [\n                175.27300403315965,\n                125.06180717727801\n            ],\n            [\n                196.4815324067347,\n                126.06180717727801\n            ],\n            [\n                184.76769208976268,\n                147.75523885599105\n            ],\n            [\n                228.95666986375377,\n                149.08056712976824\n            ]\n        ],\n        [\n            [\n                505.0615550485322,\n                138.3773842400949\n            ],\n            [\n                505.0615550485322,\n                181.3773842400949\n            ],\n            [\n                458.66618921498684,\n                179.3773842400949\n            ],\n            [\n                445.67548678159415,\n                244.3773842400949\n            ],\n            [\n                432.68478434820145,\n                313.3773842400949\n            ],\n            [\n                557.952272098774,\n                179.3773842400949\n            ],\n            [\n                575.5825111155212,\n                243.3773842400949\n            ],\n            [\n                589.5011208655849,\n                306.3773842400949\n            ],\n            [\n                490.21503798179776,\n                302.3773842400949\n            ],\n            [\n                435.98116378303433,\n                385.4186276764964\n            ],\n            [\n                480.93596481508865,\n                515.3773842400949\n            ],\n            [\n                531.9708672319886,\n                301.3773842400949\n            ],\n            [\n                509.4346719080453,\n                386.4186276764964\n            ],\n            [\n                575.1010941228783,\n                528.1339247212022\n            ],\n            [\n                488.03480627347506,\n                111.3773842400949\n            ],\n            [\n                507.5208599235641,\n                112.3773842400949\n            ],\n            [\n                482.8038461018151,\n                132.39727466869655\n            ],\n            [\n                526.7250015011058,\n                132.37851471620635\n            ]\n        ],\n        [\n            [\n                910.5375871953796,\n                168.12254007471034\n            ],\n            [\n                911.8841804156184,\n                207.86918916154264\n            ],\n            [\n                871.8265024145011,\n                213.66719287907696\n            ],\n            [\n                872.6055795206096,\n                277.0659649201198\n            ],\n            [\n                837.3474941267399,\n                334.008196727337\n            ],\n            [\n                963.7792142833168,\n                213.66719287907696\n            ],\n            [\n                1001.2412093522993,\n                272.25576597702246\n            ],\n            [\n                962.8064852526651,\n                341.45254173559965\n            ],\n            [\n                896.5946037409767,\n                323.49661276352083\n            ],\n            [\n                885.1274212349953,\n                436.25724073900375\n            ],\n            [\n                887.0386183193255,\n                527.0391022446889\n            ],\n            [\n                939.5965381384065,\n                322.54101422135574\n            ],\n            [\n                951.0637206443879,\n                437.2128392811689\n            ],\n            [\n                954.8861148130483,\n                528.9502993290192\n            ],\n            [\n                888.4654375620632,\n                134.7593221154018\n            ],\n            [\n                908.5330069475305,\n                135.7149206575669\n            ],\n            [\n                858.3460440466853,\n                163.98564357099056\n            ],\n            [\n                890.6107257186004,\n                164.03087052910058\n            ]\n        ]\n    ]\n}", "image"]}, {"id": 37, "type": "CLIPSetLastLayer", "pos": [1310, 60], "size": {"0": 315, "1": 58}, "flags": {}, "order": 6, "mode": 0, "inputs": [{"name": "clip", "type": "CLIP", "link": 34, "slot_index": 0}], "outputs": [{"name": "CLIP", "type": "CLIP", "links": [32, 33], "slot_index": 0}], "properties": {"Node name for S&R": "CLIPSetLastLayer"}, "widgets_values": [-1]}, {"id": 38, "type": "CLIPSetLastLayer", "pos": [970, 60], "size": {"0": 315, "1": 58}, "flags": {}, "order": 7, "mode": 0, "inputs": [{"name": "clip", "type": "CLIP", "link": 37}], "outputs": [{"name": "CLIP", "type": "CLIP", "links": [35, 36], "slot_index": 0}], "properties": {"Node name for S&R": "CLIPSetLastLayer"}, "widgets_values": [-1]}, {"id": 15, "type": "CLIPTextEncode", "pos": [1660, 60], "size": {"0": 400, "1": 200}, "flags": {}, "order": 8, "mode": 0, "inputs": [{"name": "clip", "type": "CLIP", "link": 32}], "outputs": [{"name": "CONDITIONING", "type": "CONDITIONING", "links": [21], "slot_index": 0}], "properties": {"Node name for S&R": "CLIPTextEncode"}, "widgets_values": ["young adult girls, expensive religious robes, cute natural look, standing, late sunrise, beautiful landscape, bokeh, bright, bokeh city lights, bright magical lights on the ground, grass and flowers"], "color": "#232", "bgcolor": "#353"}, {"id": 35, "type": "CLIPTextEncode", "pos": [1650, 310], "size": {"0": 420, "1": 140}, "flags": {}, "order": 9, "mode": 0, "inputs": [{"name": "clip", "type": "CLIP", "link": 33}], "outputs": [{"name": "CONDITIONING", "type": "CONDITIONING", "links": [28], "slot_index": 0}], "properties": {"Node name for S&R": "CLIPTextEncode"}, "widgets_values": ["ugly, watermark, text, sexy, nude, hands, fingers"], "color": "#432", "bgcolor": "#653"}, {"id": 7, "type": "CLIPTextEncode", "pos": [180, 250], "size": {"0": 420, "1": 76}, "flags": {}, "order": 10, "mode": 0, "inputs": [{"name": "clip", "type": "CLIP", "link": 35}], "outputs": [{"name": "CONDITIONING", "type": "CONDITIONING", "links": [6], "slot_index": 0}], "properties": {"Node name for S&R": "CLIPTextEncode"}, "widgets_values": ["ugly, watermark, text, sexy, nude, hands, fingers"], "color": "#432", "bgcolor": "#653"}, {"id": 6, "type": "CLIPTextEncode", "pos": [180, 40], "size": {"0": 422.84503173828125, "1": 164.31304931640625}, "flags": {}, "order": 11, "mode": 0, "inputs": [{"name": "clip", "type": "CLIP", "link": 36}], "outputs": [{"name": "CONDITIONING", "type": "CONDITIONING", "links": [10], "slot_index": 0}], "properties": {"Node name for S&R": "CLIPTextEncode"}, "widgets_values": ["young adult girls, expensive religious robes, cute natural look, running, late sunrise, beautiful landscape, bokeh, bright, bokeh city lights, bright magical lights on the ground, grass and flowers"], "color": "#232", "bgcolor": "#353"}, {"id": 10, "type": "ControlNetApply", "pos": [640, 190], "size": {"0": 317.4000244140625, "1": 98}, "flags": {}, "order": 12, "mode": 0, "inputs": [{"name": "conditioning", "type": "CONDITIONING", "link": 10}, {"name": "control_net", "type": "CONTROL_NET", "link": 11}, {"name": "image", "type": "IMAGE", "link": 41}], "outputs": [{"name": "CONDITIONING", "type": "CONDITIONING", "links": [13], "slot_index": 0}], "properties": {"Node name for S&R": "ControlNetApply"}, "widgets_values": [1], "color": "#332922", "bgcolor": "#593930"}, {"id": 3, "type": "KSampler", "pos": [970, 170], "size": {"0": 315, "1": 262}, "flags": {}, "order": 13, "mode": 0, "inputs": [{"name": "model", "type": "MODEL", "link": 38}, {"name": "positive", "type": "CONDITIONING", "link": 13}, {"name": "negative", "type": "CONDITIONING", "link": 6}, {"name": "latent_image", "type": "LATENT", "link": 2}], "outputs": [{"name": "LATENT", "type": "LATENT", "links": [7, 16], "slot_index": 0}], "properties": {"Node name for S&R": "KSampler"}, "widgets_values": [1071823866653727, "increment", 10, 8, "euler", "normal", 1], "color": "#223", "bgcolor": "#335"}, {"id": 8, "type": "VAEDecode", "pos": [920, 700], "size": {"0": 210, "1": 46}, "flags": {}, "order": 14, "mode": 0, "inputs": [{"name": "samples", "type": "LATENT", "link": 7}, {"name": "vae", "type": "VAE", "link": 14}], "outputs": [{"name": "IMAGE", "type": "IMAGE", "links": [9], "slot_index": 0}], "properties": {"Node name for S&R": "VAEDecode"}}, {"id": 14, "type": "LatentUpscale", "pos": [1710, 510], "size": {"0": 315, "1": 130}, "flags": {}, "order": 15, "mode": 0, "inputs": [{"name": "samples", "type": "LATENT", "link": 16}], "outputs": [{"name": "LATENT", "type": "LATENT", "links": [17], "slot_index": 0}], "properties": {"Node name for S&R": "LatentUpscale"}, "widgets_values": ["nearest-exact", 1920, 1088, "disabled"]}, {"id": 9, "type": "SaveImage", "pos": [650, 840], "size": {"0": 870, "1": 590}, "flags": {}, "order": 16, "mode": 0, "inputs": [{"name": "images", "type": "IMAGE", "link": 9}], "properties": {}, "widgets_values": ["ComfyUI"]}, {"id": 16, "type": "KSampler", "pos": [2090, 70], "size": {"0": 320, "1": 390}, "flags": {}, "order": 17, "mode": 0, "inputs": [{"name": "model", "type": "MODEL", "link": 29}, {"name": "positive", "type": "CONDITIONING", "link": 21}, {"name": "negative", "type": "CONDITIONING", "link": 28}, {"name": "latent_image", "type": "LATENT", "link": 17}], "outputs": [{"name": "LATENT", "type": "LATENT", "links": [18], "slot_index": 0}], "properties": {"Node name for S&R": "KSampler"}, "widgets_values": [1058068236939553, "randomize", 10, 5, "euler_ancestral", "simple", 0.52], "color": "#223", "bgcolor": "#335"}, {"id": 17, "type": "VAEDecode", "pos": [1180, 690], "size": {"0": 210, "1": 46}, "flags": {}, "order": 18, "mode": 0, "inputs": [{"name": "samples", "type": "LATENT", "link": 18}, {"name": "vae", "type": "VAE", "link": 20}], "outputs": [{"name": "IMAGE", "type": "IMAGE", "links": [19], "slot_index": 0}], "properties": {"Node name for S&R": "VAEDecode"}}, {"id": 18, "type": "SaveImage", "pos": [1530, 710], "size": {"0": 1430, "1": 870}, "flags": {}, "order": 19, "mode": 0, "inputs": [{"name": "images", "type": "IMAGE", "link": 19}], "properties": {}, "widgets_values": ["ComfyUI"]}], "links": [[2, 5, 0, 3, 3, "LATENT"], [6, 7, 0, 3, 2, "CONDITIONING"], [7, 3, 0, 8, 0, "LATENT"], [9, 8, 0, 9, 0, "IMAGE"], [10, 6, 0, 10, 0, "CONDITIONING"], [11, 11, 0, 10, 1, "CONTROL_NET"], [13, 10, 0, 3, 1, "CONDITIONING"], [14, 13, 0, 8, 1, "VAE"], [16, 3, 0, 14, 0, "LATENT"], [17, 14, 0, 16, 3, "LATENT"], [18, 16, 0, 17, 0, "LATENT"], [19, 17, 0, 18, 0, "IMAGE"], [20, 13, 0, 17, 1, "VAE"], [21, 15, 0, 16, 1, "CONDITIONING"], [28, 35, 0, 16, 2, "CONDITIONING"], [29, 36, 0, 16, 0, "MODEL"], [32, 37, 0, 15, 0, "CLIP"], [33, 37, 0, 35, 0, "CLIP"], [34, 36, 1, 37, 0, "CLIP"], [35, 38, 0, 7, 0, "CLIP"], [36, 38, 0, 6, 0, "CLIP"], [37, 39, 1, 38, 0, "CLIP"], [38, 39, 0, 3, 0, "MODEL"], [41, 43, 0, 10, 2, "IMAGE"]], "groups": [], "config": {}, "extra": {}, "version": 0.4}