{"last_node_id": 32, "last_link_id": 44, "nodes": [{"id": 5, "type": "EmptyLatentImage", "pos": [1550, 930], "size": {"0": 315, "1": 106}, "flags": {}, "order": 0, "mode": 0, "outputs": [{"name": "LATENT", "type": "LATENT", "links": [2], "slot_index": 0}], "properties": {"Node name for S&R": "EmptyLatentImage"}, "widgets_values": [768, 768, 1]}, {"id": 31, "type": "CheckpointLoaderSimple", "pos": [270, 1040], "size": [520, 100], "flags": {}, "order": 1, "mode": 0, "outputs": [{"name": "MODEL", "type": "MODEL", "links": [41], "slot_index": 0}, {"name": "CLIP", "type": "CLIP", "links": [42, 43], "slot_index": 1}, {"name": "VAE", "type": "VAE", "links": null}], "properties": {"Node name for S&R": "CheckpointLoaderSimple"}, "widgets_values": ["dreamshaper_8.safetensors"], "color": "#432", "bgcolor": "#653"}, {"id": 15, "type": "VAELoader", "pos": [270, 930], "size": [520, 60], "flags": {}, "order": 2, "mode": 0, "outputs": [{"name": "VAE", "type": "VAE", "links": [28], "slot_index": 0}], "properties": {"Node name for S&R": "VAELoader"}, "widgets_values": ["vae-ft-mse-840000-ema-pruned.ckpt"], "color": "#432", "bgcolor": "#653"}, {"id": 27, "type": "ControlNetLoader", "pos": [290, 780], "size": [590, 60], "flags": {}, "order": 3, "mode": 0, "outputs": [{"name": "CONTROL_NET", "type": "CONTROL_NET", "links": [39], "slot_index": 0}], "properties": {"Node name for S&R": "ControlNetLoader"}, "widgets_values": ["CNV11\\FP16\\control_v11p_sd15_openpose_fp16.safetensors"], "color": "#432", "bgcolor": "#653"}, {"id": 26, "type": "ControlNetLoader", "pos": [1260, 750], "size": [650, 80], "flags": {}, "order": 4, "mode": 0, "outputs": [{"name": "CONTROL_NET", "type": "CONTROL_NET", "links": [38], "slot_index": 0}], "properties": {"Node name for S&R": "ControlNetLoader"}, "widgets_values": ["CNV11\\FP16\\control_v11p_sd15_scribble_fp16.safetensors"], "color": "#432", "bgcolor": "#653"}, {"id": 20, "type": "LoadImage", "pos": [1260, 240], "size": {"0": 278.09918212890625, "1": 361.8678283691406}, "flags": {}, "order": 5, "mode": 0, "outputs": [{"name": "IMAGE", "type": "IMAGE", "links": [34], "slot_index": 0}, {"name": "MASK", "type": "MASK", "links": null}], "properties": {"Node name for S&R": "LoadImage"}, "widgets_values": ["Scribble men (1).png", "image"], "color": "#332922", "bgcolor": "#593930"}, {"id": 32, "type": "Nui.OpenPoseEditor", "pos": [750, 390], "size": [210, 320], "flags": {}, "order": 6, "mode": 0, "outputs": [{"name": "IMAGE", "type": "IMAGE", "links": [44], "shape": 3, "slot_index": 0}], "properties": {"Node name for S&R": "Nui.OpenPoseEditor", "savedPose": "{\n    \"width\": 512,\n    \"height\": 512,\n    \"keypoints\": [\n        [\n            [\n                229.62808028973006,\n                292.1751298345951\n            ],\n            [\n                233.69586546904677,\n                311.1284583728359\n            ],\n            [\n                212.11458536506987,\n                314.8381012026899\n            ],\n            [\n                212.27378033958428,\n                344.77401558963203\n            ],\n            [\n                264.15784119636356,\n                359.19433027220634\n            ],\n            [\n                257.89363826275536,\n                305.0129481946239\n            ],\n            [\n                272.0770069055222,\n                331.47790012296196\n            ],\n            [\n                311.60776646505377,\n                341.08902891763137\n            ],\n            [\n                238.29695791047376,\n                365.9314250874965\n            ],\n            [\n                255.97894776352953,\n                418.49955196226915\n            ],\n            [\n                254.1682683377292,\n                460.7347562130159\n            ],\n            [\n                257.4552309691207,\n                361.3585763102308\n            ],\n            [\n                279.6721796989907,\n                408.0080656666642\n            ],\n            [\n                284.73422237489666,\n                455.09681232550406\n            ],\n            [\n                219.08963706662757,\n                280.5701009973044\n            ],\n            [\n                228.16891065515117,\n                279.08257502193123\n            ],\n            [\n                222.12041684853992,\n                290.55888601681784\n            ],\n            [\n                237.28407271452352,\n                288.2266010852909\n            ]\n        ]\n    ]\n}"}, "widgets_values": ["ComfyUI_OpenPose_32.png", "{\n    \"width\": 512,\n    \"height\": 512,\n    \"keypoints\": [\n        [\n            [\n                229.62808028973006,\n                292.1751298345951\n            ],\n            [\n                233.69586546904677,\n                311.1284583728359\n            ],\n            [\n                212.11458536506987,\n                314.8381012026899\n            ],\n            [\n                212.27378033958428,\n                344.77401558963203\n            ],\n            [\n                264.15784119636356,\n                359.19433027220634\n            ],\n            [\n                257.89363826275536,\n                305.0129481946239\n            ],\n            [\n                272.0770069055222,\n                331.47790012296196\n            ],\n            [\n                311.60776646505377,\n                341.08902891763137\n            ],\n            [\n                238.29695791047376,\n                365.9314250874965\n            ],\n            [\n                255.97894776352953,\n                418.49955196226915\n            ],\n            [\n                254.1682683377292,\n                460.7347562130159\n            ],\n            [\n                257.4552309691207,\n                361.3585763102308\n            ],\n            [\n                279.6721796989907,\n                408.0080656666642\n            ],\n            [\n                284.73422237489666,\n                455.09681232550406\n            ],\n            [\n                219.08963706662757,\n                280.5701009973044\n            ],\n            [\n                228.16891065515117,\n                279.08257502193123\n            ],\n            [\n                222.12041684853992,\n                290.55888601681784\n            ],\n            [\n                237.28407271452352,\n                288.2266010852909\n            ]\n        ]\n    ]\n}", "image"], "color": "#332922", "bgcolor": "#593930"}, {"id": 7, "type": "CLIPTextEncode", "pos": [780, 110], "size": {"0": 425.27801513671875, "1": 180.6060791015625}, "flags": {}, "order": 7, "mode": 0, "inputs": [{"name": "clip", "type": "CLIP", "link": 42}], "outputs": [{"name": "CONDITIONING", "type": "CONDITIONING", "links": [6], "slot_index": 0}], "properties": {"Node name for S&R": "CLIPTextEncode"}, "widgets_values": ["ugly, text, deformed, disgusting"], "color": "#2a363b", "bgcolor": "#3f5159"}, {"id": 24, "type": "CLIPTextEncode", "pos": [330, 120], "size": {"0": 422.84503173828125, "1": 164.31304931640625}, "flags": {}, "order": 8, "mode": 0, "inputs": [{"name": "clip", "type": "CLIP", "link": 43}], "outputs": [{"name": "CONDITIONING", "type": "CONDITIONING", "links": [37], "slot_index": 0}], "properties": {"Node name for S&R": "CLIPTextEncode"}, "widgets_values": ["beautiful human girls, under an afternoon sunlit sky, beautiful sky, flower garden"], "color": "#232", "bgcolor": "#353"}, {"id": 22, "type": "ControlNetApply", "pos": [350, 520], "size": {"0": 317.4000244140625, "1": 98}, "flags": {}, "order": 9, "mode": 0, "inputs": [{"name": "conditioning", "type": "CONDITIONING", "link": 37}, {"name": "control_net", "type": "CONTROL_NET", "link": 39}, {"name": "image", "type": "IMAGE", "link": 44, "slot_index": 2}], "outputs": [{"name": "CONDITIONING", "type": "CONDITIONING", "links": [35], "slot_index": 0}], "properties": {"Node name for S&R": "ControlNetApply"}, "widgets_values": [1], "color": "#332922", "bgcolor": "#593930"}, {"id": 23, "type": "ControlNetApply", "pos": [1590, 280], "size": {"0": 317.4000244140625, "1": 98}, "flags": {}, "order": 10, "mode": 0, "inputs": [{"name": "conditioning", "type": "CONDITIONING", "link": 35}, {"name": "control_net", "type": "CONTROL_NET", "link": 38}, {"name": "image", "type": "IMAGE", "link": 34}], "outputs": [{"name": "CONDITIONING", "type": "CONDITIONING", "links": [40], "slot_index": 0}], "properties": {"Node name for S&R": "ControlNetApply"}, "widgets_values": [1.0000012207031255], "color": "#332922", "bgcolor": "#593930"}, {"id": 3, "type": "KSampler", "pos": [1990, 150], "size": {"0": 315, "1": 262}, "flags": {}, "order": 11, "mode": 0, "inputs": [{"name": "model", "type": "MODEL", "link": 41}, {"name": "positive", "type": "CONDITIONING", "link": 40}, {"name": "negative", "type": "CONDITIONING", "link": 6}, {"name": "latent_image", "type": "LATENT", "link": 2}], "outputs": [{"name": "LATENT", "type": "LATENT", "links": [7], "slot_index": 0}], "properties": {"Node name for S&R": "KSampler"}, "widgets_values": [328430813057493, "randomize", 46, 10, "euler_ancestral", "normal", 1], "color": "#223", "bgcolor": "#335"}, {"id": 8, "type": "VAEDecode", "pos": [1640, 70], "size": {"0": 210, "1": 46}, "flags": {}, "order": 12, "mode": 0, "inputs": [{"name": "samples", "type": "LATENT", "link": 7}, {"name": "vae", "type": "VAE", "link": 28}], "outputs": [{"name": "IMAGE", "type": "IMAGE", "links": [9], "slot_index": 0}], "properties": {"Node name for S&R": "VAEDecode"}}, {"id": 9, "type": "SaveImage", "pos": [1970, 480], "size": {"0": 516.9498291015625, "1": 567.6700439453125}, "flags": {}, "order": 13, "mode": 0, "inputs": [{"name": "images", "type": "IMAGE", "link": 9}], "properties": {}, "widgets_values": ["ComfyUI"]}], "links": [[2, 5, 0, 3, 3, "LATENT"], [6, 7, 0, 3, 2, "CONDITIONING"], [7, 3, 0, 8, 0, "LATENT"], [9, 8, 0, 9, 0, "IMAGE"], [28, 15, 0, 8, 1, "VAE"], [34, 20, 0, 23, 2, "IMAGE"], [35, 22, 0, 23, 0, "CONDITIONING"], [37, 24, 0, 22, 0, "CONDITIONING"], [38, 26, 0, 23, 1, "CONTROL_NET"], [39, 27, 0, 22, 1, "CONTROL_NET"], [40, 23, 0, 3, 1, "CONDITIONING"], [41, 31, 0, 3, 0, "MODEL"], [42, 31, 1, 7, 0, "CLIP"], [43, 31, 1, 24, 0, "CLIP"], [44, 32, 0, 22, 2, "IMAGE"]], "groups": [{"title": "Apply Pose ControlNet", "bounding": [257, 339, 776, 537], "color": "#3f789e", "locked": false}, {"title": "Apply Scribble ControlNet", "bounding": [1234, 142, 684, 743], "color": "#3f789e", "locked": false}], "config": {}, "extra": {}, "version": 0.4}