{"last_node_id": 41, "last_link_id": 72, "nodes": [{"id": 5, "type": "EmptyLatentImage", "pos": [670, 80], "size": {"0": 315, "1": 106}, "flags": {}, "order": 0, "mode": 0, "outputs": [{"name": "LATENT", "type": "LATENT", "links": [2], "slot_index": 0}], "properties": {"Node name for S&R": "EmptyLatentImage"}, "widgets_values": [512, 512, 1]}, {"id": 33, "type": "CheckpointLoaderSimple", "pos": [100, 900], "size": {"0": 570, "1": 110}, "flags": {}, "order": 1, "mode": 0, "outputs": [{"name": "MODEL", "type": "MODEL", "links": [46], "slot_index": 0}, {"name": "CLIP", "type": "CLIP", "links": [47, 48], "slot_index": 1}, {"name": "VAE", "type": "VAE", "links": [49], "slot_index": 2}], "properties": {"Node name for S&R": "CheckpointLoaderSimple"}, "widgets_values": ["dreamshaper_7.safetensors"], "color": "#432", "bgcolor": "#653"}, {"id": 34, "type": "VAELoader", "pos": [120, 780], "size": {"0": 550, "1": 60}, "flags": {}, "order": 2, "mode": 0, "outputs": [{"name": "VAE", "type": "VAE", "links": null, "shape": 3}], "properties": {"Node name for S&R": "VAELoader"}, "widgets_values": ["vae-ft-mse-840000-ema-pruned.vae.pt"], "color": "#432", "bgcolor": "#653"}, {"id": 39, "type": "ControlNetLoader", "pos": [90, 670], "size": [590, 60], "flags": {}, "order": 3, "mode": 0, "outputs": [{"name": "CONTROL_NET", "type": "CONTROL_NET", "links": [], "shape": 3, "slot_index": 0}], "properties": {"Node name for S&R": "ControlNetLoader"}, "widgets_values": ["CNV11\\control_v11f1p_sd15_depth.pth"], "color": "#432", "bgcolor": "#653"}, {"id": 7, "type": "CLIPTextEncode", "pos": [170, 340], "size": {"0": 425.27801513671875, "1": 180.6060791015625}, "flags": {}, "order": 4, "mode": 0, "inputs": [{"name": "clip", "type": "CLIP", "link": 47}], "outputs": [{"name": "CONDITIONING", "type": "CONDITIONING", "links": [6], "slot_index": 0}], "properties": {"Node name for S&R": "CLIPTextEncode"}, "widgets_values": ["text, disgusting, ugly, watermark, dark"], "color": "#2a363b", "bgcolor": "#3f5159"}, {"id": 24, "type": "CLIPTextEncode", "pos": [170, 130], "size": {"0": 422.84503173828125, "1": 164.31304931640625}, "flags": {}, "order": 5, "mode": 0, "inputs": [{"name": "clip", "type": "CLIP", "link": 48}], "outputs": [{"name": "CONDITIONING", "type": "CONDITIONING", "links": [72], "slot_index": 0}], "properties": {"Node name for S&R": "CLIPTextEncode"}, "widgets_values": ["enormous statue seen from above, forming an alien housing structure, ocean, photographic, sailing ships\n\n\n\n\n"], "color": "#232", "bgcolor": "#353"}, {"id": 3, "type": "KSampler", "pos": [1600, 240], "size": {"0": 315, "1": 262}, "flags": {}, "order": 6, "mode": 0, "inputs": [{"name": "model", "type": "MODEL", "link": 46}, {"name": "positive", "type": "CONDITIONING", "link": 72}, {"name": "negative", "type": "CONDITIONING", "link": 6}, {"name": "latent_image", "type": "LATENT", "link": 2}], "outputs": [{"name": "LATENT", "type": "LATENT", "links": [7], "slot_index": 0}], "properties": {"Node name for S&R": "KSampler"}, "widgets_values": [11244158260756, "randomize", 20, 8, "heun", "exponential", 1], "color": "#223", "bgcolor": "#335"}, {"id": 8, "type": "VAEDecode", "pos": [1940, 440], "size": {"0": 210, "1": 46}, "flags": {}, "order": 7, "mode": 0, "inputs": [{"name": "samples", "type": "LATENT", "link": 7}, {"name": "vae", "type": "VAE", "link": 49}], "outputs": [{"name": "IMAGE", "type": "IMAGE", "links": [9], "slot_index": 0}], "properties": {"Node name for S&R": "VAEDecode"}}, {"id": 9, "type": "SaveImage", "pos": [1600, 550], "size": [550, 590], "flags": {}, "order": 8, "mode": 0, "inputs": [{"name": "images", "type": "IMAGE", "link": 9}], "properties": {}, "widgets_values": ["ComfyUI"], "color": "#222", "bgcolor": "#000"}], "links": [[2, 5, 0, 3, 3, "LATENT"], [6, 7, 0, 3, 2, "CONDITIONING"], [7, 3, 0, 8, 0, "LATENT"], [9, 8, 0, 9, 0, "IMAGE"], [46, 33, 0, 3, 0, "MODEL"], [47, 33, 1, 7, 0, "CLIP"], [48, 33, 1, 24, 0, "CLIP"], [49, 33, 2, 8, 1, "VAE"], [72, 24, 0, 3, 1, "CONDITIONING"]], "groups": [{"title": "Apply Depth ControlNet", "bounding": [699, 209, 869, 706], "color": "#a1309b", "locked": false}], "config": {}, "extra": {}, "version": 0.4}