Man and woman embrace, making love while standing, Their bodies press together as he thrusts into her
Man and woman lie face to face, legs entwined, Shallow and sensual
Man and woman lie facing each other, close, legs entwined, He thrusts slowly while looking in her eyes, Closeness allows deep connection
Man and woman lie side by side, facing same direction, He enters her from behind, shallow strokes, Soft and intimate
Man and woman sit facing each other, legs crossed, They move in sync, gentle touch
Man and woman sit facing each other, legs intertwined, Slow and tender
Man and woman sit facing, intertwining their limbs, Their breaths mingle as they make love
Man and woman sit facing, moving in a slow dance of desire, Their eyes locked as they connect
Man and woman sit, facing each other, They move together, slow and sensual
Man and woman sitting close, moving in harmony, Their lips meet as they share passion
Man and woman stand, facing each other, he lifts her, He has control, she wraps legs around
Man and woman stand, facing each other, he lifts her, She wraps legs around
Man and woman stand, facing each other, They move in sync, hand on cheek
Man and woman stand, facing each other, They move in sync, hand on shoulder
Man and woman stand, she wraps legs around him, He lifts and lowers, Balance and strength
Man and woman stand, she wraps legs around him, He lifts, lowers at his pace, Strength and endurance
Man and woman stand, their bodies entwined, They move together in a passionate frenzy
Man kneeling, woman straddling, facing him, He grips her buttocks, matching her rhythm
Man kneeling, woman straddling, facing him, He grips her thighs, urging her on
Man kneeling, woman straddling, facing him, He grips her waist, her moans fill the air
Man kneeling, woman straddling, facing him, He massages her back as she rides him
Man kneels, woman sits on lap, facing him, He controls depth, she grinds
Man kneels, woman sits on lap, facing him, He grips her hips, she rocks
Man kneels, woman straddles, facing away, She rides fast, he grips buttocks
Man kneels, woman straddles, facing him, He grips her buttocks, she bounces
Man kneels, woman straddles, facing him, He grips her thighs, she bounces
Man kneels, woman straddles, facing him, He grips her waist, she moves hips
Man kneels, woman wraps legs around him, He holds her waist, thrusting deeply, Intimacy and eye contact
Man lies, woman kneels, facing him, He grips her waist, she rocks
Man lies, woman on all fours, He enters from behind, dominant
Man lies, woman on all fours, he enters from behind, Dominant and primal
Man lies, woman on top, facing away, She sets rhythm, he grips breasts
Man lies, woman on top, facing him, He guides her movements, Eye contact
Man lies, woman sits on lap, facing away, He enters, she leans forward
Man lies, woman sits on lap, facing away, He holds her hips, she grinds
Man lies, woman sits on lap, facing away, He holds her hips, she leans forward
Man lies, woman sits on lap, facing him, He grips her waist, she rocks
Man lies, woman stands, facing away, He grips ankles, she bends forward
Man lies, woman straddles, facing away, He grips her buttocks, she sets pace
Man lies, woman straddles, facing away, He grips her waist, she sets rhythm
Man lies, woman straddles, facing away, She sets pace, he watches her reactions
Man lying, woman kneeling, facing him, He holds her hips, feeling her muscles clench
Man lying, woman on all fours, behind her, He penetrates her deeply, relentlessly
Man lying, woman on all fours, entering from behind, He gazes at her curves
Man lying, woman on all fours, taking him deep, He dominates their encounter
Man lying, woman on top, facing away, He reaches under her, touching her intimately
Man lying, woman straddling, facing away, He reaches for her breasts, guiding her motion
Man lying, woman straddling, facing away, He strokes her clit, bringing her closer to climax
Man on back, woman straddling him, facing away, His grip on her waist guides their connection
Man reclining, woman on top, facing him, He admires her beauty while she moves
Man sits, woman faces side, straddles, He supports her with arms, she bounces
Man sits, woman leans on elbow, facing him, He controls angle, she moves hips
Man sits, woman on knees, facing him, He holds her hips, she rocks
Man sits, woman on lap, facing away, He holds her hips, she leans forward
Man sits, woman on lap, facing him, He holds her hips, she grinds
Man sits, woman straddles him backwards, She controls pace, he enjoys view
Man sits, woman straddles, facing away, He grips her waist, she sets pace
Man sits, woman straddles, facing away, He grips thighs, she sets pace
Man sits, woman straddles, facing away, She sets pace, he caresses breasts
Man sits, woman straddles, facing him, He grips thighs, she moves hips
Man sits, woman straddles, facing him, He grips thighs, she sets pace
Man sits, woman straddles, facing side, He holds her waist, she leans back
Man sitting, woman on lap, facing away, He holds her hips, her sounds fill the room
Man sitting, woman on lap, facing away, He holds her hips, pulling her closer
Man sitting, woman on lap, facing away, His hands caress her as she leans forward
Man sitting, woman on lap, facing him, He grips her hips, encouraging her movement
Man sitting, woman straddling, facing him, He grips her thighs, feeling her heat
Man sitting, woman straddling, facing him, He kisses her passionately, their tongues intertwine
Man sitting, woman straddling, facing him, His hands explore her body as she rides him
Man stands, woman hangs from pull-up bar, he enters from behind, Thrill and danger
Woman crouches, man stands, facing away, He lifts and lowers, Her choice of depth
Woman crouches, man stands, facing her, He holds her hips, she bends forward
Woman crouches, man stands, He grips her hips, she bounces
Woman crouching, man standing, facing her, He grips her hips, lifting and lowering her
Woman crouching, man standing, facing her, He holds her hips, watching her expressions
Woman kneeling, man standing behind, She looks back at him as he takes control
Woman kneeling, man standing, behind her, He whispers sweet nothings in her ear
Woman kneeling, man standing, behind her, His hands explore her body as she enjoys the sensation
Woman kneeling, man standing, entering from behind, He grips her hips, pulling her close
Woman kneeling, man standing, facing her, He grips her hips, their eyes lock
Woman kneeling, man standing, facing her, He pulls her hair slightly, increasing intensity
Woman kneels, man sits, She controls depth, he massages her back
Woman kneels, man stands behind, He holds her hips, she grabs his arms, Lean, sweaty bodies
Woman kneels, man stands, entering from behind, He holds her hair, she moans
Woman kneels, man stands, enters from behind, He has control, she reaches back
Woman kneels, man stands, enters from behind, He holds her shoulders, she leans forward
Woman kneels, man stands, facing her, He holds her hips, she grabs chest
Woman kneels, man stands, facing her, He holds her hips, she touches chest
Woman kneels, man stands, facing her, He holds her hips, she touches her breasts
Woman kneels, man stands, facing her, He holds her hips, she touches her feet
Woman kneels, man stands, facing her, He holds her hips, she touches her toes
Woman leaning against surface, man behind, filling her, His hands support her as she moans in pleasure
Woman leans against surface, man kneels behind, He enters, she braces on hands
Woman leans against wall, man stands behind, He enters, holding her hips, Balance and support for her, dominance for him
Woman lies on back, man kneels between legs, He supports her with hands, Sensitivity and intimacy
Woman lies on edge of bed, legs lifted, Man stands, entering from above, Depth and pleasure for her, standing power for him
Woman lies, man kneels at side, He enters from above, she spreads legs wide
Woman lies, man kneels beside, entering from side, He supports her head, she closes eyes
Woman lies, man kneels beside, entering from side, He supports her, she relaxes
Woman lies, man kneels between legs, He controls depth and speed
Woman lies, man kneels, entering from side, He supports her head, she arches back
Woman lies, man kneels, entering from side, He supports her head, she closes eyes
Woman lies, man kneels, entering from side, He supports her head, she spreads legs
Woman lies, man kneels, entering from side, He supports her, she arches back
Woman lies, man kneels, entering from side, He supports her, she closes eyes
Woman lies, man kneels, enters from side, He supports weight, she arches back
Woman lying, man kneeling, entering from the side, He cradles her head gently
Woman lying, man kneeling, entering from the side, He cradles her head, whispering encouragement
Woman lying, man kneeling, entering from the side, He supports her comfortably
Woman lying, man kneeling, entering from the side, He supports her head, their gazes meet
Woman lying, man kneeling, entering from the side, He supports her weight, watching her expression
Woman on hands and knees, man stands behind, He holds her hips, deep penetration, Powerful and animalistic
Woman on mans lap, facing away, taking him in, He watches her reactions to every stroke
Woman on top, riding mans hardness, Her movements control the intensity as his hands roam her body
Woman sits, man kneeling, enjoying her every sound, He explores her body with his mouth
Woman sits, man kneels before her, She controls depth, he licks and kisses
Woman sits, man kneels behind, He grips her hips, she braces on hands
Woman sits, man kneels behind, He grips her hips, she leans back
Woman sits, man kneels behind, He grips her hips, she rests hands on floor
Woman sits, man kneels, facing away, He holds her hips, she grinds
Woman sits, man kneels, facing her, He enters, she braces on arms
Woman sits, man kneels, facing her, He enters, she rests hands on knees
Woman sits, man kneels, facing her, He enters, she rests hands on thighs
Woman sits, man kneels, facing her, He holds her waist, she grinds
Woman sitting, man kneeling before her, She rides his length with controlled ease
Woman sitting, man kneeling behind, He plays with her nipples, heightening her pleasure
Woman sitting, man kneeling behind, Her hands brace on the floor as he drives deeper
Woman sitting, man kneeling, facing away, He kisses her neck, matching her pace
Woman sitting, man kneeling, facing her, He enters her slowly, savoring the moment
Woman sitting, man kneeling, facing her, He enters her softly, savoring the moment
Woman sitting, man kneeling, facing her, He kisses her neck as she rocks on his member
Woman sitting, man kneeling, facing her, He massages her back, soothing her muscles
Woman stands, man kneels, entering from behind, He holds her waist, she looks back
