{
  "last_node_id": 168,
  "last_link_id": 308,
  "nodes": [
    {
      "id": 8,
      "type": "VAEDecode",
      "pos": [
        1920,
        280
      ],
      "size": {
        "0": 210,
        "1": 46
      },
      "flags": {},
      "order": 25,
      "mode": 0,
      "inputs": [
        {
          "name": "samples",
          "type": "LATENT",
          "link": 7
        },
        {
          "name": "vae",
          "type": "VAE",
          "link": 8
        }
      ],
      "outputs": [
        {
          "name": "IMAGE",
          "type": "IMAGE",
          "links": [
            9
          ],
          "slot_index": 0
        }
      ],
      "properties": {
        "Node name for S&R": "VAEDecode"
      }
    },
    {
      "id": 7,
      "type": "CLIPTextEncode",
      "pos": [
        417,
        389
      ],
      "size": {
        "0": 425.27801513671875,
        "1": 180.6060791015625
      },
      "flags": {},
      "order": 12,
      "mode": 0,
      "inputs": [
        {
          "name": "clip",
          "type": "CLIP",
          "link": 24
        }
      ],
      "outputs": [
        {
          "name": "CONDITIONING",
          "type": "CONDITIONING",
          "links": [
            6
          ],
          "slot_index": 0
        }
      ],
      "properties": {
        "Node name for S&R": "CLIPTextEncode"
      },
      "widgets_values": [
        "text, watermark"
      ],
      "color": "#322",
      "bgcolor": "#533"
    },
    {
      "id": 5,
      "type": "EmptyLatentImage",
      "pos": [
        517,
        633
      ],
      "size": {
        "0": 315,
        "1": 106
      },
      "flags": {},
      "order": 0,
      "mode": 0,
      "outputs": [
        {
          "name": "LATENT",
          "type": "LATENT",
          "links": [
            2
          ],
          "slot_index": 0
        }
      ],
      "properties": {
        "Node name for S&R": "EmptyLatentImage"
      },
      "widgets_values": [
        1024,
        1024,
        1
      ],
      "color": "#323",
      "bgcolor": "#535"
    },
    {
      "id": 9,
      "type": "SaveImage",
      "pos": [
        1920,
        400
      ],
      "size": [
        290.03277587890625,
        270
      ],
      "flags": {},
      "order": 28,
      "mode": 0,
      "inputs": [
        {
          "name": "images",
          "type": "IMAGE",
          "link": 9
        }
      ],
      "properties": {},
      "widgets_values": [
        "ComfyUI"
      ]
    },
    {
      "id": 10,
      "type": "ConditioningSetArea",
      "pos": [
        906,
        113
      ],
      "size": {
        "0": 317.4000244140625,
        "1": 154
      },
      "flags": {},
      "order": 18,
      "mode": 0,
      "inputs": [
        {
          "name": "conditioning",
          "type": "CONDITIONING",
          "link": 10
        }
      ],
      "outputs": [
        {
          "name": "CONDITIONING",
          "type": "CONDITIONING",
          "links": [
            16
          ],
          "shape": 3,
          "slot_index": 0
        }
      ],
      "properties": {
        "Node name for S&R": "ConditioningSetArea"
      },
      "widgets_values": [
        1024,
        1024,
        0,
        0,
        1
      ],
      "color": "#232",
      "bgcolor": "#353"
    },
    {
      "id": 15,
      "type": "ConditioningCombine",
      "pos": [
        1320,
        -81
      ],
      "size": [
        228.39999389648438,
        46
      ],
      "flags": {},
      "order": 20,
      "mode": 0,
      "inputs": [
        {
          "name": "conditioning_1",
          "type": "CONDITIONING",
          "link": 15
        },
        {
          "name": "conditioning_2",
          "type": "CONDITIONING",
          "link": 16
        }
      ],
      "outputs": [
        {
          "name": "CONDITIONING",
          "type": "CONDITIONING",
          "links": [
            18
          ],
          "shape": 3,
          "slot_index": 0
        }
      ],
      "properties": {
        "Node name for S&R": "ConditioningCombine"
      },
      "color": "#232",
      "bgcolor": "#353"
    },
    {
      "id": 4,
      "type": "CheckpointLoaderSimple",
      "pos": [
        -318,
        260
      ],
      "size": {
        "0": 315,
        "1": 98
      },
      "flags": {},
      "order": 1,
      "mode": 0,
      "outputs": [
        {
          "name": "MODEL",
          "type": "MODEL",
          "links": [
            19
          ],
          "slot_index": 0
        },
        {
          "name": "CLIP",
          "type": "CLIP",
          "links": [
            21
          ],
          "slot_index": 1
        },
        {
          "name": "VAE",
          "type": "VAE",
          "links": [
            8
          ],
          "slot_index": 2
        }
      ],
      "properties": {
        "Node name for S&R": "CheckpointLoaderSimple"
      },
      "widgets_values": [
        "SD15\\lyriel_v15.safetensors"
      ],
      "color": "#223",
      "bgcolor": "#335"
    },
    {
      "id": 16,
      "type": "LoraLoader",
      "pos": [
        36,
        44
      ],
      "size": {
        "0": 315,
        "1": 126
      },
      "flags": {},
      "order": 5,
      "mode": 0,
      "inputs": [
        {
          "name": "model",
          "type": "MODEL",
          "link": 19
        },
        {
          "name": "clip",
          "type": "CLIP",
          "link": 21
        }
      ],
      "outputs": [
        {
          "name": "MODEL",
          "type": "MODEL",
          "links": [
            20
          ],
          "shape": 3,
          "slot_index": 0
        },
        {
          "name": "CLIP",
          "type": "CLIP",
          "links": [
            22,
            23,
            24
          ],
          "shape": 3,
          "slot_index": 1
        }
      ],
      "properties": {
        "Node name for S&R": "LoraLoader"
      },
      "widgets_values": [
        "SD15\\COOLKIDS_MERGE_V2.5.safetensors",
        1,
        1
      ]
    },
    {
      "id": 3,
      "type": "KSampler",
      "pos": [
        1570,
        280
      ],
      "size": {
        "0": 315,
        "1": 262
      },
      "flags": {},
      "order": 22,
      "mode": 0,
      "inputs": [
        {
          "name": "model",
          "type": "MODEL",
          "link": 20
        },
        {
          "name": "positive",
          "type": "CONDITIONING",
          "link": 18
        },
        {
          "name": "negative",
          "type": "CONDITIONING",
          "link": 6
        },
        {
          "name": "latent_image",
          "type": "LATENT",
          "link": 2
        }
      ],
      "outputs": [
        {
          "name": "LATENT",
          "type": "LATENT",
          "links": [
            7
          ],
          "slot_index": 0
        }
      ],
      "properties": {
        "Node name for S&R": "KSampler"
      },
      "widgets_values": [
        523913796570696,
        "fixed",
        20,
        8,
        "euler",
        "normal",
        1
      ]
    },
    {
      "id": 13,
      "type": "ConditioningSetArea",
      "pos": [
        916,
        -128
      ],
      "size": {
        "0": 317.4000244140625,
        "1": 154
      },
      "flags": {},
      "order": 17,
      "mode": 0,
      "inputs": [
        {
          "name": "conditioning",
          "type": "CONDITIONING",
          "link": 12
        }
      ],
      "outputs": [
        {
          "name": "CONDITIONING",
          "type": "CONDITIONING",
          "links": [
            15
          ],
          "shape": 3,
          "slot_index": 0
        }
      ],
      "properties": {
        "Node name for S&R": "ConditioningSetArea"
      },
      "widgets_values": [
        1024,
        320,
        0,
        0,
        1
      ],
      "color": "#232",
      "bgcolor": "#353"
    },
    {
      "id": 12,
      "type": "CLIPTextEncode",
      "pos": [
        420,
        -130
      ],
      "size": {
        "0": 422.84503173828125,
        "1": 164.31304931640625
      },
      "flags": {},
      "order": 10,
      "mode": 0,
      "inputs": [
        {
          "name": "clip",
          "type": "CLIP",
          "link": 22
        }
      ],
      "outputs": [
        {
          "name": "CONDITIONING",
          "type": "CONDITIONING",
          "links": [
            12
          ],
          "slot_index": 0
        }
      ],
      "properties": {
        "Node name for S&R": "CLIPTextEncode"
      },
      "widgets_values": [
        "blue sky"
      ],
      "color": "#232",
      "bgcolor": "#353"
    },
    {
      "id": 95,
      "type": "EmptyLatentImage",
      "pos": [
        390,
        1910
      ],
      "size": {
        "0": 315,
        "1": 106
      },
      "flags": {},
      "order": 2,
      "mode": 0,
      "outputs": [
        {
          "name": "LATENT",
          "type": "LATENT",
          "links": [
            162
          ],
          "slot_index": 0
        }
      ],
      "properties": {
        "Node name for S&R": "EmptyLatentImage"
      },
      "widgets_values": [
        768,
        512,
        1
      ],
      "color": "#323",
      "bgcolor": "#535"
    },
    {
      "id": 117,
      "type": "GLIGENLoader",
      "pos": [
        -42,
        1348
      ],
      "size": {
        "0": 315,
        "1": 58
      },
      "flags": {},
      "order": 3,
      "mode": 0,
      "outputs": [
        {
          "name": "GLIGEN",
          "type": "GLIGEN",
          "links": [
            194,
            195
          ],
          "shape": 3,
          "slot_index": 0
        }
      ],
      "properties": {
        "Node name for S&R": "GLIGENLoader"
      },
      "widgets_values": [
        "gligen_sd14_textbox_pruned_fp16.safetensors"
      ],
      "color": "#232",
      "bgcolor": "#353"
    },
    {
      "id": 120,
      "type": "GLIGENTextBoxApply",
      "pos": [
        836,
        1091
      ],
      "size": {
        "0": 418.1999816894531,
        "1": 212
      },
      "flags": {},
      "order": 19,
      "mode": 0,
      "inputs": [
        {
          "name": "conditioning_to",
          "type": "CONDITIONING",
          "link": 200
        },
        {
          "name": "clip",
          "type": "CLIP",
          "link": 198
        },
        {
          "name": "gligen_textbox_model",
          "type": "GLIGEN",
          "link": 195
        }
      ],
      "outputs": [
        {
          "name": "CONDITIONING",
          "type": "CONDITIONING",
          "links": [
            206
          ],
          "shape": 3,
          "slot_index": 0
        }
      ],
      "properties": {
        "Node name for S&R": "GLIGENTextBoxApply"
      },
      "widgets_values": [
        "sport car",
        568,
        360,
        200,
        152
      ],
      "color": "#232",
      "bgcolor": "#353"
    },
    {
      "id": 127,
      "type": "VAEDecode",
      "pos": [
        2340,
        1630
      ],
      "size": {
        "0": 210,
        "1": 46
      },
      "flags": {},
      "order": 29,
      "mode": 0,
      "inputs": [
        {
          "name": "samples",
          "type": "LATENT",
          "link": 219
        },
        {
          "name": "vae",
          "type": "VAE",
          "link": 295
        }
      ],
      "outputs": [
        {
          "name": "IMAGE",
          "type": "IMAGE",
          "links": [
            221
          ],
          "shape": 3,
          "slot_index": 0
        }
      ],
      "properties": {
        "Node name for S&R": "VAEDecode"
      }
    },
    {
      "id": 123,
      "type": "FreeU_V2",
      "pos": [
        299,
        1463
      ],
      "size": {
        "0": 315,
        "1": 130
      },
      "flags": {},
      "order": 6,
      "mode": 0,
      "inputs": [
        {
          "name": "model",
          "type": "MODEL",
          "link": 213
        }
      ],
      "outputs": [
        {
          "name": "MODEL",
          "type": "MODEL",
          "links": [
            214,
            225
          ],
          "shape": 3,
          "slot_index": 0
        }
      ],
      "properties": {
        "Node name for S&R": "FreeU_V2"
      },
      "widgets_values": [
        1.5,
        1.6,
        0.9,
        0.2
      ],
      "color": "#223",
      "bgcolor": "#335"
    },
    {
      "id": 119,
      "type": "GLIGENTextBoxApply",
      "pos": [
        355,
        1098
      ],
      "size": {
        "0": 418.1999816894531,
        "1": 211.9999542236328
      },
      "flags": {},
      "order": 14,
      "mode": 0,
      "inputs": [
        {
          "name": "conditioning_to",
          "type": "CONDITIONING",
          "link": 199
        },
        {
          "name": "clip",
          "type": "CLIP",
          "link": 197
        },
        {
          "name": "gligen_textbox_model",
          "type": "GLIGEN",
          "link": 194
        }
      ],
      "outputs": [
        {
          "name": "CONDITIONING",
          "type": "CONDITIONING",
          "links": [
            200
          ],
          "shape": 3,
          "slot_index": 0
        }
      ],
      "properties": {
        "Node name for S&R": "GLIGENTextBoxApply"
      },
      "widgets_values": [
        "woman ",
        248,
        448,
        64,
        64
      ],
      "color": "#232",
      "bgcolor": "#353"
    },
    {
      "id": 93,
      "type": "KSampler",
      "pos": [
        905,
        1589
      ],
      "size": {
        "0": 315,
        "1": 262
      },
      "flags": {},
      "order": 21,
      "mode": 0,
      "inputs": [
        {
          "name": "model",
          "type": "MODEL",
          "link": 214
        },
        {
          "name": "positive",
          "type": "CONDITIONING",
          "link": 206
        },
        {
          "name": "negative",
          "type": "CONDITIONING",
          "link": 161
        },
        {
          "name": "latent_image",
          "type": "LATENT",
          "link": 162
        }
      ],
      "outputs": [
        {
          "name": "LATENT",
          "type": "LATENT",
          "links": [
            165,
            238
          ],
          "slot_index": 0
        }
      ],
      "properties": {
        "Node name for S&R": "KSampler"
      },
      "widgets_values": [
        283038583167022,
        "fixed",
        20,
        8,
        "euler",
        "normal",
        1
      ]
    },
    {
      "id": 99,
      "type": "SaveImage",
      "pos": [
        1245,
        1865
      ],
      "size": {
        "0": 290.03277587890625,
        "1": 270
      },
      "flags": {},
      "order": 26,
      "mode": 0,
      "inputs": [
        {
          "name": "images",
          "type": "IMAGE",
          "link": 167
        }
      ],
      "properties": {},
      "widgets_values": [
        "ComfyUI"
      ]
    },
    {
      "id": 132,
      "type": "Reroute",
      "pos": [
        1456,
        1468
      ],
      "size": [
        75,
        26
      ],
      "flags": {},
      "order": 9,
      "mode": 0,
      "inputs": [
        {
          "name": "",
          "type": "*",
          "link": 224
        }
      ],
      "outputs": [
        {
          "name": "VAE",
          "type": "VAE",
          "links": [
            295
          ],
          "slot_index": 0
        }
      ],
      "properties": {
        "showOutputText": true,
        "horizontal": false
      }
    },
    {
      "id": 129,
      "type": "SaveImage",
      "pos": [
        2345,
        1760
      ],
      "size": [
        375.11252148437416,
        407.7303437499995
      ],
      "flags": {},
      "order": 30,
      "mode": 0,
      "inputs": [
        {
          "name": "images",
          "type": "IMAGE",
          "link": 221
        }
      ],
      "properties": {},
      "widgets_values": [
        "ComfyUI"
      ]
    },
    {
      "id": 97,
      "type": "CLIPTextEncode",
      "pos": [
        294,
        1663
      ],
      "size": {
        "0": 425.27801513671875,
        "1": 180.6060791015625
      },
      "flags": {},
      "order": 8,
      "mode": 0,
      "inputs": [
        {
          "name": "clip",
          "type": "CLIP",
          "link": 203
        }
      ],
      "outputs": [
        {
          "name": "CONDITIONING",
          "type": "CONDITIONING",
          "links": [
            161,
            223
          ],
          "slot_index": 0
        }
      ],
      "properties": {
        "Node name for S&R": "CLIPTextEncode"
      },
      "widgets_values": [
        "low quality, blury, low detiled"
      ],
      "color": "#322",
      "bgcolor": "#533"
    },
    {
      "id": 94,
      "type": "CheckpointLoaderSimple",
      "pos": [
        -114,
        1564
      ],
      "size": {
        "0": 315,
        "1": 98
      },
      "flags": {},
      "order": 4,
      "mode": 0,
      "outputs": [
        {
          "name": "MODEL",
          "type": "MODEL",
          "links": [
            213
          ],
          "slot_index": 0
        },
        {
          "name": "CLIP",
          "type": "CLIP",
          "links": [
            196,
            197,
            198,
            203
          ],
          "slot_index": 1
        },
        {
          "name": "VAE",
          "type": "VAE",
          "links": [
            166,
            224
          ],
          "slot_index": 2
        }
      ],
      "properties": {
        "Node name for S&R": "CheckpointLoaderSimple"
      },
      "widgets_values": [
        "SD15\\lyriel_v15.safetensors"
      ],
      "color": "#223",
      "bgcolor": "#335"
    },
    {
      "id": 133,
      "type": "Reroute",
      "pos": [
        1449,
        1328
      ],
      "size": [
        82,
        26
      ],
      "flags": {},
      "order": 13,
      "mode": 0,
      "inputs": [
        {
          "name": "",
          "type": "*",
          "link": 225
        }
      ],
      "outputs": [
        {
          "name": "MODEL",
          "type": "MODEL",
          "links": [
            298
          ],
          "slot_index": 0
        }
      ],
      "properties": {
        "showOutputText": true,
        "horizontal": false
      }
    },
    {
      "id": 130,
      "type": "Reroute",
      "pos": [
        1395,
        1378
      ],
      "size": [
        140.8,
        26
      ],
      "flags": {},
      "order": 15,
      "mode": 0,
      "inputs": [
        {
          "name": "",
          "type": "*",
          "link": 222
        }
      ],
      "outputs": [
        {
          "name": "CONDITIONING",
          "type": "CONDITIONING",
          "links": [
            293
          ],
          "slot_index": 0
        }
      ],
      "properties": {
        "showOutputText": true,
        "horizontal": false
      },
      "color": "#232",
      "bgcolor": "#353"
    },
    {
      "id": 131,
      "type": "Reroute",
      "pos": [
        1395,
        1429
      ],
      "size": [
        140.8,
        26
      ],
      "flags": {},
      "order": 16,
      "mode": 0,
      "inputs": [
        {
          "name": "",
          "type": "*",
          "link": 223
        }
      ],
      "outputs": [
        {
          "name": "CONDITIONING",
          "type": "CONDITIONING",
          "links": [
            301
          ],
          "slot_index": 0
        }
      ],
      "properties": {
        "showOutputText": true,
        "horizontal": false
      },
      "color": "#322",
      "bgcolor": "#533"
    },
    {
      "id": 6,
      "type": "CLIPTextEncode",
      "pos": [
        415,
        123
      ],
      "size": {
        "0": 422.84503173828125,
        "1": 164.31304931640625
      },
      "flags": {},
      "order": 11,
      "mode": 0,
      "inputs": [
        {
          "name": "clip",
          "type": "CLIP",
          "link": 23
        }
      ],
      "outputs": [
        {
          "name": "CONDITIONING",
          "type": "CONDITIONING",
          "links": [
            10
          ],
          "slot_index": 0
        }
      ],
      "properties": {
        "Node name for S&R": "CLIPTextEncode"
      },
      "widgets_values": [
        "beautiful scenery nature glass bottle landscape, , purple galaxy bottle,"
      ],
      "color": "#232",
      "bgcolor": "#353"
    },
    {
      "id": 96,
      "type": "CLIPTextEncode",
      "pos": [
        -124,
        1096
      ],
      "size": {
        "0": 422.84503173828125,
        "1": 164.31304931640625
      },
      "flags": {},
      "order": 7,
      "mode": 0,
      "inputs": [
        {
          "name": "clip",
          "type": "CLIP",
          "link": 196
        }
      ],
      "outputs": [
        {
          "name": "CONDITIONING",
          "type": "CONDITIONING",
          "links": [
            199,
            222
          ],
          "slot_index": 0
        }
      ],
      "properties": {
        "Node name for S&R": "CLIPTextEncode"
      },
      "widgets_values": [
        "woman in winter clothes next to a sport car, winter landscape"
      ],
      "color": "#232",
      "bgcolor": "#353"
    },
    {
      "id": 136,
      "type": "LatentUpscaleBy",
      "pos": [
        1562,
        1708
      ],
      "size": {
        "0": 315,
        "1": 82
      },
      "flags": {},
      "order": 24,
      "mode": 0,
      "inputs": [
        {
          "name": "samples",
          "type": "LATENT",
          "link": 238
        }
      ],
      "outputs": [
        {
          "name": "LATENT",
          "type": "LATENT",
          "links": [
            291
          ],
          "shape": 3,
          "slot_index": 0
        }
      ],
      "properties": {
        "Node name for S&R": "LatentUpscaleBy"
      },
      "widgets_values": [
        "bilinear",
        2
      ]
    },
    {
      "id": 98,
      "type": "VAEDecode",
      "pos": [
        1277,
        1710
      ],
      "size": {
        "0": 210,
        "1": 46
      },
      "flags": {},
      "order": 23,
      "mode": 0,
      "inputs": [
        {
          "name": "samples",
          "type": "LATENT",
          "link": 165
        },
        {
          "name": "vae",
          "type": "VAE",
          "link": 166
        }
      ],
      "outputs": [
        {
          "name": "IMAGE",
          "type": "IMAGE",
          "links": [
            167
          ],
          "slot_index": 0
        }
      ],
      "properties": {
        "Node name for S&R": "VAEDecode"
      }
    },
    {
      "id": 126,
      "type": "KSampler",
      "pos": [
        1980,
        1633
      ],
      "size": {
        "0": 315,
        "1": 262
      },
      "flags": {},
      "order": 27,
      "mode": 0,
      "inputs": [
        {
          "name": "model",
          "type": "MODEL",
          "link": 298
        },
        {
          "name": "positive",
          "type": "CONDITIONING",
          "link": 293
        },
        {
          "name": "negative",
          "type": "CONDITIONING",
          "link": 301
        },
        {
          "name": "latent_image",
          "type": "LATENT",
          "link": 291
        }
      ],
      "outputs": [
        {
          "name": "LATENT",
          "type": "LATENT",
          "links": [
            219
          ],
          "shape": 3,
          "slot_index": 0
        }
      ],
      "properties": {
        "Node name for S&R": "KSampler"
      },
      "widgets_values": [
        777,
        "fixed",
        20,
        7,
        "dpmpp_sde_gpu",
        "karras",
        0.6
      ]
    }
  ],
  "links": [
    [
      2,
      5,
      0,
      3,
      3,
      "LATENT"
    ],
    [
      6,
      7,
      0,
      3,
      2,
      "CONDITIONING"
    ],
    [
      7,
      3,
      0,
      8,
      0,
      "LATENT"
    ],
    [
      8,
      4,
      2,
      8,
      1,
      "VAE"
    ],
    [
      9,
      8,
      0,
      9,
      0,
      "IMAGE"
    ],
    [
      10,
      6,
      0,
      10,
      0,
      "CONDITIONING"
    ],
    [
      12,
      12,
      0,
      13,
      0,
      "CONDITIONING"
    ],
    [
      15,
      13,
      0,
      15,
      0,
      "CONDITIONING"
    ],
    [
      16,
      10,
      0,
      15,
      1,
      "CONDITIONING"
    ],
    [
      18,
      15,
      0,
      3,
      1,
      "CONDITIONING"
    ],
    [
      19,
      4,
      0,
      16,
      0,
      "MODEL"
    ],
    [
      20,
      16,
      0,
      3,
      0,
      "MODEL"
    ],
    [
      21,
      4,
      1,
      16,
      1,
      "CLIP"
    ],
    [
      22,
      16,
      1,
      12,
      0,
      "CLIP"
    ],
    [
      23,
      16,
      1,
      6,
      0,
      "CLIP"
    ],
    [
      24,
      16,
      1,
      7,
      0,
      "CLIP"
    ],
    [
      161,
      97,
      0,
      93,
      2,
      "CONDITIONING"
    ],
    [
      162,
      95,
      0,
      93,
      3,
      "LATENT"
    ],
    [
      165,
      93,
      0,
      98,
      0,
      "LATENT"
    ],
    [
      166,
      94,
      2,
      98,
      1,
      "VAE"
    ],
    [
      167,
      98,
      0,
      99,
      0,
      "IMAGE"
    ],
    [
      194,
      117,
      0,
      119,
      2,
      "GLIGEN"
    ],
    [
      195,
      117,
      0,
      120,
      2,
      "GLIGEN"
    ],
    [
      196,
      94,
      1,
      96,
      0,
      "CLIP"
    ],
    [
      197,
      94,
      1,
      119,
      1,
      "CLIP"
    ],
    [
      198,
      94,
      1,
      120,
      1,
      "CLIP"
    ],
    [
      199,
      96,
      0,
      119,
      0,
      "CONDITIONING"
    ],
    [
      200,
      119,
      0,
      120,
      0,
      "CONDITIONING"
    ],
    [
      203,
      94,
      1,
      97,
      0,
      "CLIP"
    ],
    [
      206,
      120,
      0,
      93,
      1,
      "CONDITIONING"
    ],
    [
      213,
      94,
      0,
      123,
      0,
      "MODEL"
    ],
    [
      214,
      123,
      0,
      93,
      0,
      "MODEL"
    ],
    [
      219,
      126,
      0,
      127,
      0,
      "LATENT"
    ],
    [
      221,
      127,
      0,
      129,
      0,
      "IMAGE"
    ],
    [
      222,
      96,
      0,
      130,
      0,
      "*"
    ],
    [
      223,
      97,
      0,
      131,
      0,
      "*"
    ],
    [
      224,
      94,
      2,
      132,
      0,
      "*"
    ],
    [
      225,
      123,
      0,
      133,
      0,
      "*"
    ],
    [
      238,
      93,
      0,
      136,
      0,
      "LATENT"
    ],
    [
      291,
      136,
      0,
      126,
      3,
      "LATENT"
    ],
    [
      293,
      130,
      0,
      126,
      1,
      "CONDITIONING"
    ],
    [
      295,
      132,
      0,
      127,
      1,
      "VAE"
    ],
    [
      298,
      133,
      0,
      126,
      0,
      "MODEL"
    ],
    [
      301,
      131,
      0,
      126,
      2,
      "CONDITIONING"
    ]
  ],
  "groups": [],
  "config": {},
  "extra": {},
  "version": 0.4
}