{
  "last_node_id": 21,
  "last_link_id": 32,
  "nodes": [
    {
      "id": 1,
      "type": "KSampler",
      "pos": [
        1435,
        697
      ],
      "size": {
        "0": 273.3768310546875,
        "1": 242.70895385742188
      },
      "flags": {},
      "order": 11,
      "mode": 0,
      "inputs": [
        {
          "name": "model",
          "type": "MODEL",
          "link": 1
        },
        {
          "name": "positive",
          "type": "CONDITIONING",
          "link": 2
        },
        {
          "name": "negative",
          "type": "CONDITIONING",
          "link": 3
        },
        {
          "name": "latent_image",
          "type": "LATENT",
          "link": 4
        },
        {
          "name": "seed",
          "type": "INT",
          "link": 5,
          "widget": {
            "name": "seed"
          }
        }
      ],
      "outputs": [
        {
          "name": "LATENT",
          "type": "LATENT",
          "links": [
            6
          ],
          "slot_index": 0
        }
      ],
      "properties": {
        "Node name for S&R": "KSampler"
      },
      "widgets_values": [
        110178162929470,
        "randomize",
        24,
        7,
        "dpmpp_2m",
        "sgm_uniform",
        1
      ]
    },
    {
      "id": 3,
      "type": "EmptyLatentImage",
      "pos": [
        1051,
        695
      ],
      "size": {
        "0": 345.4325256347656,
        "1": 106
      },
      "flags": {},
      "order": 0,
      "mode": 0,
      "outputs": [
        {
          "name": "LATENT",
          "type": "LATENT",
          "links": [
            4
          ],
          "slot_index": 0
        }
      ],
      "properties": {
        "Node name for S&R": "EmptyLatentImage"
      },
      "widgets_values": [
        1024,
        1024,
        1
      ],
      "color": "#323",
      "bgcolor": "#535"
    },
    {
      "id": 4,
      "type": "VAEDecode",
      "pos": [
        1837,
        468
      ],
      "size": {
        "0": 210,
        "1": 46
      },
      "flags": {
        "collapsed": false
      },
      "order": 12,
      "mode": 0,
      "inputs": [
        {
          "name": "samples",
          "type": "LATENT",
          "link": 6
        },
        {
          "name": "vae",
          "type": "VAE",
          "link": 30
        }
      ],
      "outputs": [
        {
          "name": "IMAGE",
          "type": "IMAGE",
          "links": [
            8
          ],
          "slot_index": 0
        }
      ],
      "properties": {
        "Node name for S&R": "VAEDecode"
      }
    },
    {
      "id": 5,
      "type": "SaveImage",
      "pos": [
        1737,
        926
      ],
      "size": {
        "0": 286.14593505859375,
        "1": 270
      },
      "flags": {},
      "order": 13,
      "mode": 0,
      "inputs": [
        {
          "name": "images",
          "type": "IMAGE",
          "link": 8
        }
      ],
      "properties": {},
      "widgets_values": [
        "ComfyUI"
      ]
    },
    {
      "id": 6,
      "type": "SDXLPromptStyler",
      "pos": [
        1053,
        491
      ],
      "size": {
        "0": 347.8358154296875,
        "1": 151.46658325195312
      },
      "flags": {},
      "order": 7,
      "mode": 0,
      "inputs": [
        {
          "name": "text_positive",
          "type": "STRING",
          "link": 9,
          "widget": {
            "name": "text_positive"
          }
        },
        {
          "name": "text_negative",
          "type": "STRING",
          "link": 10,
          "widget": {
            "name": "text_negative"
          }
        }
      ],
      "outputs": [
        {
          "name": "text_positive",
          "type": "STRING",
          "links": [
            12
          ],
          "shape": 3,
          "slot_index": 0
        },
        {
          "name": "text_negative",
          "type": "STRING",
          "links": [
            14,
            21
          ],
          "shape": 3,
          "slot_index": 1
        }
      ],
      "properties": {
        "Node name for S&R": "SDXLPromptStyler"
      },
      "widgets_values": [
        "",
        "",
        "X CartoonHero",
        true,
        true,
        true
      ],
      "color": "#432",
      "bgcolor": "#653"
    },
    {
      "id": 9,
      "type": "CLIPTextEncode",
      "pos": [
        1442,
        482
      ],
      "size": {
        "0": 265.5032958984375,
        "1": 54
      },
      "flags": {
        "collapsed": false
      },
      "order": 8,
      "mode": 0,
      "inputs": [
        {
          "name": "clip",
          "type": "CLIP",
          "link": 11
        },
        {
          "name": "text",
          "type": "STRING",
          "link": 12,
          "widget": {
            "name": "text"
          }
        }
      ],
      "outputs": [
        {
          "name": "CONDITIONING",
          "type": "CONDITIONING",
          "links": [
            2
          ],
          "slot_index": 0
        }
      ],
      "properties": {
        "Node name for S&R": "CLIPTextEncode"
      },
      "widgets_values": [
        "beautiful scenery nature glass bottle landscape, , purple galaxy bottle,"
      ]
    },
    {
      "id": 10,
      "type": "CLIPTextEncode",
      "pos": [
        1446,
        582
      ],
      "size": {
        "0": 266.8179626464844,
        "1": 54
      },
      "flags": {},
      "order": 9,
      "mode": 0,
      "inputs": [
        {
          "name": "clip",
          "type": "CLIP",
          "link": 13
        },
        {
          "name": "text",
          "type": "STRING",
          "link": 14,
          "widget": {
            "name": "text"
          }
        }
      ],
      "outputs": [
        {
          "name": "CONDITIONING",
          "type": "CONDITIONING",
          "links": [
            3
          ],
          "slot_index": 0
        }
      ],
      "properties": {
        "Node name for S&R": "CLIPTextEncode"
      },
      "widgets_values": [
        "beautiful scenery nature glass bottle landscape, , purple galaxy bottle,"
      ]
    },
    {
      "id": 13,
      "type": "Pipe to/edit any [Crystools]",
      "pos": [
        1863,
        561
      ],
      "size": {
        "0": 188.2510223388672,
        "1": 146
      },
      "flags": {},
      "order": 10,
      "mode": 0,
      "inputs": [
        {
          "name": "CPipeAny",
          "type": "CPipeAny",
          "link": null
        },
        {
          "name": "any_1",
          "type": "*",
          "link": 18,
          "label": "MODEL"
        },
        {
          "name": "any_2",
          "type": "*",
          "link": 19,
          "label": "CLIP"
        },
        {
          "name": "any_3",
          "type": "*",
          "link": 31,
          "label": "VAE"
        },
        {
          "name": "any_4",
          "type": "*",
          "link": 21,
          "label": "NEG"
        },
        {
          "name": "any_5",
          "type": "*",
          "link": null,
          "label": "-"
        },
        {
          "name": "any_6",
          "type": "*",
          "link": null,
          "label": "-"
        }
      ],
      "outputs": [
        {
          "name": "CPipeAny",
          "type": "CPipeAny",
          "links": [],
          "shape": 3,
          "slot_index": 0
        }
      ],
      "properties": {
        "Node name for S&R": "Pipe to/edit any [Crystools]"
      },
      "color": "#432",
      "bgcolor": "#653"
    },
    {
      "id": 14,
      "type": "Seed (rgthree)",
      "pos": {
        "0": 1746,
        "1": 751,
        "2": 0,
        "3": 0,
        "4": 0,
        "5": 0,
        "6": 0,
        "7": 0,
        "8": 0,
        "9": 0
      },
      "size": {
        "0": 275.2621765136719,
        "1": 130
      },
      "flags": {},
      "order": 1,
      "mode": 0,
      "inputs": [],
      "outputs": [
        {
          "name": "SEED",
          "type": "INT",
          "links": [
            5
          ],
          "shape": 3,
          "dir": 4,
          "slot_index": 0
        }
      ],
      "properties": {},
      "widgets_values": [
        -1,
        null,
        null,
        null
      ],
      "color": "#232",
      "bgcolor": "#353"
    },
    {
      "id": 7,
      "type": "GoogleTranslateTextNode",
      "pos": [
        574,
        450
      ],
      "size": {
        "0": 376.31024169921875,
        "1": 209.11866760253906
      },
      "flags": {},
      "order": 2,
      "mode": 0,
      "outputs": [
        {
          "name": "text",
          "type": "STRING",
          "links": [
            9
          ],
          "shape": 3,
          "slot_index": 0
        }
      ],
      "properties": {
        "Node name for S&R": "GoogleTranslateTextNode"
      },
      "widgets_values": [
        "auto",
        "en",
        false,
        "Manual Trasnlate",
        "женщина на вершине горы"
      ],
      "color": "#232",
      "bgcolor": "#353"
    },
    {
      "id": 12,
      "type": "Power Lora Loader (rgthree)",
      "pos": {
        "0": 1058,
        "1": 850,
        "2": 0,
        "3": 0,
        "4": 0,
        "5": 0,
        "6": 0,
        "7": 0,
        "8": 0,
        "9": 0
      },
      "size": {
        "0": 336.822021484375,
        "1": 142
      },
      "flags": {},
      "order": 5,
      "mode": 0,
      "inputs": [
        {
          "name": "model",
          "type": "MODEL",
          "link": 28,
          "dir": 3,
          "slot_index": 0
        },
        {
          "name": "clip",
          "type": "CLIP",
          "link": 29,
          "dir": 3,
          "slot_index": 1
        }
      ],
      "outputs": [
        {
          "name": "MODEL",
          "type": "MODEL",
          "links": [
            1,
            18
          ],
          "shape": 3,
          "dir": 4,
          "slot_index": 0
        },
        {
          "name": "CLIP",
          "type": "CLIP",
          "links": [],
          "shape": 3,
          "dir": 4,
          "slot_index": 1
        }
      ],
      "properties": {
        "Show Strengths": "Single Strength"
      },
      "widgets_values": [
        null,
        {
          "type": "PowerLoraLoaderHeaderWidget"
        },
        {
          "on": true,
          "lora": "SDXL\\DetailedEyes_V3.safetensors",
          "strength": 1,
          "strengthTwo": null
        },
        null,
        ""
      ],
      "color": "#223",
      "bgcolor": "#335"
    },
    {
      "id": 11,
      "type": "CLIPSetLastLayer",
      "pos": [
        743,
        848
      ],
      "size": {
        "0": 210,
        "1": 58
      },
      "flags": {},
      "order": 6,
      "mode": 0,
      "inputs": [
        {
          "name": "clip",
          "type": "CLIP",
          "link": 32
        }
      ],
      "outputs": [
        {
          "name": "CLIP",
          "type": "CLIP",
          "links": [
            11,
            13,
            19
          ],
          "shape": 3,
          "slot_index": 0
        }
      ],
      "properties": {
        "Node name for S&R": "CLIPSetLastLayer"
      },
      "widgets_values": [
        -1
      ],
      "color": "#432",
      "bgcolor": "#653"
    },
    {
      "id": 19,
      "type": "CheckpointLoader|pysssss",
      "pos": [
        571,
        960
      ],
      "size": [
        383.01036827657686,
        122
      ],
      "flags": {},
      "order": 3,
      "mode": 0,
      "outputs": [
        {
          "name": "MODEL",
          "type": "MODEL",
          "links": [
            28
          ],
          "shape": 3
        },
        {
          "name": "CLIP",
          "type": "CLIP",
          "links": [
            29,
            32
          ],
          "shape": 3,
          "slot_index": 1
        },
        {
          "name": "VAE",
          "type": "VAE",
          "links": [
            30,
            31
          ],
          "shape": 3,
          "slot_index": 2
        }
      ],
      "properties": {
        "Node name for S&R": "CheckpointLoader|pysssss"
      },
      "widgets_values": [
        {
          "content": "SDXL\\realvisxlV40_v40Bakedvae.safetensors",
          "image": null
        },
        "[none]"
      ],
      "color": "#223",
      "bgcolor": "#335"
    },
    {
      "id": 8,
      "type": "PrimitiveNode",
      "pos": [
        576,
        701
      ],
      "size": {
        "0": 379.8955078125,
        "1": 113.23851013183594
      },
      "flags": {},
      "order": 4,
      "mode": 0,
      "outputs": [
        {
          "name": "STRING",
          "type": "STRING",
          "links": [
            10
          ],
          "slot_index": 0,
          "widget": {
            "name": "text_negative"
          }
        }
      ],
      "properties": {
        "Run widget replace on values": false
      },
      "widgets_values": [
        ""
      ],
      "color": "#322",
      "bgcolor": "#533"
    }
  ],
  "links": [
    [
      1,
      12,
      0,
      1,
      0,
      "MODEL"
    ],
    [
      2,
      9,
      0,
      1,
      1,
      "CONDITIONING"
    ],
    [
      3,
      10,
      0,
      1,
      2,
      "CONDITIONING"
    ],
    [
      4,
      3,
      0,
      1,
      3,
      "LATENT"
    ],
    [
      5,
      14,
      0,
      1,
      4,
      "INT"
    ],
    [
      6,
      1,
      0,
      4,
      0,
      "LATENT"
    ],
    [
      8,
      4,
      0,
      5,
      0,
      "IMAGE"
    ],
    [
      9,
      7,
      0,
      6,
      0,
      "STRING"
    ],
    [
      10,
      8,
      0,
      6,
      1,
      "STRING"
    ],
    [
      11,
      11,
      0,
      9,
      0,
      "CLIP"
    ],
    [
      12,
      6,
      0,
      9,
      1,
      "STRING"
    ],
    [
      13,
      11,
      0,
      10,
      0,
      "CLIP"
    ],
    [
      14,
      6,
      1,
      10,
      1,
      "STRING"
    ],
    [
      18,
      12,
      0,
      13,
      1,
      "*"
    ],
    [
      19,
      11,
      0,
      13,
      2,
      "*"
    ],
    [
      21,
      6,
      1,
      13,
      4,
      "*"
    ],
    [
      28,
      19,
      0,
      12,
      0,
      "MODEL"
    ],
    [
      29,
      19,
      1,
      12,
      1,
      "CLIP"
    ],
    [
      30,
      19,
      2,
      4,
      1,
      "VAE"
    ],
    [
      31,
      19,
      2,
      13,
      3,
      "*"
    ],
    [
      32,
      19,
      1,
      11,
      0,
      "CLIP"
    ]
  ],
  "groups": [],
  "config": {},
  "extra": {
    "ds": {
      "scale": 0.564473930053778,
      "offset": [
        -220.81726301896344,
        87.81371974679462
      ]
    }
  },
  "version": 0.4
}