{
  "templates": [
    {
      "name": "Pipe-CryTools",
      "data": "{\"nodes\":[{\"type\":\"Pipe to/edit any [Crystools]\",\"pos\":[-24,2686],\"size\":{\"0\":216.59999084472656,\"1\":146},\"flags\":{},\"order\":11,\"mode\":0,\"inputs\":[{\"name\":\"CPipeAny\",\"type\":\"CPipeAny\",\"link\":null},{\"name\":\"any_1\",\"type\":\"*\",\"link\":null,\"label\":\"MODEL\"},{\"name\":\"any_2\",\"type\":\"*\",\"link\":null,\"label\":\"CLIP\"},{\"name\":\"any_3\",\"type\":\"*\",\"link\":null,\"label\":\"VAE\"},{\"name\":\"any_4\",\"type\":\"*\",\"link\":null,\"label\":\"NEG\"},{\"name\":\"any_5\",\"type\":\"*\",\"link\":null},{\"name\":\"any_6\",\"type\":\"*\",\"link\":null}],\"outputs\":[{\"name\":\"CPipeAny\",\"type\":\"CPipeAny\",\"links\":[],\"shape\":3,\"slot_index\":0}],\"properties\":{\"Node name for S&R\":\"Pipe to/edit any [Crystools]\"},\"color\":\"#432\",\"bgcolor\":\"#653\"},{\"type\":\"Pipe from any [Crystools]\",\"pos\":[491,2880],\"size\":{\"0\":216.59999084472656,\"1\":146},\"flags\":{},\"order\":14,\"mode\":0,\"inputs\":[{\"name\":\"CPipeAny\",\"type\":\"CPipeAny\",\"link\":null}],\"outputs\":[{\"name\":\"CPipeAny\",\"type\":\"CPipeAny\",\"links\":null,\"shape\":3},{\"name\":\"any_1\",\"type\":\"*\",\"links\":[],\"shape\":3,\"label\":\"MODEL\",\"slot_index\":1},{\"name\":\"any_2\",\"type\":\"*\",\"links\":[],\"shape\":3,\"label\":\"CLIP\",\"slot_index\":2},{\"name\":\"any_3\",\"type\":\"*\",\"links\":[],\"shape\":3,\"label\":\"VAE\",\"slot_index\":3},{\"name\":\"any_4\",\"type\":\"*\",\"links\":[],\"shape\":3,\"label\":\"NAG\",\"slot_index\":4},{\"name\":\"any_5\",\"type\":\"*\",\"links\":null,\"shape\":3},{\"name\":\"any_6\",\"type\":\"*\",\"links\":null,\"shape\":3}],\"properties\":{\"Node name for S&R\":\"Pipe from any [Crystools]\"},\"color\":\"#432\",\"bgcolor\":\"#653\"}],\"links\":[[null,0,0,1,13],[null,1,0,2,13],[null,2,0,3,13],[null,0,0,4,15],[0,0,1,0,29]]}"
    }
  ]
}