{
  "templates": [
    {
      "name": "Pipe-CryTools",
      "data": "{\"nodes\":[{\"type\":\"Pipe to/edit any [Crystools]\",\"pos\":[-24,2686],\"size\":{\"0\":216.59999084472656,\"1\":146},\"flags\":{},\"order\":11,\"mode\":0,\"inputs\":[{\"name\":\"CPipeAny\",\"type\":\"CPipeAny\",\"link\":null},{\"name\":\"any_1\",\"type\":\"*\",\"link\":null,\"label\":\"MODEL\"},{\"name\":\"any_2\",\"type\":\"*\",\"link\":null,\"label\":\"CLIP\"},{\"name\":\"any_3\",\"type\":\"*\",\"link\":null,\"label\":\"VAE\"},{\"name\":\"any_4\",\"type\":\"*\",\"link\":null,\"label\":\"NEG\"},{\"name\":\"any_5\",\"type\":\"*\",\"link\":null},{\"name\":\"any_6\",\"type\":\"*\",\"link\":null}],\"outputs\":[{\"name\":\"CPipeAny\",\"type\":\"CPipeAny\",\"links\":[],\"shape\":3,\"slot_index\":0}],\"properties\":{\"Node name for S&R\":\"Pipe to/edit any [Crystools]\"},\"color\":\"#432\",\"bgcolor\":\"#653\"},{\"type\":\"Pipe from any [Crystools]\",\"pos\":[491,2880],\"size\":{\"0\":216.59999084472656,\"1\":146},\"flags\":{},\"order\":14,\"mode\":0,\"inputs\":[{\"name\":\"CPipeAny\",\"type\":\"CPipeAny\",\"link\":null}],\"outputs\":[{\"name\":\"CPipeAny\",\"type\":\"CPipeAny\",\"links\":null,\"shape\":3},{\"name\":\"any_1\",\"type\":\"*\",\"links\":[],\"shape\":3,\"label\":\"MODEL\",\"slot_index\":1},{\"name\":\"any_2\",\"type\":\"*\",\"links\":[],\"shape\":3,\"label\":\"CLIP\",\"slot_index\":2},{\"name\":\"any_3\",\"type\":\"*\",\"links\":[],\"shape\":3,\"label\":\"VAE\",\"slot_index\":3},{\"name\":\"any_4\",\"type\":\"*\",\"links\":[],\"shape\":3,\"label\":\"NAG\",\"slot_index\":4},{\"name\":\"any_5\",\"type\":\"*\",\"links\":null,\"shape\":3},{\"name\":\"any_6\",\"type\":\"*\",\"links\":null,\"shape\":3}],\"properties\":{\"Node name for S&R\":\"Pipe from any [Crystools]\"},\"color\":\"#432\",\"bgcolor\":\"#653\"}],\"links\":[[null,0,0,1,13],[null,1,0,2,13],[null,2,0,3,13],[null,0,0,4,15],[0,0,1,0,29]]}"
    },
    {
      "name": "GenerateUniversal-1",
      "data": "{\"nodes\":[{\"type\":\"CheckpointLoader|pysssss\",\"pos\":[530,1980],\"size\":{\"0\":429.5270080566406,\"1\":140.56629943847656},\"flags\":{},\"order\":8,\"mode\":0,\"outputs\":[{\"name\":\"MODEL\",\"type\":\"MODEL\",\"links\":[],\"shape\":3,\"slot_index\":0},{\"name\":\"CLIP\",\"type\":\"CLIP\",\"links\":[],\"shape\":3,\"slot_index\":1},{\"name\":\"VAE\",\"type\":\"VAE\",\"links\":[],\"shape\":3,\"slot_index\":2}],\"properties\":{\"Node name for S&R\":\"CheckpointLoader|pysssss\"},\"widgets_values\":[{\"content\":\"SDXL\\\\realvisxlV40_v40Bakedvae.safetensors\",\"image\":null}],\"color\":\"#223\",\"bgcolor\":\"#335\"},{\"type\":\"CLIPSetLastLayer\",\"pos\":[660,1830],\"size\":{\"0\":315,\"1\":58},\"flags\":{},\"order\":19,\"mode\":0,\"inputs\":[{\"name\":\"clip\",\"type\":\"CLIP\",\"link\":null}],\"outputs\":[{\"name\":\"CLIP\",\"type\":\"CLIP\",\"links\":[],\"shape\":3,\"slot_index\":0}],\"properties\":{\"Node name for S&R\":\"CLIPSetLastLayer\"},\"widgets_values\":[-1],\"color\":\"#432\",\"bgcolor\":\"#653\"},{\"id\":-1,\"type\":\"Power Lora Loader (rgthree)\",\"pos\":{\"0\":1060,\"1\":1970,\"2\":0,\"3\":0,\"4\":0,\"5\":0,\"6\":0,\"7\":0,\"8\":0,\"9\":0},\"size\":{\"0\":340.20001220703125,\"1\":142},\"flags\":{},\"order\":14,\"mode\":0,\"inputs\":[{\"name\":\"model\",\"type\":\"MODEL\",\"link\":null,\"dir\":3},{\"name\":\"clip\",\"type\":\"CLIP\",\"link\":null,\"dir\":3}],\"outputs\":[{\"name\":\"MODEL\",\"type\":\"MODEL\",\"links\":[],\"shape\":3,\"dir\":4,\"slot_index\":0},{\"name\":\"CLIP\",\"type\":\"CLIP\",\"links\":[],\"shape\":3,\"dir\":4,\"slot_index\":1}],\"properties\":{\"Show Strengths\":\"Single Strength\"},\"widgets_values\":[null,{\"type\":\"PowerLoraLoaderHeaderWidget\"},{\"on\":true,\"lora\":\"SDXL\\\\add-detail-xl.safetensors\",\"strength\":0.9500000000000002,\"strengthTwo\":null},null,\"\"],\"color\":\"#223\",\"bgcolor\":\"#335\"},{\"type\":\"KSampler\",\"pos\":[1460,1750],\"size\":{\"0\":315,\"1\":262},\"flags\":{},\"order\":24,\"mode\":0,\"inputs\":[{\"name\":\"model\",\"type\":\"MODEL\",\"link\":null},{\"name\":\"positive\",\"type\":\"CONDITIONING\",\"link\":null,\"slot_index\":1},{\"name\":\"negative\",\"type\":\"CONDITIONING\",\"link\":null,\"slot_index\":2},{\"name\":\"latent_image\",\"type\":\"LATENT\",\"link\":null,\"slot_index\":3},{\"name\":\"seed\",\"type\":\"INT\",\"link\":null,\"widget\":{\"name\":\"seed\"},\"slot_index\":4}],\"outputs\":[{\"name\":\"LATENT\",\"type\":\"LATENT\",\"links\":[],\"shape\":3,\"slot_index\":0}],\"properties\":{\"Node name for S&R\":\"KSampler\"},\"widgets_values\":[0,\"randomize\",20,8,\"euler\",\"normal\",1]},{\"type\":\"EmptyLatentImage\",\"pos\":[1090,1800],\"size\":{\"0\":315,\"1\":106},\"flags\":{},\"order\":4,\"mode\":0,\"outputs\":[{\"name\":\"LATENT\",\"type\":\"LATENT\",\"links\":[],\"shape\":3}],\"properties\":{\"Node name for S&R\":\"EmptyLatentImage\"},\"widgets_values\":[1024,1024,1],\"color\":\"#323\",\"bgcolor\":\"#535\"},{\"type\":\"CLIPTextEncode\",\"pos\":[1470,1520],\"size\":{\"0\":283.9934387207031,\"1\":54},\"flags\":{},\"order\":21,\"mode\":0,\"inputs\":[{\"name\":\"clip\",\"type\":\"CLIP\",\"link\":null},{\"name\":\"text\",\"type\":\"STRING\",\"link\":null,\"widget\":{\"name\":\"text\"},\"slot_index\":1}],\"outputs\":[{\"name\":\"CONDITIONING\",\"type\":\"CONDITIONING\",\"links\":[],\"shape\":3}],\"properties\":{\"Node name for S&R\":\"CLIPTextEncode\"},\"widgets_values\":[\"\"],\"color\":\"#232\",\"bgcolor\":\"#353\"},{\"type\":\"CLIPTextEncode\",\"pos\":[1470,1630],\"size\":{\"0\":283.9934387207031,\"1\":54},\"flags\":{},\"order\":22,\"mode\":0,\"inputs\":[{\"name\":\"clip\",\"type\":\"CLIP\",\"link\":null},{\"name\":\"text\",\"type\":\"STRING\",\"link\":null,\"widget\":{\"name\":\"text\"}}],\"outputs\":[{\"name\":\"CONDITIONING\",\"type\":\"CONDITIONING\",\"links\":[],\"shape\":3,\"slot_index\":0}],\"properties\":{\"Node name for S&R\":\"CLIPTextEncode\"},\"widgets_values\":[\"\"],\"color\":\"#322\",\"bgcolor\":\"#533\"},{\"type\":\"PrimitiveNode\",\"pos\":[661,1666],\"size\":{\"0\":305.7796630859375,\"1\":109.70449829101562},\"flags\":{},\"order\":9,\"mode\":0,\"outputs\":[{\"name\":\"STRING\",\"type\":\"STRING\",\"links\":[],\"slot_index\":0,\"widget\":{\"name\":\"text_negative\"}}],\"properties\":{\"Run widget replace on values\":false},\"color\":\"#322\",\"bgcolor\":\"#533\"},{\"type\":\"GoogleTranslateTextNode\",\"pos\":[620,1450],\"size\":{\"0\":371.74114990234375,\"1\":172.00003051757812},\"flags\":{},\"order\":5,\"mode\":0,\"outputs\":[{\"name\":\"text\",\"type\":\"STRING\",\"links\":[],\"shape\":3,\"slot_index\":0}],\"properties\":{\"Node name for S&R\":\"GoogleTranslateTextNode\"},\"widgets_values\":[\"auto\",\"en\",false,\"Manual Trasnlate\",\"\"],\"color\":\"#232\",\"bgcolor\":\"#353\"},{\"type\":\"SDXLPromptStyler\",\"pos\":[1061,1468],\"size\":{\"0\":327.20196533203125,\"1\":182.00003051757812},\"flags\":{},\"order\":15,\"mode\":0,\"inputs\":[{\"name\":\"text_positive\",\"type\":\"STRING\",\"link\":null,\"widget\":{\"name\":\"text_positive\"}},{\"name\":\"text_negative\",\"type\":\"STRING\",\"link\":null,\"widget\":{\"name\":\"text_negative\"},\"slot_index\":1}],\"outputs\":[{\"name\":\"text_positive\",\"type\":\"STRING\",\"links\":[],\"shape\":3,\"slot_index\":0},{\"name\":\"text_negative\",\"type\":\"STRING\",\"links\":[],\"shape\":3,\"slot_index\":1}],\"properties\":{\"Node name for S&R\":\"SDXLPromptStyler\"},\"widgets_values\":[\"\",\"\",\"base\",true,true,true],\"color\":\"#432\",\"bgcolor\":\"#653\"},{\"id\":-1,\"type\":\"Seed (rgthree)\",\"pos\":{\"0\":1820,\"1\":1768,\"2\":0,\"3\":0,\"4\":0,\"5\":0,\"6\":0,\"7\":0,\"8\":0,\"9\":0},\"size\":{\"0\":244.8321533203125,\"1\":130},\"flags\":{},\"order\":7,\"mode\":0,\"inputs\":[],\"outputs\":[{\"name\":\"SEED\",\"type\":\"INT\",\"links\":[],\"shape\":3,\"dir\":4,\"slot_index\":0}],\"properties\":{},\"widgets_values\":[-1,null,null,null],\"color\":\"#332922\",\"bgcolor\":\"#593930\"},{\"type\":\"VAEDecode\",\"pos\":[1839,1448],\"size\":{\"0\":210,\"1\":46},\"flags\":{},\"order\":27,\"mode\":0,\"inputs\":[{\"name\":\"samples\",\"type\":\"LATENT\",\"link\":null},{\"name\":\"vae\",\"type\":\"VAE\",\"link\":null,\"slot_index\":1}],\"outputs\":[{\"name\":\"IMAGE\",\"type\":\"IMAGE\",\"links\":[],\"shape\":3,\"slot_index\":0}],\"properties\":{\"Node name for S&R\":\"VAEDecode\"}},{\"type\":\"SaveImage\",\"pos\":[1812,1960],\"size\":{\"0\":275.764892578125,\"1\":265.22760009765625},\"flags\":{},\"order\":28,\"mode\":0,\"inputs\":[{\"name\":\"images\",\"type\":\"IMAGE\",\"link\":null}],\"properties\":{},\"widgets_values\":[\"ComfyUI\"]},{\"type\":\"Pipe to/edit any [Crystools]\",\"pos\":[1891,1563],\"size\":{\"0\":216.59999084472656,\"1\":146},\"flags\":{},\"order\":25,\"mode\":0,\"inputs\":[{\"name\":\"CPipeAny\",\"type\":\"CPipeAny\",\"link\":null},{\"name\":\"any_1\",\"type\":\"*\",\"link\":null,\"label\":\"MODEL\"},{\"name\":\"any_2\",\"type\":\"*\",\"link\":null,\"label\":\"CLIP\"},{\"name\":\"any_3\",\"type\":\"*\",\"link\":null,\"label\":\"VAE\"},{\"name\":\"any_4\",\"type\":\"*\",\"link\":null,\"label\":\"NEG\"},{\"name\":\"any_5\",\"type\":\"*\",\"link\":null},{\"name\":\"any_6\",\"type\":\"*\",\"link\":null}],\"outputs\":[{\"name\":\"CPipeAny\",\"type\":\"CPipeAny\",\"links\":[],\"shape\":3,\"slot_index\":0}],\"properties\":{\"Node name for S&R\":\"Pipe to/edit any [Crystools]\"},\"color\":\"#432\",\"bgcolor\":\"#653\"}],\"links\":[[2,1,1,0,45],[0,0,2,0,43],[0,1,2,1,43],[2,0,3,0,45],[5,0,3,1,48],[6,0,3,2,49],[4,0,3,3,47],[10,0,3,4,54],[1,0,5,0,44],[9,0,5,1,53],[1,0,6,0,44],[9,1,6,1,53],[8,0,9,0,51],[7,0,9,1,50],[3,0,11,0,46],[0,2,11,1,43],[11,0,12,0,55],[0,0,13,1,43],[1,0,13,2,44],[0,2,13,3,43],[6,0,13,4,49]]}"
    }
  ]
}