A-line dress, cat-eye sunglasses, and retro pumps
A-line dress, retro pumps, and cat-eye sunglasses
A-line dress, round sunglasses, and retro pumps
A-line midi skirt with a bold pattern, a fitted tank top, and ankle boots
A-line mini dress in a neutral color with a statement belt, paired with a leather jacket and ankle boots
A-line mini dress in a vibrant color, paired with a denim jacket tied around the waist and platform sandals
A-line mini dress with a floral print, paired with a denim jacket and sandals
A-line mini dress with a fun pattern, paired with a leather jacket and ankle boots
A-line mini skirt, a fitted knit sweater, and knee-high boots
Asymmetrical dress, funky tights, and ankle boots
Baggy jeans, oversized hoodie, beanie, and sneakers
Band tee, distressed jeans, leather jacket, and boots
Beaded flapper dress, feather headband, and vintage heels
Bell-bottom jeans, tie-dye shirt, and platform sandals
Black jumpsuit with a plunging neckline and statement earrings
Black lace dress, fishnet tights, platform boots, and choker necklace
Black leather pants, a white silk blouse, and a statement necklace
Cargo pants, a cropped sweater, and a beanie with sneakers
Cargo pants, a cropped tank top, and an oversized denim jacket
Cargo pants, a fitted tank top, and a bandana tied around the neck with sneakers
Cargo pants, a graphic tee tied at the waist, and a baseball cap with sneakers
Cargo pants, utility jacket, and combat boots
Cargo pants, utility jacket, and hiking boots
Corseted gown with lace details and a wide-brimmed hat
Cozy knitted sweater dress with leggings and ankle boots
Crochet cover-up, straw hat, and gladiator sandals
Denim overalls with a cute top underneath, a straw hat, and sandals for a summery look
Denim overalls, plaid shirt, cowboy boots, and a cowboy hat
Denim shorts, tank top, sandals, and a floppy hat
Designer gown, diamond jewelry, and stiletto heels
Distressed denim shorts, crop top, sneakers, and a bomber jacket
Elegant black jumpsuit with a statement belt and heels
Elegant evening gown with a train and statement jewelry
Elegant jumpsuit with floral embroidery and a pair of statement earrings
Evening gown with a thigh-high slit and strappy heels
Floor-length gown, statement necklace, and strappy heels
Flowing floral maxi dress with a denim jacket and sandals
Flowy chiffon skirt, a fitted camisole, and a flowy kimono jacket
Flowy floral dress, ballet flats, and a ribbon headband
Flowy maxi dress in a bold color with a statement necklace and strappy sandals
Flowy maxi dress with a paisley print and a straw hat for a beachy vibe
Flowy maxi dress with a tropical print and a pair of sunglasses for a vacation vibe
Flowy maxi dress, floppy hat, and strappy sandals
Flowy maxi dress, statement necklace, and strappy heels
Flowy maxi dress, statement necklace, and wedges
Flowy maxi dress, straw hat, and espadrilles
Flowy maxi skirt with a boho print, a crop top, and gladiator sandals
Flowy maxi skirt, sports bra, and sneakers
Fringe shorts, crop top, and lace-up boots
Fringe vest, flowy bohemian dress, and ankle boots
Fringe vest, tie-dye tank top, shorts, and sandals
High-waisted bikini with polka dots and a retro swim cap
High-waisted bikini, cat-eye sunglasses, and a floppy hat
High-waisted bikini, retro sunglasses, and a floppy hat
High-waisted black jeans, a graphic tee, and a leather jacket with chunky boots
High-waisted corduroy pants, a fitted turtleneck, and a cropped leather jacket
High-waisted denim shorts paired with a flowy off-the-shoulder top and sneakers
High-waisted denim shorts, a graphic tee, and a tie-dye bucket hat
High-waisted mom jeans, a graphic tee, and an oversized denim jacket
High-waisted pants, tucked-in blouse, and vintage heels
High-waisted paperbag pants, a fitted top, and a chunky cardigan
High-waisted shorts, a ruffled crop top, and chunky platform sandals
High-waisted skirt, polka-dot blouse, and pumps
High-waisted straight-leg jeans, a fitted tank top, and a blazer with loafers for a polished look
High-waisted wide-leg pants, a fitted tank top, and a flowy kimono jacket
High-waisted wide-leg pants, a tucked-in graphic tee, and a long trench coat with boots
Hiking pants, performance top, and hiking boots
Joggers, a crop top, and a stylish puffer jacket with sneakers
Joggers, a cropped hoodie, and a pair of stylish sneakers
Joggers, hoodie, sneakers, and a baseball cap
Jumpsuit with a plunging neckline and a bold print, paired with statement earrings and heels
Lace cocktail dress, statement necklace, and pumps
Leather jacket, flowy bohemian dress, and ankle boots
Leather jacket, ripped skinny jeans, combat boots
Leather pants, a silk tank top, and a long, open cardigan with statement earrings
Leather pants, a silk tank top, and a statement necklace with heels
Leather pants, band tee, moto boots, and studded accessories
Leather skirt, a fitted top with lace detailing, and open-toe heels
Leather skirt, a silk camisole, and a blazer with pointed-toe pumps
Leggings, a cozy oversized sweatshirt, and a pair of ankle socks
Leggings, a flowy tunic dress, and a statement belt with chunky boots
Leggings, a flowy tunic top, and a denim jacket with sneakers
Leggings, a loose-fitting sweater, and a pair of cozy slippers
Leggings, sports bra, athletic tank, and running shoes
Leggings, tank top, zip-up jacket, and running shoes
Little black dress, statement necklace, and heels
Little black dress, strappy heels, and a clutch bag
Maxi bohemian dress, round sunglasses, and fringe bag
Maxi dress, floppy hat, and sandals
Maxi dress, floppy hat, and wedge sandals
Maxi wrap dress, floppy hat, and wedge sandals
Neon leggings, oversized sweater, and high-top sneakers
One-piece swimsuit, cover-up, and cat-eye sunglasses
One-piece swimsuit, cover-up, and flip-flops
Overalls, a striped t-shirt, and a pair of Converse sneakers
Oversized knit sweater, leggings, and fuzzy slippers for a cozy at-home look
Pencil skirt, a crisp white button-down shirt, and a blazer with pumps
Pencil skirt, a sleeveless blouse with a statement collar, and pumps
Pencil skirt, blouse, blazer, and pumps
Pencil skirt, tailored blouse, blazer, and pumps
Pin-up High-waisted shorts, polka-dot crop top, and platform pumps
Plaid flannel shirt, ripped jeans, combat boots
Plaid shirt, ripped jeans, combat boots, and choker necklace
Pleated midi skirt, a fitted turtleneck sweater, and a long puffer jacket with boots
Pleated midi skirt, a fitted turtleneck, and a long coat
Pleated midi skirt, a tucked-in blouse with ruffled sleeves, and a chunky cardigan
Pleated midi skirt, a tucked-in blouse, and a statement belt with heels
Pleated midi skirt, a tucked-in button-down shirt tied at the waist, and a statement necklace
Pleated plaid skirt, white blouse, knee-high socks, and Mary Janes
Pleated skirt, button-down shirt, cardigan, and loafers
Printed sarong, bikini top, flip-flops, and a wide-brimmed hat
Riding pants, riding boots, button-down shirt, and a blazer
Ripped black jeans, a lace bralette, and a sheer kimono overtop with heels
Ripped jeans, a band tee, and a leather jacket with combat boots
Ripped jeans, a graphic tee, and a bomber jacket with sneakers
Ripped jeans, band tee, leather jacket, and boots
Ripped jeans, band tee, leather jacket, and combat boots
Ripped jeans, graphic tee, sneakers, and a denim jacket
Ripped mom jeans, a crop top, and a bomber jacket with platform sneakers
Sailor dress, sailor hat, and nautical accessories
Sequin jumpsuit, platform shoes, and hoop earrings
Sequin pants, rocker tee, leather jacket, and studded boots
Sequined gown, statement jewelry, and stilettos
Shift dress, knee-high boots, and oversized sunglasses
Ski pants, ski jacket, thermal top, and snow boots
Ski Resort Fitted ski jacket, ski pants, and snow boots
Skinny jeans, plaid shirt, beanie, and Converse sneakers
Skinny jeans, striped shirt, blazer, and ankle boots
Sundress, floppy hat, and sandals
Sundress, straw hat, and sandals
Swimwear High-waisted bikini with a retro swim cap
Tailored blazer, skinny trousers, silk blouse, and heels
Tailored grey pants, a crisp white button-down shirt, and blazer
Tailored shorts with a high waist, a crisp button-down shirt tucked in, and loafers
Tailored trousers, a silk blouse with statement sleeves, and a blazer for a formal event
Tailored trousers, a silk blouse, and a blazer for a professional look
Tailored trousers, button-down shirt, and classic pumps
Tropical print dress, floppy hat, and wedge sandals
Tropical print maxi dress, floppy hat, and espadrilles
Tropical print maxi dress, straw hat, and espadrilles
Trousers, blouse, blazer, and loafers
Tulle skirt, fitted top, ballet flats, and a bun
Utility jumpsuit, combat boots, and a wide-brimmed hat
Utility jumpsuit, hiking boots, and wide-brimmed hat
Utility jumpsuit, wedges, and statement jewelry
Vintage-inspired cocktail dress, red lipstick, and pumps
White linen jumpsuit, straw hat, and espadrille wedges
Wide-leg pants, off-the-shoulder blouse, and gladiator sandals
Wide-leg pants, tucked-in blouse, and vintage heels
