Ankle Booties, Cable-knit Ankle Socks, Flannel Pants, Hoodie
Athletic Sneakers, Athletic Socks, Joggers, Sports Bra
Ballet Flats, Bow-embellished Knee-high Socks, Flared Trousers, Puff-sleeve Blouse
Ballet Flats, No-show Socks, Skirt, Blouse
Basic tank top, skinny jeans fit closely to the body
Bell sleeves cascade, palazzo pants billow with each step
Bell sleeves create a statement, bootcut jeans flatter hips and thighs
Block Heels, Color-block Socks, Wide-leg Jumpsuit, Sleeveless Blouse
Block-heel Booties, Sheer Frilly Socks, Cargo Joggers, Knit Pullover Sweater
Block-heel Sandals, Fringed Ankle Socks, Wide-leg Capris, Bell-sleeve Blouse
Block-heeled Mules, Fishnet Ankle Socks, Wide-leg Cropped Trousers, Crop Cami
Boat Shoes, Nautical-themed Socks, Cropped Trousers, Striped Shirt
Boots, Over-the-knee Socks, Midi Skirt, Blazer
Bow Flats, Scalloped Ankle Socks, Gingham Pants, Ruffle-neck Top
Bralette serves as a top, high-slit skirt adds sexiness
Brogues, Patterned Crew Socks, A-line Leather Skirt, Turtleneck Sweater
Button-down shirt, flared pants are vintage inspired
Camisole has delicate lace trim, jeggings hug the legs
Casual tank top, cargo pants with multiple pockets
Chelsea Boots, Thigh-high Socks, Leather Pants, Crop Sweater
Chunky Sneakers, Polka-dot No-show Socks, Cargo Skirt, Muscle Tank Top
Classic button-up paired with distressed denim cutoffs, easygoing yet stylish
Clogs, Embroidered Ankle Socks, Boho Skirt, Embroidered Blouse
Colorful design on top, high-waisted shorts with a modern fit
Combat Boots, Solid-color Socks, Cargo Pants, Graphic Tee
Cork Wedge Sandals, Ribbed Ankle Socks, Paperbag Shorts, Cropped Wrap Top
Cozy cardigan layers over blouse, pleated skirt adds a feminine touch
Cozy sweater, palazzo pants are flowy and soft
Cozy turtleneck, straight leg jeans are classic
Crocheted top with intricate detail, midi skirt is a classic length
Crocheted top, skort provides coverage while still being playful
Cropped top reveals midriff, shorts hug legs, great for warmer weather
Deep V-neckline exposes collarbone, matching skirt set completes the look
Deep V-neckline, rolled hem shorts expose a bit of thigh
Delicate lace trim adorns camisole, joggers provide comfort for lounging or errands
Delicate lace trim, chino shorts are tailored
Easy to wear wrap top, leggings are stretchy and comfortable
Espadrille Flatforms, Striped Crew Socks, Linen Shorts, Tank Crop Top
Espadrille Wedges, Polka-dot Socks, Jumpsuit, Cardigan
Espadrilles, Patterned Socks, Capri Pants, Sweater
Exposed shoulders, jean shorts are a casual choice
Fitted top flares at the waist, skirt swishes with each step
Fitted top flares out at the waist, A-line skirt accentuates curves
Flatform Brogues, Fishnet No-show Socks, Cargo Capris, Button-up Sleeveless Shirt
Flip-flops, Toe Socks, Denim Shorts, Off-shoulder Top
Gladiator Sandals, Bohemian-style Anklets, Tiered Maxi Skirt, Crochet Halter Top
Heeled Booties, Fuzzy Socks, Leather Leggings, Knit Sweater
High Heels, Knee-high Socks, Leggings, Crop Top
High neckline covers up, flared pants add a retro vibe
High-top Converse, Logo-print Crew Socks, Denim Overalls, Cropped Tank Top
High-top Sneakers, Sporty Striped Socks, Skater Skirt, Cropped Hoodie
Hiking Boots, Wool Socks, Cargo Shorts, Henley Top
Hiking Boots, Wool-blend Crew Socks, Cargo Pants, Flannel Button-up Shirt
Jelly Sandals, Transparent Ankle Socks, Sequin Shorts, Sheer Blouse
Kitten Heels, Frilly Socks, Flared Jeans, Wrap Top
Knit Slip-on Sneakers, Cable-knit Ankle Socks, Knit Skirt, Oversized Knit Sweater
Lace corset cinches waist, skirt flows outwards creating a voluminous look, perfect for a night out
Lace trim adds femininity, skinny jeans are slim
Laces create an interesting detail, skirt matches in color
Lace-up Booties, Thigh-high Lace Socks, Faux Leather Leggings, Lace-trimmed Top
Lace-up Boots, Patterned Thigh-high Socks, Denim Skirt, Graphic Sweatshirt
Lacing at front adds interest, jumpsuit offers a one-piece solution
Lightweight fabric flows with movements, pleated midiskirt is flattering
Loafers, Cable-knit Socks, Wide-leg Trousers, Turtleneck
Loose blouse with a knot detail ties at the waist, wide-legged pants offer comfort and style
Low Block-heel Booties, Ruched Ankle Socks, Plaid Mini Skirt, Tucked-in Blouse
Low-cut sweetheart neckline, Bermuda shorts cover more leg
Low-cut sweetheart neckline, pleated maxi skirt moves gracefully
Low-top Canvas Sneakers, Striped Liner Socks, Bike Shorts, Oversized Graphic Tee
Mary Jane Flats, Embellished Crew Socks, Pleated Culottes, Embroidered Peasant Top
Mary Janes, Ruffled Socks, A-line Skirt, Halter Top
Mini dress with pleats, leggings can be worn underneath for warmth
Mules, Lace-trimmed Socks, Jeggings, Peplum Top
Off-the-shoulder design, mini skirt for a flirty look
Off-the-shoulder design, wide-leg trousers are a timeless choice
One piece wraps around body, maxi skirt trails behind, versatile for various occasions
Open shoulders show skin, midi skirt is a modest length, suitable for work or formal events
Open-toe Booties, Patterned Knee-high Socks, Pleated Skirt, Off-the-shoulder Blouse
Oversized shirt with rolled sleeves, mom jeans are comfortable and trendy
Oxfords, Sheer Socks, Culottes, Button-down Shirt
Patent Leather Pumps, Lace-trimmed Liner Socks, High-waisted Trousers, Wrap-front Blouse
Peep-toe Heels, Sheer Anklets, Pencil Skirt, Silk Blouse
Peplum detail at the waist, pleated midiskirt is a fun option
Peplum jacket adds volume to the waist, skirt matches in color and style
Platform Espadrilles, Floral Lace-trimmed Ankle Socks, Paperbag Shorts, Off-shoulder Crop Top
Platform Oxfords, Knit Boot Socks, Corduroy Pants, Button-up Cardigan
Platform Sandals, Sparkle Glitter Ankle Socks, Wide-leg Linen Pants, Sequined Camisole
Platform Shoes, Striped Socks, High-waisted Jeans, Bodysuit
Platform Sneakers, Athletic No-show Socks, High-waisted Leggings, Sports Tank Top
Pointed Flats, Liner Socks, Bermuda Shorts, Off-the-shoulder Top
Racerback straps, tapered leggings showcase calves
Rain Boots, Rainy-day Socks, Rain Pants, Raincoat
Ribbed texture adds dimension, paperbag waist creates a loose silhouette
Ruched details add texture, high-rise shorts enhance the waist
Ruffles add playful touch to the hemline, skirt swirls when walking
Ruffles along edges of top, pants have a relaxed fit
Ruffles along the hem, skinny jeans show off your shape
Ruffles on both pieces add charm
Ruffles on sleeves, straight leg pants complete the outfit
Sandals, Crew Socks, Shorts, Tank Top
Silky smooth fabric hugs the body, notched collar adds elegance, pants fit snugly around hips and flare towards the ankles
Simple tank top, joggers are perfect for lounging
Simple tank tops pairs with wide-leg culottes, comfortable yet stylish
Slide Sandals, Embroidered Anklet Socks, Embellished Jeans, Peplum Blouse
Slides, Patterned Ankle Socks, Maxi Skirt, Tankini Top
Slingback Heels, Lace-trimmed Anklets, Linen Pants, Cami Top
Slip-on Loafers, Patterned Tights, Midi Dress, Knit Cardigan
Slip-on Loafers, Plaid No-show Socks, Straight-leg Jeans, Chambray Button-up Shirt
Slip-on Sneakers, Ribbed Ankle Socks, Lounge Pants, Oversized Tee
Sneaker Wedges, Ruffled Ankle Socks, Overalls, Short-sleeve Blouse
Sneakers, Ankle Socks, Jeans, T-shirt
Snug sweater, palazzo pants are roomy
Stiletto Heels, Lace-trimmed Knee-high Socks, Skinny Jeans, Peasant Blouse
Strapless design shows off shoulders, pants have a high-waisted silhouette, ideal for a casual day
Strapless top, mini skirt for warm days
Strappy Heeled Sandals, Sheer Patterned Anklets, Wide-leg Jumpsuit, Off-shoulder Crop Top
Strappy Sandals, Sheer Ankle Socks, Cropped Flare Pants, Button-up Shirt
Straps barely there, capris hit mid-calf, great for summer
Straps tie at the neck, pants taper down the leg, chic and sophisticated
Structured blazer with peplum detail, pencil skirt accentuates the figure
Studded Block-heels, Lace-trimmed Knee-high Socks, Leather Leggings, V-neck Sweater
Tie-neck top, culottes offer a relaxed fit
T-strap Ballet Flats, Silky Socks, Culotte Jumpsuit, Halter Neck
T-strap Sandals, Polka-dot Crew Socks, Polished Culottes, Ruffled Sleeve Blouse
T-strap Sandals, Sparkly Socks, Romper, Kimono
Tube top bares shoulders, boyfriend jeans are loose and comfy
Turtleneck keeps you warm, skater skirt is swingy
Uneven hemline catches the eye, skinny jeans elongate the legs
Unique asymmetrical hem, culottes offer a modern twist
Velvet Flats, Velvet Ankle Socks, Velvet Skirt, Velvet Top
Wedge Sandals, Floral-print Ankle Socks, Paperbag Waist Shorts, Cropped Denim Jacket
Wedges, Fishnet Socks, Palazzo Pants, Camisole
Wrap blouse with ties at the sides, pants end just above the ankle
Wrap blouse with ties, wide-leg pants are a bold statement
