{
  "last_node_id": 149,
  "last_link_id": 261,
  "nodes": [
    {
      "id": 78,
      "type": "PreviewImage",
      "pos": [
        438.2987788849583,
        2649.654189201157
      ],
      "size": {
        "0": 210,
        "1": 246
      },
      "flags": {},
      "order": 17,
      "mode": 0,
      "inputs": [
        {
          "name": "images",
          "type": "IMAGE",
          "link": 147
        }
      ],
      "properties": {
        "Node name for S&R": "PreviewImage"
      },
      "color": "#2a363b",
      "bgcolor": "#3f5159"
    },
    {
      "id": 80,
      "type": "MaskToImage",
      "pos": [
        828.2987788849593,
        2629.654189201157
      ],
      "size": {
        "0": 210,
        "1": 26
      },
      "flags": {},
      "order": 12,
      "mode": 0,
      "inputs": [
        {
          "name": "mask",
          "type": "MASK",
          "link": 149
        }
      ],
      "outputs": [
        {
          "name": "IMAGE",
          "type": "IMAGE",
          "links": [
            150
          ],
          "shape": 3,
          "slot_index": 0
        }
      ],
      "properties": {
        "Node name for S&R": "MaskToImage"
      },
      "color": "#2a363b",
      "bgcolor": "#3f5159"
    },
    {
      "id": 81,
      "type": "PreviewImage",
      "pos": [
        808.2987788849593,
        2709.654189201157
      ],
      "size": {
        "0": 234.2866668701172,
        "1": 246
      },
      "flags": {},
      "order": 16,
      "mode": 0,
      "inputs": [
        {
          "name": "images",
          "type": "IMAGE",
          "link": 150
        }
      ],
      "properties": {
        "Node name for S&R": "PreviewImage"
      },
      "color": "#2a363b",
      "bgcolor": "#3f5159"
    },
    {
      "id": 113,
      "type": "Reroute",
      "pos": [
        1038.2987788849596,
        2419.654189201157
      ],
      "size": [
        75,
        26
      ],
      "flags": {},
      "order": 13,
      "mode": 0,
      "inputs": [
        {
          "name": "",
          "type": "*",
          "link": 214
        }
      ],
      "outputs": [
        {
          "name": "MASK",
          "type": "MASK",
          "links": [
            216
          ],
          "slot_index": 0
        }
      ],
      "properties": {
        "showOutputText": true,
        "horizontal": false
      }
    },
    {
      "id": 117,
      "type": "PreviewTextNode",
      "pos": [
        -458.2207647360758,
        3862.087003322925
      ],
      "size": {
        "0": 223.02261352539062,
        "1": 112.13829040527344
      },
      "flags": {},
      "order": 3,
      "mode": 0,
      "inputs": [
        {
          "name": "text",
          "type": "STRING",
          "link": 235,
          "widget": {
            "name": "text"
          },
          "slot_index": 0
        }
      ],
      "outputs": [
        {
          "name": "STRING",
          "type": "STRING",
          "links": null,
          "shape": 3
        }
      ],
      "properties": {
        "Node name for S&R": "PreviewTextNode"
      },
      "widgets_values": [
        "",
        ""
      ],
      "color": "#322",
      "bgcolor": "#533"
    },
    {
      "id": 110,
      "type": "Reroute",
      "pos": [
        -86.12268550850433,
        2375.432210149568
      ],
      "size": [
        82,
        26
      ],
      "flags": {},
      "order": 8,
      "mode": 0,
      "inputs": [
        {
          "name": "",
          "type": "*",
          "link": 260,
          "slot_index": 0
        }
      ],
      "outputs": [
        {
          "name": "IMAGE",
          "type": "IMAGE",
          "links": [
            251
          ],
          "slot_index": 0
        }
      ],
      "properties": {
        "showOutputText": true,
        "horizontal": false
      }
    },
    {
      "id": 111,
      "type": "Reroute",
      "pos": [
        -86.12268550850433,
        2425.4322101495686
      ],
      "size": [
        75,
        26
      ],
      "flags": {},
      "order": 9,
      "mode": 0,
      "inputs": [
        {
          "name": "",
          "type": "*",
          "link": 261
        }
      ],
      "outputs": [
        {
          "name": "MASK",
          "type": "MASK",
          "links": [
            211,
            212,
            252
          ],
          "slot_index": 0
        }
      ],
      "properties": {
        "showOutputText": true,
        "horizontal": false
      }
    },
    {
      "id": 138,
      "type": "PreviewImage",
      "pos": [
        148.29877888495818,
        2669.654189201157
      ],
      "size": {
        "0": 210,
        "1": 246
      },
      "flags": {},
      "order": 14,
      "mode": 0,
      "inputs": [
        {
          "name": "images",
          "type": "IMAGE",
          "link": 250
        }
      ],
      "properties": {
        "Node name for S&R": "PreviewImage"
      }
    },
    {
      "id": 112,
      "type": "Reroute",
      "pos": [
        1038.2987788849596,
        2379.654189201157
      ],
      "size": [
        82,
        26
      ],
      "flags": {},
      "order": 18,
      "mode": 0,
      "inputs": [
        {
          "name": "",
          "type": "*",
          "link": 213,
          "slot_index": 0
        }
      ],
      "outputs": [
        {
          "name": "IMAGE",
          "type": "IMAGE",
          "links": [
            215
          ],
          "slot_index": 0
        }
      ],
      "properties": {
        "showOutputText": true,
        "horizontal": false
      }
    },
    {
      "id": 118,
      "type": "PreviewTextNode",
      "pos": [
        -453,
        3592
      ],
      "size": {
        "0": 238.60044860839844,
        "1": 104.25927734375
      },
      "flags": {},
      "order": 5,
      "mode": 0,
      "inputs": [
        {
          "name": "text",
          "type": "STRING",
          "link": 236,
          "widget": {
            "name": "text"
          },
          "slot_index": 0
        }
      ],
      "outputs": [
        {
          "name": "STRING",
          "type": "STRING",
          "links": null,
          "shape": 3
        }
      ],
      "properties": {
        "Node name for S&R": "PreviewTextNode"
      },
      "widgets_values": [
        "",
        "dog"
      ],
      "color": "#232",
      "bgcolor": "#353"
    },
    {
      "id": 115,
      "type": "SDXLPromptStyler",
      "pos": [
        -854,
        3745
      ],
      "size": {
        "0": 366.1018371582031,
        "1": 242
      },
      "flags": {},
      "order": 0,
      "mode": 0,
      "inputs": [],
      "outputs": [
        {
          "name": "text_positive",
          "type": "STRING",
          "links": null,
          "shape": 3
        },
        {
          "name": "text_negative",
          "type": "STRING",
          "links": [
            235,
            237
          ],
          "shape": 3,
          "slot_index": 1
        }
      ],
      "properties": {
        "Node name for S&R": "SDXLPromptStyler"
      },
      "widgets_values": [
        "",
        "",
        "base",
        true,
        false,
        true
      ],
      "color": "#322",
      "bgcolor": "#533"
    },
    {
      "id": 72,
      "type": "Efficient Loader",
      "pos": [
        -70,
        3435
      ],
      "size": {
        "0": 400,
        "1": 462
      },
      "flags": {},
      "order": 4,
      "mode": 0,
      "inputs": [
        {
          "name": "lora_stack",
          "type": "LORA_STACK",
          "link": null
        },
        {
          "name": "cnet_stack",
          "type": "CONTROL_NET_STACK",
          "link": null
        },
        {
          "name": "positive",
          "type": "STRING",
          "link": 135,
          "widget": {
            "name": "positive"
          }
        },
        {
          "name": "negative",
          "type": "STRING",
          "link": 237,
          "widget": {
            "name": "negative"
          }
        }
      ],
      "outputs": [
        {
          "name": "MODEL",
          "type": "MODEL",
          "links": [
            192
          ],
          "shape": 3,
          "slot_index": 0
        },
        {
          "name": "CONDITIONING+",
          "type": "CONDITIONING",
          "links": [
            160
          ],
          "shape": 3,
          "slot_index": 1
        },
        {
          "name": "CONDITIONING-",
          "type": "CONDITIONING",
          "links": [
            161
          ],
          "shape": 3,
          "slot_index": 2
        },
        {
          "name": "LATENT",
          "type": "LATENT",
          "links": null,
          "shape": 3,
          "slot_index": 3
        },
        {
          "name": "VAE",
          "type": "VAE",
          "links": [
            162,
            197
          ],
          "shape": 3,
          "slot_index": 4
        },
        {
          "name": "CLIP",
          "type": "CLIP",
          "links": [],
          "shape": 3,
          "slot_index": 5
        },
        {
          "name": "DEPENDENCIES",
          "type": "DEPENDENCIES",
          "links": null,
          "shape": 3
        }
      ],
      "properties": {
        "Node name for S&R": "Efficient Loader"
      },
      "widgets_values": [
        "INPAINT\\juggernaut_aftermath-inpainting.safetensors",
        "Baked VAE",
        -1,
        "None",
        1,
        1,
        "green dress",
        "",
        "none",
        "comfy",
        512,
        512,
        1
      ],
      "color": "#223",
      "bgcolor": "#335",
      "shape": 1
    },
    {
      "id": 87,
      "type": "DifferentialDiffusion",
      "pos": [
        531,
        3512
      ],
      "size": {
        "0": 210,
        "1": 26
      },
      "flags": {},
      "order": 7,
      "mode": 0,
      "inputs": [
        {
          "name": "model",
          "type": "MODEL",
          "link": 192
        }
      ],
      "outputs": [
        {
          "name": "MODEL",
          "type": "MODEL",
          "links": [
            196
          ],
          "shape": 3,
          "slot_index": 0
        }
      ],
      "properties": {
        "Node name for S&R": "DifferentialDiffusion"
      },
      "color": "#233",
      "bgcolor": "#355"
    },
    {
      "id": 88,
      "type": "InpaintModelConditioning",
      "pos": [
        522,
        3658
      ],
      "size": {
        "0": 216.59999084472656,
        "1": 106
      },
      "flags": {},
      "order": 19,
      "mode": 0,
      "inputs": [
        {
          "name": "positive",
          "type": "CONDITIONING",
          "link": 160
        },
        {
          "name": "negative",
          "type": "CONDITIONING",
          "link": 161
        },
        {
          "name": "vae",
          "type": "VAE",
          "link": 162
        },
        {
          "name": "pixels",
          "type": "IMAGE",
          "link": 215
        },
        {
          "name": "mask",
          "type": "MASK",
          "link": 216
        }
      ],
      "outputs": [
        {
          "name": "positive",
          "type": "CONDITIONING",
          "links": [
            193
          ],
          "shape": 3,
          "slot_index": 0
        },
        {
          "name": "negative",
          "type": "CONDITIONING",
          "links": [
            194
          ],
          "shape": 3,
          "slot_index": 1
        },
        {
          "name": "latent",
          "type": "LATENT",
          "links": [
            195
          ],
          "shape": 3,
          "slot_index": 2
        }
      ],
      "properties": {
        "Node name for S&R": "InpaintModelConditioning"
      },
      "color": "#233",
      "bgcolor": "#355"
    },
    {
      "id": 148,
      "type": "SaveImage",
      "pos": [
        1163,
        3564
      ],
      "size": {
        "0": 503.373046875,
        "1": 548.490234375
      },
      "flags": {},
      "order": 22,
      "mode": 0,
      "inputs": [
        {
          "name": "images",
          "type": "IMAGE",
          "link": 256
        }
      ],
      "properties": {},
      "widgets_values": [
        "ComfyUI"
      ],
      "color": "#233",
      "bgcolor": "#355"
    },
    {
      "id": 77,
      "type": "INPAINT_MaskedBlur",
      "pos": [
        393,
        2468
      ],
      "size": {
        "0": 315,
        "1": 102
      },
      "flags": {},
      "order": 15,
      "mode": 4,
      "inputs": [
        {
          "name": "image",
          "type": "IMAGE",
          "link": 253
        },
        {
          "name": "mask",
          "type": "MASK",
          "link": 211
        }
      ],
      "outputs": [
        {
          "name": "IMAGE",
          "type": "IMAGE",
          "links": [
            147,
            213
          ],
          "shape": 3,
          "slot_index": 0
        }
      ],
      "properties": {
        "Node name for S&R": "INPAINT_MaskedBlur"
      },
      "widgets_values": [
        60,
        0
      ],
      "color": "#432",
      "bgcolor": "#653"
    },
    {
      "id": 79,
      "type": "ImpactGaussianBlurMask",
      "pos": [
        738,
        2484
      ],
      "size": {
        "0": 315,
        "1": 82
      },
      "flags": {},
      "order": 10,
      "mode": 0,
      "inputs": [
        {
          "name": "mask",
          "type": "MASK",
          "link": 212
        }
      ],
      "outputs": [
        {
          "name": "MASK",
          "type": "MASK",
          "links": [
            149,
            214
          ],
          "shape": 3,
          "slot_index": 0
        }
      ],
      "properties": {
        "Node name for S&R": "ImpactGaussianBlurMask"
      },
      "widgets_values": [
        40,
        40
      ],
      "color": "#2a363b",
      "bgcolor": "#3f5159"
    },
    {
      "id": 137,
      "type": "INPAINT_MaskedFill",
      "pos": [
        43,
        2466
      ],
      "size": {
        "0": 315,
        "1": 102
      },
      "flags": {},
      "order": 11,
      "mode": 4,
      "inputs": [
        {
          "name": "image",
          "type": "IMAGE",
          "link": 251
        },
        {
          "name": "mask",
          "type": "MASK",
          "link": 252
        }
      ],
      "outputs": [
        {
          "name": "IMAGE",
          "type": "IMAGE",
          "links": [
            250,
            253
          ],
          "shape": 3,
          "slot_index": 0
        }
      ],
      "properties": {
        "Node name for S&R": "INPAINT_MaskedFill"
      },
      "widgets_values": [
        "telea",
        0
      ],
      "color": "#432",
      "bgcolor": "#653"
    },
    {
      "id": 100,
      "type": "KSampler (Efficient)",
      "pos": [
        800,
        3537
      ],
      "size": {
        "0": 325,
        "1": 562
      },
      "flags": {},
      "order": 20,
      "mode": 0,
      "inputs": [
        {
          "name": "model",
          "type": "MODEL",
          "link": 196
        },
        {
          "name": "positive",
          "type": "CONDITIONING",
          "link": 193
        },
        {
          "name": "negative",
          "type": "CONDITIONING",
          "link": 194
        },
        {
          "name": "latent_image",
          "type": "LATENT",
          "link": 195
        },
        {
          "name": "optional_vae",
          "type": "VAE",
          "link": 197
        },
        {
          "name": "script",
          "type": "SCRIPT",
          "link": null
        }
      ],
      "outputs": [
        {
          "name": "MODEL",
          "type": "MODEL",
          "links": null,
          "shape": 3,
          "slot_index": 0
        },
        {
          "name": "CONDITIONING+",
          "type": "CONDITIONING",
          "links": null,
          "shape": 3
        },
        {
          "name": "CONDITIONING-",
          "type": "CONDITIONING",
          "links": null,
          "shape": 3
        },
        {
          "name": "LATENT",
          "type": "LATENT",
          "links": null,
          "shape": 3
        },
        {
          "name": "VAE",
          "type": "VAE",
          "links": null,
          "shape": 3
        },
        {
          "name": "IMAGE",
          "type": "IMAGE",
          "links": [
            198
          ],
          "shape": 3,
          "slot_index": 5
        }
      ],
      "properties": {
        "Node name for S&R": "KSampler (Efficient)"
      },
      "widgets_values": [
        -1,
        null,
        30,
        6,
        "dpmpp_2m_sde",
        "karras",
        1,
        "auto",
        "true"
      ],
      "color": "#233",
      "bgcolor": "#355",
      "shape": 1
    },
    {
      "id": 85,
      "type": "GoogleTranslateTextNode",
      "pos": [
        -858,
        3479
      ],
      "size": {
        "0": 375.621826171875,
        "1": 212.16476440429688
      },
      "flags": {},
      "order": 1,
      "mode": 0,
      "outputs": [
        {
          "name": "text",
          "type": "STRING",
          "links": [
            135,
            236
          ],
          "shape": 3,
          "slot_index": 0
        }
      ],
      "properties": {
        "Node name for S&R": "GoogleTranslateTextNode"
      },
      "widgets_values": [
        "auto",
        "en",
        false,
        "Manual Trasnlate",
        "собака"
      ],
      "color": "#232",
      "bgcolor": "#353"
    },
    {
      "id": 76,
      "type": "LoadImage",
      "pos": [
        -1225,
        2435
      ],
      "size": {
        "0": 368.5175476074219,
        "1": 457.2419738769531
      },
      "flags": {},
      "order": 2,
      "mode": 0,
      "inputs": [],
      "outputs": [
        {
          "name": "IMAGE",
          "type": "IMAGE",
          "links": [
            257
          ],
          "shape": 3,
          "slot_index": 0
        },
        {
          "name": "MASK",
          "type": "MASK",
          "links": [
            258
          ],
          "shape": 3,
          "slot_index": 1
        }
      ],
      "properties": {
        "Node name for S&R": "LoadImage"
      },
      "widgets_values": [
        "clipspace/clipspace-mask-5481005.800000001.png [input]",
        "image"
      ]
    },
    {
      "id": 71,
      "type": "InpaintStitch",
      "pos": [
        1172,
        3509
      ],
      "size": {
        "0": 210,
        "1": 78
      },
      "flags": {
        "collapsed": true
      },
      "order": 21,
      "mode": 0,
      "inputs": [
        {
          "name": "stitch",
          "type": "STITCH",
          "link": 259
        },
        {
          "name": "inpainted_image",
          "type": "IMAGE",
          "link": 198
        }
      ],
      "outputs": [
        {
          "name": "image",
          "type": "IMAGE",
          "links": [
            256
          ],
          "shape": 3,
          "slot_index": 0
        }
      ],
      "properties": {
        "Node name for S&R": "InpaintStitch"
      },
      "widgets_values": [
        "bislerp"
      ],
      "color": "#233",
      "bgcolor": "#355"
    },
    {
      "id": 149,
      "type": "InpaintCrop",
      "pos": [
        -718,
        2521
      ],
      "size": [
        443.4000244140625,
        386
      ],
      "flags": {},
      "order": 6,
      "mode": 0,
      "inputs": [
        {
          "name": "image",
          "type": "IMAGE",
          "link": 257
        },
        {
          "name": "mask",
          "type": "MASK",
          "link": 258
        },
        {
          "name": "optional_context_mask",
          "type": "MASK",
          "link": null
        }
      ],
      "outputs": [
        {
          "name": "stitch",
          "type": "STITCH",
          "links": [
            259
          ],
          "shape": 3,
          "slot_index": 0
        },
        {
          "name": "cropped_image",
          "type": "IMAGE",
          "links": [
            260
          ],
          "shape": 3,
          "slot_index": 1
        },
        {
          "name": "cropped_mask",
          "type": "MASK",
          "links": [
            261
          ],
          "shape": 3,
          "slot_index": 2
        }
      ],
      "properties": {
        "Node name for S&R": "InpaintCrop"
      },
      "widgets_values": [
        10,
        1,
        true,
        16,
        false,
        16,
        "bicubic",
        "ranged size",
        1024,
        1024,
        1,
        512,
        512,
        768,
        768,
        32
      ],
      "color": "#432",
      "bgcolor": "#653"
    }
  ],
  "links": [
    [
      135,
      85,
      0,
      72,
      2,
      "STRING"
    ],
    [
      147,
      77,
      0,
      78,
      0,
      "IMAGE"
    ],
    [
      149,
      79,
      0,
      80,
      0,
      "MASK"
    ],
    [
      150,
      80,
      0,
      81,
      0,
      "IMAGE"
    ],
    [
      160,
      72,
      1,
      88,
      0,
      "CONDITIONING"
    ],
    [
      161,
      72,
      2,
      88,
      1,
      "CONDITIONING"
    ],
    [
      162,
      72,
      4,
      88,
      2,
      "VAE"
    ],
    [
      192,
      72,
      0,
      87,
      0,
      "MODEL"
    ],
    [
      193,
      88,
      0,
      100,
      1,
      "CONDITIONING"
    ],
    [
      194,
      88,
      1,
      100,
      2,
      "CONDITIONING"
    ],
    [
      195,
      88,
      2,
      100,
      3,
      "LATENT"
    ],
    [
      196,
      87,
      0,
      100,
      0,
      "MODEL"
    ],
    [
      197,
      72,
      4,
      100,
      4,
      "VAE"
    ],
    [
      198,
      100,
      5,
      71,
      1,
      "IMAGE"
    ],
    [
      211,
      111,
      0,
      77,
      1,
      "MASK"
    ],
    [
      212,
      111,
      0,
      79,
      0,
      "MASK"
    ],
    [
      213,
      77,
      0,
      112,
      0,
      "*"
    ],
    [
      214,
      79,
      0,
      113,
      0,
      "*"
    ],
    [
      215,
      112,
      0,
      88,
      3,
      "IMAGE"
    ],
    [
      216,
      113,
      0,
      88,
      4,
      "MASK"
    ],
    [
      235,
      115,
      1,
      117,
      0,
      "STRING"
    ],
    [
      236,
      85,
      0,
      118,
      0,
      "STRING"
    ],
    [
      237,
      115,
      1,
      72,
      3,
      "STRING"
    ],
    [
      250,
      137,
      0,
      138,
      0,
      "IMAGE"
    ],
    [
      251,
      110,
      0,
      137,
      0,
      "IMAGE"
    ],
    [
      252,
      111,
      0,
      137,
      1,
      "MASK"
    ],
    [
      253,
      137,
      0,
      77,
      0,
      "IMAGE"
    ],
    [
      256,
      71,
      0,
      148,
      0,
      "IMAGE"
    ],
    [
      257,
      76,
      0,
      149,
      0,
      "IMAGE"
    ],
    [
      258,
      76,
      1,
      149,
      1,
      "MASK"
    ],
    [
      259,
      149,
      0,
      71,
      0,
      "STITCH"
    ],
    [
      260,
      149,
      1,
      110,
      0,
      "*"
    ],
    [
      261,
      149,
      2,
      111,
      0,
      "*"
    ]
  ],
  "groups": [
    {
      "title": "Blur маски и IMG",
      "bounding": [
        -55,
        2328,
        1139,
        657
      ],
      "color": "#3f789e",
      "font_size": 24,
      "locked": false
    },
    {
      "title": "Подсказка - переводчик - стиль",
      "bounding": [
        -868,
        3405,
        664,
        579
      ],
      "color": "#8A8",
      "font_size": 24,
      "locked": false
    },
    {
      "title": "Генерация",
      "bounding": [
        486,
        3422,
        1205,
        717
      ],
      "color": "#8AA",
      "font_size": 24,
      "locked": false
    }
  ],
  "config": {},
  "extra": {
    "ds": {
      "scale": 0.23579476910004846,
      "offset": [
        2212.987219838048,
        -1666.1423218654195
      ]
    }
  },
  "version": 0.4
}