{
  "last_node_id": 171,
  "last_link_id": 326,
  "nodes": [
    {
      "id": 78,
      "type": "PreviewImage",
      "pos": [
        430,
        2790
      ],
      "size": {
        "0": 210,
        "1": 246
      },
      "flags": {},
      "order": 18,
      "mode": 0,
      "inputs": [
        {
          "name": "images",
          "type": "IMAGE",
          "link": 147
        }
      ],
      "properties": {
        "Node name for S&R": "PreviewImage"
      },
      "color": "#2a363b",
      "bgcolor": "#3f5159"
    },
    {
      "id": 80,
      "type": "MaskToImage",
      "pos": [
        820,
        2770
      ],
      "size": {
        "0": 210,
        "1": 26
      },
      "flags": {},
      "order": 13,
      "mode": 0,
      "inputs": [
        {
          "name": "mask",
          "type": "MASK",
          "link": 149
        }
      ],
      "outputs": [
        {
          "name": "IMAGE",
          "type": "IMAGE",
          "links": [
            150
          ],
          "shape": 3,
          "slot_index": 0
        }
      ],
      "properties": {
        "Node name for S&R": "MaskToImage"
      },
      "color": "#2a363b",
      "bgcolor": "#3f5159"
    },
    {
      "id": 81,
      "type": "PreviewImage",
      "pos": [
        800,
        2850
      ],
      "size": {
        "0": 234.2866668701172,
        "1": 246
      },
      "flags": {},
      "order": 17,
      "mode": 0,
      "inputs": [
        {
          "name": "images",
          "type": "IMAGE",
          "link": 150
        }
      ],
      "properties": {
        "Node name for S&R": "PreviewImage"
      },
      "color": "#2a363b",
      "bgcolor": "#3f5159"
    },
    {
      "id": 118,
      "type": "PreviewTextNode",
      "pos": [
        -444.3385271690614,
        3653.5837515146864
      ],
      "size": {
        "0": 238.60044860839844,
        "1": 104.25927734375
      },
      "flags": {},
      "order": 5,
      "mode": 0,
      "inputs": [
        {
          "name": "text",
          "type": "STRING",
          "link": 236,
          "widget": {
            "name": "text"
          },
          "slot_index": 0
        }
      ],
      "outputs": [
        {
          "name": "STRING",
          "type": "STRING",
          "links": null,
          "shape": 3
        }
      ],
      "properties": {
        "Node name for S&R": "PreviewTextNode"
      },
      "widgets_values": [
        "",
        "White T-shirt"
      ],
      "color": "#322",
      "bgcolor": "#533"
    },
    {
      "id": 110,
      "type": "Reroute",
      "pos": [
        -94.42146439346203,
        2515.7780209484113
      ],
      "size": [
        82,
        26
      ],
      "flags": {},
      "order": 9,
      "mode": 0,
      "inputs": [
        {
          "name": "",
          "type": "*",
          "link": 325,
          "slot_index": 0
        }
      ],
      "outputs": [
        {
          "name": "IMAGE",
          "type": "IMAGE",
          "links": [
            251
          ],
          "slot_index": 0
        }
      ],
      "properties": {
        "showOutputText": true,
        "horizontal": false
      }
    },
    {
      "id": 111,
      "type": "Reroute",
      "pos": [
        -94.42146439346203,
        2565.7780209484117
      ],
      "size": [
        75,
        26
      ],
      "flags": {},
      "order": 10,
      "mode": 0,
      "inputs": [
        {
          "name": "",
          "type": "*",
          "link": 326
        }
      ],
      "outputs": [
        {
          "name": "MASK",
          "type": "MASK",
          "links": [
            211,
            212,
            252
          ],
          "slot_index": 0
        }
      ],
      "properties": {
        "showOutputText": true,
        "horizontal": false
      }
    },
    {
      "id": 138,
      "type": "PreviewImage",
      "pos": [
        140,
        2810
      ],
      "size": {
        "0": 210,
        "1": 246
      },
      "flags": {},
      "order": 15,
      "mode": 0,
      "inputs": [
        {
          "name": "images",
          "type": "IMAGE",
          "link": 250
        }
      ],
      "properties": {
        "Node name for S&R": "PreviewImage"
      }
    },
    {
      "id": 74,
      "type": "PreviewImage",
      "pos": [
        1854.3375365409368,
        3409.4000367067483
      ],
      "size": {
        "0": 504.7449951171875,
        "1": 559.1673583984375
      },
      "flags": {},
      "order": 25,
      "mode": 0,
      "inputs": [
        {
          "name": "images",
          "type": "IMAGE",
          "link": 139
        }
      ],
      "properties": {
        "Node name for S&R": "PreviewImage"
      },
      "color": "#233",
      "bgcolor": "#355"
    },
    {
      "id": 146,
      "type": "INPAINT_LoadFooocusInpaint",
      "pos": [
        512.2525648860847,
        3609.34769983938
      ],
      "size": {
        "0": 315,
        "1": 82
      },
      "flags": {},
      "order": 0,
      "mode": 0,
      "outputs": [
        {
          "name": "INPAINT_PATCH",
          "type": "INPAINT_PATCH",
          "links": [
            256
          ],
          "shape": 3,
          "slot_index": 0
        }
      ],
      "properties": {
        "Node name for S&R": "INPAINT_LoadFooocusInpaint"
      },
      "widgets_values": [
        "fooocus_inpaint_head.pth",
        "inpaint_v26.fooocus.patch"
      ],
      "color": "#223",
      "bgcolor": "#335"
    },
    {
      "id": 145,
      "type": "INPAINT_ApplyFooocusInpaint",
      "pos": [
        852.2525648860849,
        3689.34769983938
      ],
      "size": {
        "0": 210,
        "1": 66
      },
      "flags": {},
      "order": 21,
      "mode": 0,
      "inputs": [
        {
          "name": "model",
          "type": "MODEL",
          "link": 269
        },
        {
          "name": "patch",
          "type": "INPAINT_PATCH",
          "link": 256
        },
        {
          "name": "latent",
          "type": "LATENT",
          "link": 299
        }
      ],
      "outputs": [
        {
          "name": "MODEL",
          "type": "MODEL",
          "links": [
            268
          ],
          "shape": 3,
          "slot_index": 0
        }
      ],
      "properties": {
        "Node name for S&R": "INPAINT_ApplyFooocusInpaint"
      },
      "color": "#223",
      "bgcolor": "#335"
    },
    {
      "id": 112,
      "type": "Reroute",
      "pos": [
        1030,
        2520
      ],
      "size": [
        82,
        26
      ],
      "flags": {},
      "order": 19,
      "mode": 0,
      "inputs": [
        {
          "name": "",
          "type": "*",
          "link": 213,
          "slot_index": 0
        }
      ],
      "outputs": [
        {
          "name": "IMAGE",
          "type": "IMAGE",
          "links": [
            263
          ],
          "slot_index": 0
        }
      ],
      "properties": {
        "showOutputText": true,
        "horizontal": false
      }
    },
    {
      "id": 113,
      "type": "Reroute",
      "pos": [
        1030,
        2560
      ],
      "size": [
        75,
        26
      ],
      "flags": {},
      "order": 14,
      "mode": 0,
      "inputs": [
        {
          "name": "",
          "type": "*",
          "link": 214
        }
      ],
      "outputs": [
        {
          "name": "MASK",
          "type": "MASK",
          "links": [
            264
          ],
          "slot_index": 0
        }
      ],
      "properties": {
        "showOutputText": true,
        "horizontal": false
      }
    },
    {
      "id": 147,
      "type": "INPAINT_VAEEncodeInpaintConditioning",
      "pos": [
        519.2525648860848,
        3806.34769983938
      ],
      "size": {
        "0": 292.20001220703125,
        "1": 106
      },
      "flags": {},
      "order": 20,
      "mode": 0,
      "inputs": [
        {
          "name": "positive",
          "type": "CONDITIONING",
          "link": 260
        },
        {
          "name": "negative",
          "type": "CONDITIONING",
          "link": 261
        },
        {
          "name": "vae",
          "type": "VAE",
          "link": 262
        },
        {
          "name": "pixels",
          "type": "IMAGE",
          "link": 263
        },
        {
          "name": "mask",
          "type": "MASK",
          "link": 264
        }
      ],
      "outputs": [
        {
          "name": "positive",
          "type": "CONDITIONING",
          "links": [
            297
          ],
          "shape": 3,
          "slot_index": 0
        },
        {
          "name": "negative",
          "type": "CONDITIONING",
          "links": [
            298
          ],
          "shape": 3,
          "slot_index": 1
        },
        {
          "name": "latent_inpaint",
          "type": "LATENT",
          "links": [
            299
          ],
          "shape": 3,
          "slot_index": 2
        },
        {
          "name": "latent_samples",
          "type": "LATENT",
          "links": [
            300
          ],
          "shape": 3,
          "slot_index": 3
        }
      ],
      "properties": {
        "Node name for S&R": "INPAINT_VAEEncodeInpaintConditioning"
      },
      "color": "#223",
      "bgcolor": "#335"
    },
    {
      "id": 87,
      "type": "DifferentialDiffusion",
      "pos": [
        1170,
        3340
      ],
      "size": {
        "0": 210,
        "1": 26
      },
      "flags": {},
      "order": 22,
      "mode": 0,
      "inputs": [
        {
          "name": "model",
          "type": "MODEL",
          "link": 268
        }
      ],
      "outputs": [
        {
          "name": "MODEL",
          "type": "MODEL",
          "links": [
            196
          ],
          "shape": 3,
          "slot_index": 0
        }
      ],
      "properties": {
        "Node name for S&R": "DifferentialDiffusion"
      },
      "color": "#233",
      "bgcolor": "#355"
    },
    {
      "id": 137,
      "type": "INPAINT_MaskedFill",
      "pos": [
        30,
        2610
      ],
      "size": {
        "0": 315,
        "1": 102
      },
      "flags": {},
      "order": 12,
      "mode": 4,
      "inputs": [
        {
          "name": "image",
          "type": "IMAGE",
          "link": 251
        },
        {
          "name": "mask",
          "type": "MASK",
          "link": 252
        }
      ],
      "outputs": [
        {
          "name": "IMAGE",
          "type": "IMAGE",
          "links": [
            250,
            253
          ],
          "shape": 3,
          "slot_index": 0
        }
      ],
      "properties": {
        "Node name for S&R": "INPAINT_MaskedFill"
      },
      "widgets_values": [
        "telea",
        0
      ],
      "color": "#432",
      "bgcolor": "#653"
    },
    {
      "id": 77,
      "type": "INPAINT_MaskedBlur",
      "pos": [
        383,
        2616
      ],
      "size": {
        "0": 315,
        "1": 102
      },
      "flags": {},
      "order": 16,
      "mode": 4,
      "inputs": [
        {
          "name": "image",
          "type": "IMAGE",
          "link": 253
        },
        {
          "name": "mask",
          "type": "MASK",
          "link": 211
        }
      ],
      "outputs": [
        {
          "name": "IMAGE",
          "type": "IMAGE",
          "links": [
            147,
            213
          ],
          "shape": 3,
          "slot_index": 0
        }
      ],
      "properties": {
        "Node name for S&R": "INPAINT_MaskedBlur"
      },
      "widgets_values": [
        60,
        0
      ],
      "color": "#432",
      "bgcolor": "#653"
    },
    {
      "id": 85,
      "type": "GoogleTranslateTextNode",
      "pos": [
        -849.3385271690612,
        3540.5837515146864
      ],
      "size": {
        "0": 375.621826171875,
        "1": 212.16476440429688
      },
      "flags": {},
      "order": 1,
      "mode": 0,
      "outputs": [
        {
          "name": "text",
          "type": "STRING",
          "links": [
            135,
            236
          ],
          "shape": 3,
          "slot_index": 0
        }
      ],
      "properties": {
        "Node name for S&R": "GoogleTranslateTextNode"
      },
      "widgets_values": [
        "auto",
        "en",
        false,
        "Manual Trasnlate",
        "белая футболка"
      ],
      "color": "#232",
      "bgcolor": "#353"
    },
    {
      "id": 72,
      "type": "Efficient Loader",
      "pos": [
        -80,
        3358
      ],
      "size": {
        "0": 400,
        "1": 462
      },
      "flags": {},
      "order": 7,
      "mode": 0,
      "inputs": [
        {
          "name": "lora_stack",
          "type": "LORA_STACK",
          "link": null
        },
        {
          "name": "cnet_stack",
          "type": "CONTROL_NET_STACK",
          "link": null
        },
        {
          "name": "positive",
          "type": "STRING",
          "link": 135,
          "widget": {
            "name": "positive"
          }
        },
        {
          "name": "negative",
          "type": "STRING",
          "link": 237,
          "widget": {
            "name": "negative"
          }
        }
      ],
      "outputs": [
        {
          "name": "MODEL",
          "type": "MODEL",
          "links": [
            269
          ],
          "shape": 3,
          "slot_index": 0
        },
        {
          "name": "CONDITIONING+",
          "type": "CONDITIONING",
          "links": [
            260
          ],
          "shape": 3,
          "slot_index": 1
        },
        {
          "name": "CONDITIONING-",
          "type": "CONDITIONING",
          "links": [
            261
          ],
          "shape": 3,
          "slot_index": 2
        },
        {
          "name": "LATENT",
          "type": "LATENT",
          "links": null,
          "shape": 3,
          "slot_index": 3
        },
        {
          "name": "VAE",
          "type": "VAE",
          "links": [
            197,
            262
          ],
          "shape": 3,
          "slot_index": 4
        },
        {
          "name": "CLIP",
          "type": "CLIP",
          "links": [],
          "shape": 3,
          "slot_index": 5
        },
        {
          "name": "DEPENDENCIES",
          "type": "DEPENDENCIES",
          "links": null,
          "shape": 3
        }
      ],
      "properties": {
        "Node name for S&R": "Efficient Loader"
      },
      "widgets_values": [
        "SDXL\\juggernautXL_v9Rdphoto2Lightning.safetensors",
        "Baked VAE",
        -1,
        "None",
        1,
        1,
        "green dress",
        "",
        "none",
        "comfy",
        512,
        512,
        1
      ],
      "color": "#223",
      "bgcolor": "#335",
      "shape": 1
    },
    {
      "id": 100,
      "type": "KSampler (Efficient)",
      "pos": [
        1484.689956696762,
        3397.2660755555758
      ],
      "size": {
        "0": 325,
        "1": 562.0000610351562
      },
      "flags": {},
      "order": 23,
      "mode": 0,
      "inputs": [
        {
          "name": "model",
          "type": "MODEL",
          "link": 196
        },
        {
          "name": "positive",
          "type": "CONDITIONING",
          "link": 297
        },
        {
          "name": "negative",
          "type": "CONDITIONING",
          "link": 298
        },
        {
          "name": "latent_image",
          "type": "LATENT",
          "link": 300
        },
        {
          "name": "optional_vae",
          "type": "VAE",
          "link": 197
        },
        {
          "name": "script",
          "type": "SCRIPT",
          "link": null
        }
      ],
      "outputs": [
        {
          "name": "MODEL",
          "type": "MODEL",
          "links": null,
          "shape": 3
        },
        {
          "name": "CONDITIONING+",
          "type": "CONDITIONING",
          "links": null,
          "shape": 3
        },
        {
          "name": "CONDITIONING-",
          "type": "CONDITIONING",
          "links": null,
          "shape": 3
        },
        {
          "name": "LATENT",
          "type": "LATENT",
          "links": null,
          "shape": 3
        },
        {
          "name": "VAE",
          "type": "VAE",
          "links": null,
          "shape": 3
        },
        {
          "name": "IMAGE",
          "type": "IMAGE",
          "links": [
            198
          ],
          "shape": 3,
          "slot_index": 5
        }
      ],
      "properties": {
        "Node name for S&R": "KSampler (Efficient)"
      },
      "widgets_values": [
        -1,
        null,
        30,
        6,
        "dpmpp_2m_sde",
        "karras",
        1,
        "auto",
        "true"
      ],
      "color": "#233",
      "bgcolor": "#355",
      "shape": 1
    },
    {
      "id": 79,
      "type": "ImpactGaussianBlurMask",
      "pos": [
        730,
        2630
      ],
      "size": {
        "0": 315,
        "1": 82
      },
      "flags": {},
      "order": 11,
      "mode": 0,
      "inputs": [
        {
          "name": "mask",
          "type": "MASK",
          "link": 212
        }
      ],
      "outputs": [
        {
          "name": "MASK",
          "type": "MASK",
          "links": [
            149,
            214
          ],
          "shape": 3,
          "slot_index": 0
        }
      ],
      "properties": {
        "Node name for S&R": "ImpactGaussianBlurMask"
      },
      "widgets_values": [
        40,
        40
      ],
      "color": "#2a363b",
      "bgcolor": "#3f5159"
    },
    {
      "id": 115,
      "type": "SDXLPromptStyler",
      "pos": [
        -845.2789281864156,
        3806.827381387257
      ],
      "size": {
        "0": 366.1018371582031,
        "1": 242.00001525878906
      },
      "flags": {},
      "order": 2,
      "mode": 0,
      "inputs": [],
      "outputs": [
        {
          "name": "text_positive",
          "type": "STRING",
          "links": null,
          "shape": 3
        },
        {
          "name": "text_negative",
          "type": "STRING",
          "links": [
            235,
            237
          ],
          "shape": 3,
          "slot_index": 1
        }
      ],
      "properties": {
        "Node name for S&R": "SDXLPromptStyler"
      },
      "widgets_values": [
        "",
        "",
        "-Negative Xr",
        true,
        false,
        true
      ],
      "color": "#322",
      "bgcolor": "#533"
    },
    {
      "id": 117,
      "type": "PreviewTextNode",
      "pos": [
        -449.3385271690614,
        3923.583751514686
      ],
      "size": {
        "0": 238.8470001220703,
        "1": 115.74507141113281
      },
      "flags": {},
      "order": 6,
      "mode": 0,
      "inputs": [
        {
          "name": "text",
          "type": "STRING",
          "link": 235,
          "widget": {
            "name": "text"
          },
          "slot_index": 0
        }
      ],
      "outputs": [
        {
          "name": "STRING",
          "type": "STRING",
          "links": null,
          "shape": 3
        }
      ],
      "properties": {
        "Node name for S&R": "PreviewTextNode"
      },
      "widgets_values": [
        "",
        "(deformed, distorted, disfigured:1.3), stacked torsos, totem pole, poorly drawn, bad anatomy, wrong anatomy, extra limb, missing limb, floating limbs, (mutated hands and fingers:1.4), disconnected limbs, mutation, mutated, ugly, disgusting, blurry, amputation"
      ],
      "color": "#322",
      "bgcolor": "#533"
    },
    {
      "id": 76,
      "type": "LoadImage",
      "pos": [
        -613,
        2541
      ],
      "size": {
        "0": 368.5175476074219,
        "1": 457.2419738769531
      },
      "flags": {},
      "order": 3,
      "mode": 0,
      "inputs": [],
      "outputs": [
        {
          "name": "IMAGE",
          "type": "IMAGE",
          "links": [
            321
          ],
          "shape": 3,
          "slot_index": 0
        },
        {
          "name": "MASK",
          "type": "MASK",
          "links": [
            322
          ],
          "shape": 3,
          "slot_index": 1
        }
      ],
      "properties": {
        "Node name for S&R": "LoadImage"
      },
      "widgets_values": [
        "clipspace/clipspace-mask-6164392.599999998.png [input]",
        "image"
      ]
    },
    {
      "id": 170,
      "type": "LoadImage",
      "pos": [
        -1106,
        2821
      ],
      "size": {
        "0": 368.5175476074219,
        "1": 457.2419738769531
      },
      "flags": {},
      "order": 4,
      "mode": 0,
      "inputs": [],
      "outputs": [
        {
          "name": "IMAGE",
          "type": "IMAGE",
          "links": [],
          "shape": 3,
          "slot_index": 0
        },
        {
          "name": "MASK",
          "type": "MASK",
          "links": [
            323
          ],
          "shape": 3,
          "slot_index": 1
        }
      ],
      "properties": {
        "Node name for S&R": "LoadImage"
      },
      "widgets_values": [
        "clipspace/clipspace-mask-7120506.300000001.png [input]",
        "image"
      ]
    },
    {
      "id": 71,
      "type": "InpaintStitch",
      "pos": [
        1857,
        3348
      ],
      "size": {
        "0": 210,
        "1": 78
      },
      "flags": {
        "collapsed": true
      },
      "order": 24,
      "mode": 0,
      "inputs": [
        {
          "name": "stitch",
          "type": "STITCH",
          "link": 324
        },
        {
          "name": "inpainted_image",
          "type": "IMAGE",
          "link": 198
        }
      ],
      "outputs": [
        {
          "name": "image",
          "type": "IMAGE",
          "links": [
            139
          ],
          "shape": 3,
          "slot_index": 0
        }
      ],
      "properties": {
        "Node name for S&R": "InpaintStitch"
      },
      "widgets_values": [
        "bislerp"
      ],
      "color": "#233",
      "bgcolor": "#355"
    },
    {
      "id": 171,
      "type": "InpaintCrop",
      "pos": [
        -640,
        3054
      ],
      "size": [
        443.4000244140625,
        386
      ],
      "flags": {},
      "order": 8,
      "mode": 0,
      "inputs": [
        {
          "name": "image",
          "type": "IMAGE",
          "link": 321
        },
        {
          "name": "mask",
          "type": "MASK",
          "link": 322
        },
        {
          "name": "optional_context_mask",
          "type": "MASK",
          "link": 323
        }
      ],
      "outputs": [
        {
          "name": "stitch",
          "type": "STITCH",
          "links": [
            324
          ],
          "shape": 3,
          "slot_index": 0
        },
        {
          "name": "cropped_image",
          "type": "IMAGE",
          "links": [
            325
          ],
          "shape": 3,
          "slot_index": 1
        },
        {
          "name": "cropped_mask",
          "type": "MASK",
          "links": [
            326
          ],
          "shape": 3,
          "slot_index": 2
        }
      ],
      "properties": {
        "Node name for S&R": "InpaintCrop"
      },
      "widgets_values": [
        10,
        1,
        true,
        16,
        false,
        16,
        "bicubic",
        "ranged size",
        1024,
        1024,
        1,
        512,
        512,
        768,
        768,
        32
      ],
      "color": "#432",
      "bgcolor": "#653"
    }
  ],
  "links": [
    [
      135,
      85,
      0,
      72,
      2,
      "STRING"
    ],
    [
      139,
      71,
      0,
      74,
      0,
      "IMAGE"
    ],
    [
      147,
      77,
      0,
      78,
      0,
      "IMAGE"
    ],
    [
      149,
      79,
      0,
      80,
      0,
      "MASK"
    ],
    [
      150,
      80,
      0,
      81,
      0,
      "IMAGE"
    ],
    [
      196,
      87,
      0,
      100,
      0,
      "MODEL"
    ],
    [
      197,
      72,
      4,
      100,
      4,
      "VAE"
    ],
    [
      198,
      100,
      5,
      71,
      1,
      "IMAGE"
    ],
    [
      211,
      111,
      0,
      77,
      1,
      "MASK"
    ],
    [
      212,
      111,
      0,
      79,
      0,
      "MASK"
    ],
    [
      213,
      77,
      0,
      112,
      0,
      "*"
    ],
    [
      214,
      79,
      0,
      113,
      0,
      "*"
    ],
    [
      235,
      115,
      1,
      117,
      0,
      "STRING"
    ],
    [
      236,
      85,
      0,
      118,
      0,
      "STRING"
    ],
    [
      237,
      115,
      1,
      72,
      3,
      "STRING"
    ],
    [
      250,
      137,
      0,
      138,
      0,
      "IMAGE"
    ],
    [
      251,
      110,
      0,
      137,
      0,
      "IMAGE"
    ],
    [
      252,
      111,
      0,
      137,
      1,
      "MASK"
    ],
    [
      253,
      137,
      0,
      77,
      0,
      "IMAGE"
    ],
    [
      256,
      146,
      0,
      145,
      1,
      "INPAINT_PATCH"
    ],
    [
      260,
      72,
      1,
      147,
      0,
      "CONDITIONING"
    ],
    [
      261,
      72,
      2,
      147,
      1,
      "CONDITIONING"
    ],
    [
      262,
      72,
      4,
      147,
      2,
      "VAE"
    ],
    [
      263,
      112,
      0,
      147,
      3,
      "IMAGE"
    ],
    [
      264,
      113,
      0,
      147,
      4,
      "MASK"
    ],
    [
      268,
      145,
      0,
      87,
      0,
      "MODEL"
    ],
    [
      269,
      72,
      0,
      145,
      0,
      "MODEL"
    ],
    [
      297,
      147,
      0,
      100,
      1,
      "CONDITIONING"
    ],
    [
      298,
      147,
      1,
      100,
      2,
      "CONDITIONING"
    ],
    [
      299,
      147,
      2,
      145,
      2,
      "LATENT"
    ],
    [
      300,
      147,
      3,
      100,
      3,
      "LATENT"
    ],
    [
      321,
      76,
      0,
      171,
      0,
      "IMAGE"
    ],
    [
      322,
      76,
      1,
      171,
      1,
      "MASK"
    ],
    [
      323,
      170,
      1,
      171,
      2,
      "MASK"
    ],
    [
      324,
      171,
      0,
      71,
      0,
      "STITCH"
    ],
    [
      325,
      171,
      1,
      110,
      0,
      "*"
    ],
    [
      326,
      171,
      2,
      111,
      0,
      "*"
    ]
  ],
  "groups": [
    {
      "title": "Blur маски и IMG",
      "bounding": [
        -63,
        2468,
        1139,
        657
      ],
      "color": "#3f789e",
      "font_size": 24,
      "locked": false
    },
    {
      "title": "Подсказка - переводчик - стиль",
      "bounding": [
        -859,
        3467,
        664,
        579
      ],
      "color": "#8A8",
      "font_size": 24,
      "locked": false
    },
    {
      "title": "Генерация",
      "bounding": [
        1164,
        3262,
        1205,
        717
      ],
      "color": "#8AA",
      "font_size": 24,
      "locked": false
    },
    {
      "title": "Патчер от Fooocus",
      "bounding": [
        503,
        3536,
        570,
        387
      ],
      "color": "#3f789e",
      "font_size": 24,
      "locked": false
    }
  ],
  "config": {},
  "extra": {
    "ds": {
      "scale": 0.20992832109439852,
      "offset": [
        1498.5812186970347,
        -1893.5417230093763
      ]
    }
  },
  "version": 0.4
}