{
  "last_node_id": 29,
  "last_link_id": 46,
  "nodes": [
    {
      "id": 5,
      "type": "EmptyLatentImage",
      "pos": [
        464,
        644
      ],
      "size": {
        "0": 315,
        "1": 106
      },
      "flags": {},
      "order": 0,
      "mode": 0,
      "outputs": [
        {
          "name": "LATENT",
          "type": "LATENT",
          "links": [
            2
          ],
          "slot_index": 0
        }
      ],
      "properties": {
        "Node name for S&R": "EmptyLatentImage"
      },
      "widgets_values": [
        512,
        512,
        16
      ]
    },
    {
      "id": 29,
      "type": "RescaleCFG",
      "pos": [
        891,
        -117
      ],
      "size": {
        "0": 210,
        "1": 58
      },
      "flags": {},
      "order": 16,
      "mode": 0,
      "inputs": [
        {
          "name": "model",
          "type": "MODEL",
          "link": 40
        }
      ],
      "outputs": [
        {
          "name": "MODEL",
          "type": "MODEL",
          "links": [
            41
          ],
          "shape": 3,
          "slot_index": 0
        }
      ],
      "properties": {
        "Node name for S&R": "RescaleCFG"
      },
      "widgets_values": [
        0.7
      ]
    },
    {
      "id": 4,
      "type": "CheckpointLoaderSimple",
      "pos": [
        -25,
        195
      ],
      "size": {
        "0": 315,
        "1": 98
      },
      "flags": {},
      "order": 1,
      "mode": 0,
      "outputs": [
        {
          "name": "MODEL",
          "type": "MODEL",
          "links": [
            37
          ],
          "slot_index": 0
        },
        {
          "name": "CLIP",
          "type": "CLIP",
          "links": [
            3,
            5
          ],
          "slot_index": 1
        },
        {
          "name": "VAE",
          "type": "VAE",
          "links": [],
          "slot_index": 2
        }
      ],
      "properties": {
        "Node name for S&R": "CheckpointLoaderSimple"
      },
      "widgets_values": [
        "dreamshaper_8.safetensors"
      ]
    },
    {
      "id": 27,
      "type": "ADE_AnimateDiffLoaderWithContext",
      "pos": [
        61,
        643
      ],
      "size": {
        "0": 342.5999755859375,
        "1": 190
      },
      "flags": {},
      "order": 7,
      "mode": 0,
      "inputs": [
        {
          "name": "model",
          "type": "MODEL",
          "link": 37
        },
        {
          "name": "context_options",
          "type": "CONTEXT_OPTIONS",
          "link": null
        },
        {
          "name": "motion_lora",
          "type": "MOTION_LORA",
          "link": null
        },
        {
          "name": "motion_model_settings",
          "type": "MOTION_MODEL_SETTINGS",
          "link": null
        }
      ],
      "outputs": [
        {
          "name": "MODEL",
          "type": "MODEL",
          "links": [
            38
          ],
          "shape": 3,
          "slot_index": 0
        }
      ],
      "properties": {
        "Node name for S&R": "ADE_AnimateDiffLoaderWithContext"
      },
      "widgets_values": [
        "mm_sd_v15_v2.ckpt",
        "sqrt_linear (AnimateDiff)",
        1,
        true
      ]
    },
    {
      "id": 10,
      "type": "VAELoader",
      "pos": [
        854,
        434
      ],
      "size": [
        397.91925048828125,
        70.36383819580078
      ],
      "flags": {},
      "order": 2,
      "mode": 0,
      "outputs": [
        {
          "name": "VAE",
          "type": "VAE",
          "links": [
            10
          ],
          "shape": 3,
          "slot_index": 0
        }
      ],
      "properties": {
        "Node name for S&R": "VAELoader"
      },
      "widgets_values": [
        "vae-ft-mse-840000-ema-pruned.safetensors"
      ]
    },
    {
      "id": 15,
      "type": "LoadImage",
      "pos": [
        -941,
        -316
      ],
      "size": {
        "0": 315,
        "1": 314
      },
      "flags": {},
      "order": 3,
      "mode": 0,
      "outputs": [
        {
          "name": "IMAGE",
          "type": "IMAGE",
          "links": [
            28
          ],
          "shape": 3,
          "slot_index": 0
        },
        {
          "name": "MASK",
          "type": "MASK",
          "links": null,
          "shape": 3
        }
      ],
      "properties": {
        "Node name for S&R": "LoadImage"
      },
      "widgets_values": [
        "g1 (3).jpg",
        "image"
      ]
    },
    {
      "id": 21,
      "type": "LoadImage",
      "pos": [
        -938,
        42
      ],
      "size": {
        "0": 315,
        "1": 314
      },
      "flags": {},
      "order": 4,
      "mode": 0,
      "outputs": [
        {
          "name": "IMAGE",
          "type": "IMAGE",
          "links": [
            29
          ],
          "shape": 3,
          "slot_index": 0
        },
        {
          "name": "MASK",
          "type": "MASK",
          "links": null,
          "shape": 3
        }
      ],
      "properties": {
        "Node name for S&R": "LoadImage"
      },
      "widgets_values": [
        "g2 (3).jpg",
        "image"
      ]
    },
    {
      "id": 22,
      "type": "RepeatImageBatch",
      "pos": [
        -604,
        -274
      ],
      "size": {
        "0": 210,
        "1": 58
      },
      "flags": {},
      "order": 10,
      "mode": 0,
      "inputs": [
        {
          "name": "image",
          "type": "IMAGE",
          "link": 28
        }
      ],
      "outputs": [
        {
          "name": "IMAGE",
          "type": "IMAGE",
          "links": [
            30
          ],
          "shape": 3,
          "slot_index": 0
        }
      ],
      "properties": {
        "Node name for S&R": "RepeatImageBatch"
      },
      "widgets_values": [
        6
      ]
    },
    {
      "id": 23,
      "type": "RepeatImageBatch",
      "pos": [
        -604,
        -154
      ],
      "size": {
        "0": 210,
        "1": 58
      },
      "flags": {},
      "order": 11,
      "mode": 0,
      "inputs": [
        {
          "name": "image",
          "type": "IMAGE",
          "link": 29
        }
      ],
      "outputs": [
        {
          "name": "IMAGE",
          "type": "IMAGE",
          "links": [
            31
          ],
          "shape": 3,
          "slot_index": 0
        }
      ],
      "properties": {
        "Node name for S&R": "RepeatImageBatch"
      },
      "widgets_values": [
        2
      ]
    },
    {
      "id": 24,
      "type": "ImageBatch",
      "pos": [
        -366,
        -213
      ],
      "size": {
        "0": 210,
        "1": 46
      },
      "flags": {},
      "order": 12,
      "mode": 0,
      "inputs": [
        {
          "name": "image1",
          "type": "IMAGE",
          "link": 30
        },
        {
          "name": "image2",
          "type": "IMAGE",
          "link": 31
        }
      ],
      "outputs": [
        {
          "name": "IMAGE",
          "type": "IMAGE",
          "links": [
            42,
            46
          ],
          "shape": 3,
          "slot_index": 0
        }
      ],
      "properties": {
        "Node name for S&R": "ImageBatch"
      }
    },
    {
      "id": 26,
      "type": "ImageBatch",
      "pos": [
        -116,
        -206
      ],
      "size": {
        "0": 210,
        "1": 46
      },
      "flags": {},
      "order": 13,
      "mode": 0,
      "inputs": [
        {
          "name": "image1",
          "type": "IMAGE",
          "link": 42
        },
        {
          "name": "image2",
          "type": "IMAGE",
          "link": 46
        }
      ],
      "outputs": [
        {
          "name": "IMAGE",
          "type": "IMAGE",
          "links": [
            36
          ],
          "shape": 3,
          "slot_index": 0
        }
      ],
      "properties": {
        "Node name for S&R": "ImageBatch"
      }
    },
    {
      "id": 18,
      "type": "PrepImageForClipVision",
      "pos": [
        159,
        9
      ],
      "size": {
        "0": 243.60000610351562,
        "1": 106
      },
      "flags": {},
      "order": 14,
      "mode": 0,
      "inputs": [
        {
          "name": "image",
          "type": "IMAGE",
          "link": 36
        }
      ],
      "outputs": [
        {
          "name": "IMAGE",
          "type": "IMAGE",
          "links": [
            21
          ],
          "shape": 3,
          "slot_index": 0
        }
      ],
      "properties": {
        "Node name for S&R": "PrepImageForClipVision"
      },
      "widgets_values": [
        "LANCZOS",
        "top",
        0
      ]
    },
    {
      "id": 12,
      "type": "IPAdapterApply",
      "pos": [
        501,
        -159
      ],
      "size": {
        "0": 315,
        "1": 258
      },
      "flags": {},
      "order": 15,
      "mode": 0,
      "inputs": [
        {
          "name": "ipadapter",
          "type": "IPADAPTER",
          "link": 12,
          "slot_index": 0
        },
        {
          "name": "clip_vision",
          "type": "CLIP_VISION",
          "link": 13,
          "slot_index": 1
        },
        {
          "name": "image",
          "type": "IMAGE",
          "link": 21,
          "slot_index": 2
        },
        {
          "name": "model",
          "type": "MODEL",
          "link": 38
        },
        {
          "name": "attn_mask",
          "type": "MASK",
          "link": null
        }
      ],
      "outputs": [
        {
          "name": "MODEL",
          "type": "MODEL",
          "links": [
            40
          ],
          "shape": 3,
          "slot_index": 0
        }
      ],
      "properties": {
        "Node name for S&R": "IPAdapterApply"
      },
      "widgets_values": [
        0.75,
        0.35000000000000003,
        "original",
        0,
        1,
        true
      ]
    },
    {
      "id": 13,
      "type": "IPAdapterModelLoader",
      "pos": [
        151,
        -268
      ],
      "size": {
        "0": 315,
        "1": 58
      },
      "flags": {},
      "order": 5,
      "mode": 0,
      "outputs": [
        {
          "name": "IPADAPTER",
          "type": "IPADAPTER",
          "links": [
            12
          ],
          "shape": 3
        }
      ],
      "properties": {
        "Node name for S&R": "IPAdapterModelLoader"
      },
      "widgets_values": [
        "ip-adapter-plus_sd15.bin"
      ]
    },
    {
      "id": 14,
      "type": "CLIPVisionLoader",
      "pos": [
        124,
        -146
      ],
      "size": [
        344.4059753417969,
        58
      ],
      "flags": {},
      "order": 6,
      "mode": 0,
      "outputs": [
        {
          "name": "CLIP_VISION",
          "type": "CLIP_VISION",
          "links": [
            13
          ],
          "shape": 3
        }
      ],
      "properties": {
        "Node name for S&R": "CLIPVisionLoader"
      },
      "widgets_values": [
        "IP Adapter encoder 1-5.safetensors"
      ]
    },
    {
      "id": 6,
      "type": "CLIPTextEncode",
      "pos": [
        358,
        179
      ],
      "size": {
        "0": 422.84503173828125,
        "1": 164.31304931640625
      },
      "flags": {},
      "order": 8,
      "mode": 0,
      "inputs": [
        {
          "name": "clip",
          "type": "CLIP",
          "link": 3
        }
      ],
      "outputs": [
        {
          "name": "CONDITIONING",
          "type": "CONDITIONING",
          "links": [
            4
          ],
          "slot_index": 0
        }
      ],
      "properties": {
        "Node name for S&R": "CLIPTextEncode"
      },
      "widgets_values": [
        "beautiful girl blinking in a yellow dress"
      ],
      "color": "#232",
      "bgcolor": "#353"
    },
    {
      "id": 7,
      "type": "CLIPTextEncode",
      "pos": [
        356,
        394
      ],
      "size": {
        "0": 425.27801513671875,
        "1": 180.6060791015625
      },
      "flags": {},
      "order": 9,
      "mode": 0,
      "inputs": [
        {
          "name": "clip",
          "type": "CLIP",
          "link": 5
        }
      ],
      "outputs": [
        {
          "name": "CONDITIONING",
          "type": "CONDITIONING",
          "links": [
            6
          ],
          "slot_index": 0
        }
      ],
      "properties": {
        "Node name for S&R": "CLIPTextEncode"
      },
      "widgets_values": [
        "blurry, low quality, horror, photograph"
      ],
      "color": "#322",
      "bgcolor": "#533"
    },
    {
      "id": 3,
      "type": "KSampler",
      "pos": [
        868,
        86
      ],
      "size": {
        "0": 315,
        "1": 262
      },
      "flags": {},
      "order": 17,
      "mode": 0,
      "inputs": [
        {
          "name": "model",
          "type": "MODEL",
          "link": 41
        },
        {
          "name": "positive",
          "type": "CONDITIONING",
          "link": 4
        },
        {
          "name": "negative",
          "type": "CONDITIONING",
          "link": 6
        },
        {
          "name": "latent_image",
          "type": "LATENT",
          "link": 2
        }
      ],
      "outputs": [
        {
          "name": "LATENT",
          "type": "LATENT",
          "links": [
            7
          ],
          "slot_index": 0
        }
      ],
      "properties": {
        "Node name for S&R": "KSampler"
      },
      "widgets_values": [
        1,
        "fixed",
        20,
        6.5,
        "euler",
        "normal",
        1
      ]
    },
    {
      "id": 8,
      "type": "VAEDecode",
      "pos": [
        1224,
        -36
      ],
      "size": {
        "0": 140,
        "1": 46
      },
      "flags": {},
      "order": 18,
      "mode": 0,
      "inputs": [
        {
          "name": "samples",
          "type": "LATENT",
          "link": 7
        },
        {
          "name": "vae",
          "type": "VAE",
          "link": 10
        }
      ],
      "outputs": [
        {
          "name": "IMAGE",
          "type": "IMAGE",
          "links": [
            39
          ],
          "slot_index": 0
        }
      ],
      "properties": {
        "Node name for S&R": "VAEDecode"
      }
    },
    {
      "id": 28,
      "type": "VHS_VideoCombine",
      "pos": [
        1315,
        86
      ],
      "size": [
        315,
        539
      ],
      "flags": {},
      "order": 19,
      "mode": 0,
      "inputs": [
        {
          "name": "images",
          "type": "IMAGE",
          "link": 39
        }
      ],
      "outputs": [],
      "properties": {
        "Node name for S&R": "VHS_VideoCombine"
      },
      "widgets_values": {
        "frame_rate": 8,
        "loop_count": 0,
        "filename_prefix": "AnimateDiff",
        "format": "video/webm",
        "pingpong": false,
        "save_image": true,
        "crf": 20,
        "save_metadata": true,
        "audio_file": "",
        "videopreview": {
          "hidden": false,
          "paused": false,
          "params": {
            "filename": "AnimateDiff_00048.webm",
            "subfolder": "",
            "type": "output",
            "format": "video/webm"
          }
        }
      }
    }
  ],
  "links": [
    [
      2,
      5,
      0,
      3,
      3,
      "LATENT"
    ],
    [
      3,
      4,
      1,
      6,
      0,
      "CLIP"
    ],
    [
      4,
      6,
      0,
      3,
      1,
      "CONDITIONING"
    ],
    [
      5,
      4,
      1,
      7,
      0,
      "CLIP"
    ],
    [
      6,
      7,
      0,
      3,
      2,
      "CONDITIONING"
    ],
    [
      7,
      3,
      0,
      8,
      0,
      "LATENT"
    ],
    [
      10,
      10,
      0,
      8,
      1,
      "VAE"
    ],
    [
      12,
      13,
      0,
      12,
      0,
      "IPADAPTER"
    ],
    [
      13,
      14,
      0,
      12,
      1,
      "CLIP_VISION"
    ],
    [
      21,
      18,
      0,
      12,
      2,
      "IMAGE"
    ],
    [
      28,
      15,
      0,
      22,
      0,
      "IMAGE"
    ],
    [
      29,
      21,
      0,
      23,
      0,
      "IMAGE"
    ],
    [
      30,
      22,
      0,
      24,
      0,
      "IMAGE"
    ],
    [
      31,
      23,
      0,
      24,
      1,
      "IMAGE"
    ],
    [
      36,
      26,
      0,
      18,
      0,
      "IMAGE"
    ],
    [
      37,
      4,
      0,
      27,
      0,
      "MODEL"
    ],
    [
      38,
      27,
      0,
      12,
      3,
      "MODEL"
    ],
    [
      39,
      8,
      0,
      28,
      0,
      "IMAGE"
    ],
    [
      40,
      12,
      0,
      29,
      0,
      "MODEL"
    ],
    [
      41,
      29,
      0,
      3,
      0,
      "MODEL"
    ],
    [
      42,
      24,
      0,
      26,
      0,
      "IMAGE"
    ],
    [
      46,
      24,
      0,
      26,
      1,
      "IMAGE"
    ]
  ],
  "groups": [],
  "config": {},
  "extra": {},
  "version": 0.4
}