{
  "last_node_id": 32,
  "last_link_id": 53,
  "nodes": [
    {
      "id": 18,
      "type": "PrepImageForClipVision",
      "pos": [
        -33,
        -226
      ],
      "size": {
        "0": 243.60000610351562,
        "1": 106
      },
      "flags": {},
      "order": 14,
      "mode": 0,
      "inputs": [
        {
          "name": "image",
          "type": "IMAGE",
          "link": 22
        }
      ],
      "outputs": [
        {
          "name": "IMAGE",
          "type": "IMAGE",
          "links": [
            21
          ],
          "shape": 3,
          "slot_index": 0
        }
      ],
      "properties": {
        "Node name for S&R": "PrepImageForClipVision"
      },
      "widgets_values": [
        "LANCZOS",
        "top",
        0
      ]
    },
    {
      "id": 13,
      "type": "IPAdapterModelLoader",
      "pos": [
        84,
        -504
      ],
      "size": {
        "0": 315,
        "1": 58
      },
      "flags": {},
      "order": 0,
      "mode": 0,
      "outputs": [
        {
          "name": "IPADAPTER",
          "type": "IPADAPTER",
          "links": [
            12,
            30
          ],
          "shape": 3
        }
      ],
      "properties": {
        "Node name for S&R": "IPAdapterModelLoader"
      },
      "widgets_values": [
        "ip-adapter-plus_sd15.bin"
      ]
    },
    {
      "id": 14,
      "type": "CLIPVisionLoader",
      "pos": [
        23,
        -369
      ],
      "size": {
        "0": 315,
        "1": 58
      },
      "flags": {},
      "order": 1,
      "mode": 0,
      "outputs": [
        {
          "name": "CLIP_VISION",
          "type": "CLIP_VISION",
          "links": [
            13,
            31
          ],
          "shape": 3
        }
      ],
      "properties": {
        "Node name for S&R": "CLIPVisionLoader"
      },
      "widgets_values": [
        "IP Adapter encoder 1-5.safetensors"
      ]
    },
    {
      "id": 8,
      "type": "VAEDecode",
      "pos": [
        2050,
        482
      ],
      "size": {
        "0": 140,
        "1": 46
      },
      "flags": {},
      "order": 22,
      "mode": 0,
      "inputs": [
        {
          "name": "samples",
          "type": "LATENT",
          "link": 7
        },
        {
          "name": "vae",
          "type": "VAE",
          "link": 10
        }
      ],
      "outputs": [
        {
          "name": "IMAGE",
          "type": "IMAGE",
          "links": [
            11,
            52
          ],
          "slot_index": 0
        }
      ],
      "properties": {
        "Node name for S&R": "VAEDecode"
      }
    },
    {
      "id": 10,
      "type": "VAELoader",
      "pos": [
        1768,
        379
      ],
      "size": {
        "0": 239.11074829101562,
        "1": 58
      },
      "flags": {},
      "order": 2,
      "mode": 0,
      "outputs": [
        {
          "name": "VAE",
          "type": "VAE",
          "links": [
            10
          ],
          "shape": 3,
          "slot_index": 0
        }
      ],
      "properties": {
        "Node name for S&R": "VAELoader"
      },
      "widgets_values": [
        "vae-ft-mse-840000-ema-pruned.safetensors"
      ]
    },
    {
      "id": 5,
      "type": "EmptyLatentImage",
      "pos": [
        1204,
        1045
      ],
      "size": {
        "0": 315,
        "1": 106
      },
      "flags": {},
      "order": 3,
      "mode": 0,
      "outputs": [
        {
          "name": "LATENT",
          "type": "LATENT",
          "links": [
            2
          ],
          "slot_index": 0
        }
      ],
      "properties": {
        "Node name for S&R": "EmptyLatentImage"
      },
      "widgets_values": [
        768,
        512,
        1
      ]
    },
    {
      "id": 7,
      "type": "CLIPTextEncode",
      "pos": [
        1104,
        810
      ],
      "size": {
        "0": 425.27801513671875,
        "1": 180.6060791015625
      },
      "flags": {},
      "order": 11,
      "mode": 0,
      "inputs": [
        {
          "name": "clip",
          "type": "CLIP",
          "link": 5
        }
      ],
      "outputs": [
        {
          "name": "CONDITIONING",
          "type": "CONDITIONING",
          "links": [
            6,
            49
          ],
          "slot_index": 0
        }
      ],
      "properties": {
        "Node name for S&R": "CLIPTextEncode"
      },
      "widgets_values": [
        "blurry, low quality, horror"
      ],
      "color": "#322",
      "bgcolor": "#533"
    },
    {
      "id": 4,
      "type": "CheckpointLoaderSimple",
      "pos": [
        -203,
        516
      ],
      "size": {
        "0": 315,
        "1": 98
      },
      "flags": {},
      "order": 4,
      "mode": 0,
      "outputs": [
        {
          "name": "MODEL",
          "type": "MODEL",
          "links": [
            15
          ],
          "slot_index": 0
        },
        {
          "name": "CLIP",
          "type": "CLIP",
          "links": [
            3,
            5,
            24,
            39
          ],
          "slot_index": 1
        },
        {
          "name": "VAE",
          "type": "VAE",
          "links": [
            50
          ],
          "slot_index": 2
        }
      ],
      "properties": {
        "Node name for S&R": "CheckpointLoaderSimple"
      },
      "widgets_values": [
        "dreamshaper_8.safetensors"
      ]
    },
    {
      "id": 32,
      "type": "UpscaleModelLoader",
      "pos": [
        1901,
        -194
      ],
      "size": {
        "0": 315,
        "1": 58
      },
      "flags": {},
      "order": 5,
      "mode": 0,
      "outputs": [
        {
          "name": "UPSCALE_MODEL",
          "type": "UPSCALE_MODEL",
          "links": [
            53
          ],
          "shape": 3,
          "slot_index": 0
        }
      ],
      "properties": {
        "Node name for S&R": "UpscaleModelLoader"
      },
      "widgets_values": [
        "8x_NMKD-Superscale_150000_G.pth"
      ]
    },
    {
      "id": 11,
      "type": "PreviewImage",
      "pos": [
        2053,
        718
      ],
      "size": {
        "0": 691.1290893554688,
        "1": 528.601318359375
      },
      "flags": {},
      "order": 23,
      "mode": 0,
      "inputs": [
        {
          "name": "images",
          "type": "IMAGE",
          "link": 11
        }
      ],
      "properties": {
        "Node name for S&R": "PreviewImage"
      }
    },
    {
      "id": 31,
      "type": "SaveImage",
      "pos": [
        2630,
        79
      ],
      "size": [
        767.2258078835225,
        518.2347509210759
      ],
      "flags": {},
      "order": 25,
      "mode": 0,
      "inputs": [
        {
          "name": "images",
          "type": "IMAGE",
          "link": 47,
          "slot_index": 0
        }
      ],
      "properties": {},
      "widgets_values": [
        "ComfyUI"
      ]
    },
    {
      "id": 21,
      "type": "CLIPTextEncode",
      "pos": [
        286,
        -33
      ],
      "size": {
        "0": 422.84503173828125,
        "1": 164.31304931640625
      },
      "flags": {},
      "order": 12,
      "mode": 0,
      "inputs": [
        {
          "name": "clip",
          "type": "CLIP",
          "link": 24
        }
      ],
      "outputs": [
        {
          "name": "CONDITIONING",
          "type": "CONDITIONING",
          "links": [
            25
          ],
          "slot_index": 0
        }
      ],
      "properties": {
        "Node name for S&R": "CLIPTextEncode"
      },
      "widgets_values": [
        "(blond woman:1.2)"
      ],
      "color": "#232",
      "bgcolor": "#353"
    },
    {
      "id": 25,
      "type": "CLIPTextEncode",
      "pos": [
        276,
        199
      ],
      "size": {
        "0": 422.84503173828125,
        "1": 164.31304931640625
      },
      "flags": {},
      "order": 13,
      "mode": 0,
      "inputs": [
        {
          "name": "clip",
          "type": "CLIP",
          "link": 39
        }
      ],
      "outputs": [
        {
          "name": "CONDITIONING",
          "type": "CONDITIONING",
          "links": [
            40
          ],
          "slot_index": 0
        }
      ],
      "properties": {
        "Node name for S&R": "CLIPTextEncode"
      },
      "widgets_values": [
        "(red head woman, red hair:1.5)"
      ],
      "color": "#232",
      "bgcolor": "#353"
    },
    {
      "id": 20,
      "type": "ConditioningSetMask",
      "pos": [
        815,
        168
      ],
      "size": {
        "0": 227,
        "1": 102
      },
      "flags": {},
      "order": 15,
      "mode": 0,
      "inputs": [
        {
          "name": "conditioning",
          "type": "CONDITIONING",
          "link": 25
        },
        {
          "name": "mask",
          "type": "MASK",
          "link": 29
        }
      ],
      "outputs": [
        {
          "name": "CONDITIONING",
          "type": "CONDITIONING",
          "links": [
            27
          ],
          "shape": 3,
          "slot_index": 0
        }
      ],
      "properties": {
        "Node name for S&R": "ConditioningSetMask"
      },
      "widgets_values": [
        1,
        "default"
      ]
    },
    {
      "id": 26,
      "type": "ConditioningSetMask",
      "pos": [
        807,
        344
      ],
      "size": {
        "0": 227,
        "1": 102
      },
      "flags": {},
      "order": 16,
      "mode": 0,
      "inputs": [
        {
          "name": "conditioning",
          "type": "CONDITIONING",
          "link": 40
        },
        {
          "name": "mask",
          "type": "MASK",
          "link": 41
        }
      ],
      "outputs": [
        {
          "name": "CONDITIONING",
          "type": "CONDITIONING",
          "links": [
            45
          ],
          "shape": 3,
          "slot_index": 0
        }
      ],
      "properties": {
        "Node name for S&R": "ConditioningSetMask"
      },
      "widgets_values": [
        1,
        "default"
      ]
    },
    {
      "id": 27,
      "type": "ConditioningCombine",
      "pos": [
        1420,
        356
      ],
      "size": {
        "0": 228.39999389648438,
        "1": 46
      },
      "flags": {},
      "order": 20,
      "mode": 0,
      "inputs": [
        {
          "name": "conditioning_1",
          "type": "CONDITIONING",
          "link": 43
        },
        {
          "name": "conditioning_2",
          "type": "CONDITIONING",
          "link": 44
        }
      ],
      "outputs": [
        {
          "name": "CONDITIONING",
          "type": "CONDITIONING",
          "links": [
            46,
            48
          ],
          "shape": 3,
          "slot_index": 0
        }
      ],
      "properties": {
        "Node name for S&R": "ConditioningCombine"
      }
    },
    {
      "id": 22,
      "type": "ConditioningCombine",
      "pos": [
        1117,
        249
      ],
      "size": {
        "0": 228.39999389648438,
        "1": 46
      },
      "flags": {},
      "order": 18,
      "mode": 0,
      "inputs": [
        {
          "name": "conditioning_1",
          "type": "CONDITIONING",
          "link": 27
        },
        {
          "name": "conditioning_2",
          "type": "CONDITIONING",
          "link": 45
        }
      ],
      "outputs": [
        {
          "name": "CONDITIONING",
          "type": "CONDITIONING",
          "links": [
            43
          ],
          "shape": 3,
          "slot_index": 0
        }
      ],
      "properties": {
        "Node name for S&R": "ConditioningCombine"
      }
    },
    {
      "id": 6,
      "type": "CLIPTextEncode",
      "pos": [
        1044,
        508
      ],
      "size": {
        "0": 422.84503173828125,
        "1": 164.31304931640625
      },
      "flags": {},
      "order": 10,
      "mode": 0,
      "inputs": [
        {
          "name": "clip",
          "type": "CLIP",
          "link": 3
        }
      ],
      "outputs": [
        {
          "name": "CONDITIONING",
          "type": "CONDITIONING",
          "links": [
            44
          ],
          "slot_index": 0
        }
      ],
      "properties": {
        "Node name for S&R": "CLIPTextEncode"
      },
      "widgets_values": [
        "two women in a cherry tree forest"
      ],
      "color": "#232",
      "bgcolor": "#353"
    },
    {
      "id": 24,
      "type": "LoadImage",
      "pos": [
        -672,
        696
      ],
      "size": {
        "0": 764.2601928710938,
        "1": 513.8991088867188
      },
      "flags": {},
      "order": 6,
      "mode": 0,
      "outputs": [
        {
          "name": "IMAGE",
          "type": "IMAGE",
          "links": null,
          "shape": 3
        },
        {
          "name": "MASK",
          "type": "MASK",
          "links": [
            38,
            41
          ],
          "shape": 3,
          "slot_index": 1
        }
      ],
      "properties": {
        "Node name for S&R": "LoadImage"
      },
      "widgets_values": [
        "clipspace/clipspace-mask-2724100.png [input]",
        "image"
      ]
    },
    {
      "id": 19,
      "type": "LoadImage",
      "pos": [
        134,
        688
      ],
      "size": {
        "0": 764.2601928710938,
        "1": 513.8991088867188
      },
      "flags": {},
      "order": 7,
      "mode": 0,
      "outputs": [
        {
          "name": "IMAGE",
          "type": "IMAGE",
          "links": null,
          "shape": 3
        },
        {
          "name": "MASK",
          "type": "MASK",
          "links": [
            23,
            29
          ],
          "shape": 3,
          "slot_index": 1
        }
      ],
      "properties": {
        "Node name for S&R": "LoadImage"
      },
      "widgets_values": [
        "clipspace/clipspace-mask-2734022.png [input]",
        "image"
      ]
    },
    {
      "id": 12,
      "type": "IPAdapterApply",
      "pos": [
        994,
        -158
      ],
      "size": {
        "0": 315,
        "1": 258
      },
      "flags": {},
      "order": 17,
      "mode": 0,
      "inputs": [
        {
          "name": "ipadapter",
          "type": "IPADAPTER",
          "link": 12,
          "slot_index": 0
        },
        {
          "name": "clip_vision",
          "type": "CLIP_VISION",
          "link": 13,
          "slot_index": 1
        },
        {
          "name": "image",
          "type": "IMAGE",
          "link": 21,
          "slot_index": 2
        },
        {
          "name": "model",
          "type": "MODEL",
          "link": 15
        },
        {
          "name": "attn_mask",
          "type": "MASK",
          "link": 23
        }
      ],
      "outputs": [
        {
          "name": "MODEL",
          "type": "MODEL",
          "links": [
            35
          ],
          "shape": 3,
          "slot_index": 0
        }
      ],
      "properties": {
        "Node name for S&R": "IPAdapterApply"
      },
      "widgets_values": [
        0.5,
        0.35000000000000003,
        "linear"
      ]
    },
    {
      "id": 23,
      "type": "IPAdapterApply",
      "pos": [
        1419,
        -309
      ],
      "size": {
        "0": 315,
        "1": 258
      },
      "flags": {},
      "order": 19,
      "mode": 0,
      "inputs": [
        {
          "name": "ipadapter",
          "type": "IPADAPTER",
          "link": 30,
          "slot_index": 0
        },
        {
          "name": "clip_vision",
          "type": "CLIP_VISION",
          "link": 31,
          "slot_index": 1
        },
        {
          "name": "image",
          "type": "IMAGE",
          "link": 37,
          "slot_index": 2
        },
        {
          "name": "model",
          "type": "MODEL",
          "link": 35
        },
        {
          "name": "attn_mask",
          "type": "MASK",
          "link": 38
        }
      ],
      "outputs": [
        {
          "name": "MODEL",
          "type": "MODEL",
          "links": [
            36,
            51
          ],
          "shape": 3,
          "slot_index": 0
        }
      ],
      "properties": {
        "Node name for S&R": "IPAdapterApply"
      },
      "widgets_values": [
        0.5,
        0.35000000000000003,
        "linear"
      ]
    },
    {
      "id": 3,
      "type": "KSampler",
      "pos": [
        1658,
        599
      ],
      "size": {
        "0": 315,
        "1": 262
      },
      "flags": {},
      "order": 21,
      "mode": 0,
      "inputs": [
        {
          "name": "model",
          "type": "MODEL",
          "link": 36
        },
        {
          "name": "positive",
          "type": "CONDITIONING",
          "link": 46
        },
        {
          "name": "negative",
          "type": "CONDITIONING",
          "link": 6
        },
        {
          "name": "latent_image",
          "type": "LATENT",
          "link": 2
        }
      ],
      "outputs": [
        {
          "name": "LATENT",
          "type": "LATENT",
          "links": [
            7
          ],
          "slot_index": 0
        }
      ],
      "properties": {
        "Node name for S&R": "KSampler"
      },
      "widgets_values": [
        6,
        "fixed",
        20,
        6.5,
        "euler",
        "normal",
        1
      ]
    },
    {
      "id": 30,
      "type": "UltimateSDUpscale",
      "pos": [
        2272,
        -115
      ],
      "size": {
        "0": 315,
        "1": 590
      },
      "flags": {},
      "order": 24,
      "mode": 0,
      "inputs": [
        {
          "name": "image",
          "type": "IMAGE",
          "link": 52
        },
        {
          "name": "model",
          "type": "MODEL",
          "link": 51
        },
        {
          "name": "positive",
          "type": "CONDITIONING",
          "link": 48
        },
        {
          "name": "negative",
          "type": "CONDITIONING",
          "link": 49
        },
        {
          "name": "vae",
          "type": "VAE",
          "link": 50
        },
        {
          "name": "upscale_model",
          "type": "UPSCALE_MODEL",
          "link": 53
        }
      ],
      "outputs": [
        {
          "name": "IMAGE",
          "type": "IMAGE",
          "links": [
            47
          ],
          "shape": 3
        }
      ],
      "properties": {
        "Node name for S&R": "UltimateSDUpscale"
      },
      "widgets_values": [
        2,
        155426695373089,
        "randomize",
        20,
        8,
        "euler",
        "normal",
        0.1,
        "Linear",
        512,
        512,
        8,
        32,
        "None",
        1,
        64,
        8,
        16,
        "enable"
      ]
    },
    {
      "id": 16,
      "type": "LoadImage",
      "pos": [
        3003,
        -210
      ],
      "size": {
        "0": 315,
        "1": 314
      },
      "flags": {},
      "order": 8,
      "mode": 0,
      "outputs": [
        {
          "name": "IMAGE",
          "type": "IMAGE",
          "links": [
            22
          ],
          "shape": 3,
          "slot_index": 0
        },
        {
          "name": "MASK",
          "type": "MASK",
          "links": null,
          "shape": 3
        }
      ],
      "properties": {
        "Node name for S&R": "LoadImage"
      },
      "widgets_values": [
        "Women_Fashion_Clothing_21 (2).jpg",
        "image"
      ]
    },
    {
      "id": 15,
      "type": "LoadImage",
      "pos": [
        2667,
        -216
      ],
      "size": {
        "0": 315,
        "1": 314
      },
      "flags": {},
      "order": 9,
      "mode": 0,
      "outputs": [
        {
          "name": "IMAGE",
          "type": "IMAGE",
          "links": [
            37
          ],
          "shape": 3,
          "slot_index": 0
        },
        {
          "name": "MASK",
          "type": "MASK",
          "links": null,
          "shape": 3
        }
      ],
      "properties": {
        "Node name for S&R": "LoadImage"
      },
      "widgets_values": [
        "anime_watercolor (1).jpg",
        "image"
      ]
    }
  ],
  "links": [
    [
      2,
      5,
      0,
      3,
      3,
      "LATENT"
    ],
    [
      3,
      4,
      1,
      6,
      0,
      "CLIP"
    ],
    [
      5,
      4,
      1,
      7,
      0,
      "CLIP"
    ],
    [
      6,
      7,
      0,
      3,
      2,
      "CONDITIONING"
    ],
    [
      7,
      3,
      0,
      8,
      0,
      "LATENT"
    ],
    [
      10,
      10,
      0,
      8,
      1,
      "VAE"
    ],
    [
      11,
      8,
      0,
      11,
      0,
      "IMAGE"
    ],
    [
      12,
      13,
      0,
      12,
      0,
      "IPADAPTER"
    ],
    [
      13,
      14,
      0,
      12,
      1,
      "CLIP_VISION"
    ],
    [
      15,
      4,
      0,
      12,
      3,
      "MODEL"
    ],
    [
      21,
      18,
      0,
      12,
      2,
      "IMAGE"
    ],
    [
      22,
      16,
      0,
      18,
      0,
      "IMAGE"
    ],
    [
      23,
      19,
      1,
      12,
      4,
      "MASK"
    ],
    [
      24,
      4,
      1,
      21,
      0,
      "CLIP"
    ],
    [
      25,
      21,
      0,
      20,
      0,
      "CONDITIONING"
    ],
    [
      27,
      20,
      0,
      22,
      0,
      "CONDITIONING"
    ],
    [
      29,
      19,
      1,
      20,
      1,
      "MASK"
    ],
    [
      30,
      13,
      0,
      23,
      0,
      "IPADAPTER"
    ],
    [
      31,
      14,
      0,
      23,
      1,
      "CLIP_VISION"
    ],
    [
      35,
      12,
      0,
      23,
      3,
      "MODEL"
    ],
    [
      36,
      23,
      0,
      3,
      0,
      "MODEL"
    ],
    [
      37,
      15,
      0,
      23,
      2,
      "IMAGE"
    ],
    [
      38,
      24,
      1,
      23,
      4,
      "MASK"
    ],
    [
      39,
      4,
      1,
      25,
      0,
      "CLIP"
    ],
    [
      40,
      25,
      0,
      26,
      0,
      "CONDITIONING"
    ],
    [
      41,
      24,
      1,
      26,
      1,
      "MASK"
    ],
    [
      43,
      22,
      0,
      27,
      0,
      "CONDITIONING"
    ],
    [
      44,
      6,
      0,
      27,
      1,
      "CONDITIONING"
    ],
    [
      45,
      26,
      0,
      22,
      1,
      "CONDITIONING"
    ],
    [
      46,
      27,
      0,
      3,
      1,
      "CONDITIONING"
    ],
    [
      47,
      30,
      0,
      31,
      0,
      "IMAGE"
    ],
    [
      48,
      27,
      0,
      30,
      2,
      "CONDITIONING"
    ],
    [
      49,
      7,
      0,
      30,
      3,
      "CONDITIONING"
    ],
    [
      50,
      4,
      2,
      30,
      4,
      "VAE"
    ],
    [
      51,
      23,
      0,
      30,
      1,
      "MODEL"
    ],
    [
      52,
      8,
      0,
      30,
      0,
      "IMAGE"
    ],
    [
      53,
      32,
      0,
      30,
      5,
      "UPSCALE_MODEL"
    ]
  ],
  "groups": [],
  "config": {},
  "extra": {},
  "version": 0.4
}