{
  "last_node_id": 71,
  "last_link_id": 129,
  "nodes": [
    {
      "id": 7,
      "type": "VAELoader",
      "pos": [
        1650,
        720
      ],
      "size": {
        "0": 240,
        "1": 60
      },
      "flags": {},
      "order": 0,
      "mode": 0,
      "outputs": [
        {
          "name": "VAE",
          "type": "VAE",
          "links": [
            8,
            107,
            109
          ],
          "shape": 3,
          "slot_index": 0
        }
      ],
      "properties": {
        "Node name for S&R": "VAELoader"
      },
      "widgets_values": [
        "vae-ft-mse-840000-ema-pruned.safetensors"
      ]
    },
    {
      "id": 5,
      "type": "CLIPTextEncode",
      "pos": [
        1140,
        610
      ],
      "size": {
        "0": 400,
        "1": 160
      },
      "flags": {},
      "order": 14,
      "mode": 0,
      "inputs": [
        {
          "name": "clip",
          "type": "CLIP",
          "link": 6
        }
      ],
      "outputs": [
        {
          "name": "CONDITIONING",
          "type": "CONDITIONING",
          "links": [
            3,
            103
          ],
          "slot_index": 0
        }
      ],
      "properties": {
        "Node name for S&R": "CLIPTextEncode"
      },
      "widgets_values": [
        "blurry, malformed, horror, video game, rendering, naked, cleavage, text, watermark"
      ],
      "color": "#322",
      "bgcolor": "#533"
    },
    {
      "id": 4,
      "type": "CLIPTextEncode",
      "pos": [
        1140,
        410
      ],
      "size": {
        "0": 400,
        "1": 160
      },
      "flags": {},
      "order": 13,
      "mode": 0,
      "inputs": [
        {
          "name": "clip",
          "type": "CLIP",
          "link": 5
        }
      ],
      "outputs": [
        {
          "name": "CONDITIONING",
          "type": "CONDITIONING",
          "links": [
            2,
            102
          ],
          "slot_index": 0
        }
      ],
      "properties": {
        "Node name for S&R": "CLIPTextEncode"
      },
      "widgets_values": [
        "two girl friends laughing on a starry night\n\nhighly detailed, best quality"
      ],
      "color": "#232",
      "bgcolor": "#353"
    },
    {
      "id": 1,
      "type": "KSampler",
      "pos": [
        1650,
        400
      ],
      "size": {
        "0": 240,
        "1": 262
      },
      "flags": {},
      "order": 20,
      "mode": 0,
      "inputs": [
        {
          "name": "model",
          "type": "MODEL",
          "link": 121
        },
        {
          "name": "positive",
          "type": "CONDITIONING",
          "link": 2
        },
        {
          "name": "negative",
          "type": "CONDITIONING",
          "link": 3
        },
        {
          "name": "latent_image",
          "type": "LATENT",
          "link": 4
        }
      ],
      "outputs": [
        {
          "name": "LATENT",
          "type": "LATENT",
          "links": [
            7
          ],
          "slot_index": 0
        }
      ],
      "properties": {
        "Node name for S&R": "KSampler"
      },
      "widgets_values": [
        98,
        "fixed",
        40,
        6.5,
        "dpmpp_2m_sde",
        "exponential",
        1
      ]
    },
    {
      "id": 11,
      "type": "CLIPVisionLoader",
      "pos": [
        -411,
        -118
      ],
      "size": {
        "0": 474.0798645019531,
        "1": 74.73650360107422
      },
      "flags": {},
      "order": 1,
      "mode": 0,
      "outputs": [
        {
          "name": "CLIP_VISION",
          "type": "CLIP_VISION",
          "links": [
            80,
            86,
            115
          ],
          "shape": 3,
          "slot_index": 0
        }
      ],
      "properties": {
        "Node name for S&R": "CLIPVisionLoader"
      },
      "widgets_values": [
        "IP Adapter encoder 1-5.safetensors"
      ],
      "color": "#223",
      "bgcolor": "#335"
    },
    {
      "id": 10,
      "type": "IPAdapterModelLoader",
      "pos": [
        -417,
        -277
      ],
      "size": {
        "0": 485.1457214355469,
        "1": 102.21109771728516
      },
      "flags": {},
      "order": 2,
      "mode": 0,
      "outputs": [
        {
          "name": "IPADAPTER",
          "type": "IPADAPTER",
          "links": [
            79,
            85,
            114
          ],
          "shape": 3,
          "slot_index": 0
        }
      ],
      "properties": {
        "Node name for S&R": "IPAdapterModelLoader"
      },
      "widgets_values": [
        "ip-adapter-plus_sd15.bin"
      ],
      "color": "#223",
      "bgcolor": "#335"
    },
    {
      "id": 12,
      "type": "LoadImage",
      "pos": [
        211,
        196
      ],
      "size": {
        "0": 230,
        "1": 320
      },
      "flags": {},
      "order": 3,
      "mode": 0,
      "outputs": [
        {
          "name": "IMAGE",
          "type": "IMAGE",
          "links": [
            32
          ],
          "shape": 3,
          "slot_index": 0
        },
        {
          "name": "MASK",
          "type": "MASK",
          "links": [],
          "shape": 3,
          "slot_index": 1
        }
      ],
      "properties": {
        "Node name for S&R": "LoadImage"
      },
      "widgets_values": [
        "anime_watercolor.jpg",
        "image"
      ],
      "color": "#223",
      "bgcolor": "#335"
    },
    {
      "id": 53,
      "type": "UpscaleModelLoader",
      "pos": [
        2037,
        -687
      ],
      "size": {
        "0": 354.4339294433594,
        "1": 73.18833923339844
      },
      "flags": {},
      "order": 4,
      "mode": 0,
      "outputs": [
        {
          "name": "UPSCALE_MODEL",
          "type": "UPSCALE_MODEL",
          "links": [
            95
          ],
          "shape": 3,
          "slot_index": 0
        }
      ],
      "properties": {
        "Node name for S&R": "UpscaleModelLoader"
      },
      "widgets_values": [
        "8x_NMKD-Superscale_150000_G.pth"
      ],
      "color": "#2a363b",
      "bgcolor": "#3f5159"
    },
    {
      "id": 57,
      "type": "Reroute",
      "pos": [
        2184,
        -180
      ],
      "size": [
        75,
        26
      ],
      "flags": {},
      "order": 23,
      "mode": 0,
      "inputs": [
        {
          "name": "",
          "type": "*",
          "link": 127
        }
      ],
      "outputs": [
        {
          "name": "",
          "type": "IMAGE",
          "links": [
            96
          ]
        }
      ],
      "properties": {
        "showOutputText": false,
        "horizontal": false
      },
      "color": "#2a363b",
      "bgcolor": "#3f5159"
    },
    {
      "id": 60,
      "type": "VAEDecode",
      "pos": [
        2667,
        -327
      ],
      "size": {
        "0": 140,
        "1": 50
      },
      "flags": {},
      "order": 28,
      "mode": 0,
      "inputs": [
        {
          "name": "samples",
          "type": "LATENT",
          "link": 106
        },
        {
          "name": "vae",
          "type": "VAE",
          "link": 107
        }
      ],
      "outputs": [
        {
          "name": "IMAGE",
          "type": "IMAGE",
          "links": [
            129
          ],
          "shape": 3,
          "slot_index": 0
        }
      ],
      "properties": {
        "Node name for S&R": "VAEDecode"
      }
    },
    {
      "id": 70,
      "type": "SaveImage",
      "pos": [
        2613,
        -708
      ],
      "size": [
        465.32535708771957,
        336.24666108599547
      ],
      "flags": {},
      "order": 29,
      "mode": 0,
      "inputs": [
        {
          "name": "images",
          "type": "IMAGE",
          "link": 129
        }
      ],
      "properties": {},
      "widgets_values": [
        "ComfyUI"
      ]
    },
    {
      "id": 8,
      "type": "PreviewImage",
      "pos": [
        2214,
        205
      ],
      "size": {
        "0": 675.9465942382812,
        "1": 480.1444091796875
      },
      "flags": {},
      "order": 22,
      "mode": 0,
      "inputs": [
        {
          "name": "images",
          "type": "IMAGE",
          "link": 9
        }
      ],
      "properties": {
        "Node name for S&R": "PreviewImage"
      }
    },
    {
      "id": 2,
      "type": "CheckpointLoaderSimple",
      "pos": [
        586,
        464
      ],
      "size": {
        "0": 462.99932861328125,
        "1": 143.07489013671875
      },
      "flags": {},
      "order": 5,
      "mode": 0,
      "outputs": [
        {
          "name": "MODEL",
          "type": "MODEL",
          "links": [
            88
          ],
          "slot_index": 0
        },
        {
          "name": "CLIP",
          "type": "CLIP",
          "links": [
            5,
            6
          ],
          "slot_index": 1
        },
        {
          "name": "VAE",
          "type": "VAE",
          "links": [],
          "slot_index": 2
        }
      ],
      "properties": {
        "Node name for S&R": "CheckpointLoaderSimple"
      },
      "widgets_values": [
        "epicrealism_naturalSinRC1VAE.safetensors"
      ]
    },
    {
      "id": 63,
      "type": "LoadImageMask",
      "pos": [
        175,
        -680
      ],
      "size": {
        "0": 315,
        "1": 318.0000305175781
      },
      "flags": {},
      "order": 6,
      "mode": 0,
      "outputs": [
        {
          "name": "MASK",
          "type": "MASK",
          "links": [
            112
          ],
          "shape": 3,
          "slot_index": 0
        }
      ],
      "properties": {
        "Node name for S&R": "LoadImageMask"
      },
      "widgets_values": [
        "RGB.png",
        "blue",
        "image"
      ],
      "color": "#223",
      "bgcolor": "#335"
    },
    {
      "id": 64,
      "type": "LoadImageMask",
      "pos": [
        533,
        -686
      ],
      "size": {
        "0": 315,
        "1": 318.0000305175781
      },
      "flags": {},
      "order": 7,
      "mode": 0,
      "outputs": [
        {
          "name": "MASK",
          "type": "MASK",
          "links": [
            113
          ],
          "shape": 3,
          "slot_index": 0
        }
      ],
      "properties": {
        "Node name for S&R": "LoadImageMask"
      },
      "widgets_values": [
        "RGB (1).png",
        "red",
        "image"
      ],
      "color": "#223",
      "bgcolor": "#335"
    },
    {
      "id": 65,
      "type": "LoadImageMask",
      "pos": [
        891,
        -685
      ],
      "size": {
        "0": 315,
        "1": 318.0000305175781
      },
      "flags": {},
      "order": 8,
      "mode": 0,
      "outputs": [
        {
          "name": "MASK",
          "type": "MASK",
          "links": [
            120
          ],
          "shape": 3,
          "slot_index": 0
        }
      ],
      "properties": {
        "Node name for S&R": "LoadImageMask"
      },
      "widgets_values": [
        "RGB (2).png",
        "green",
        "image"
      ],
      "color": "#223",
      "bgcolor": "#335"
    },
    {
      "id": 13,
      "type": "PrepImageForClipVision",
      "pos": [
        475,
        87
      ],
      "size": {
        "0": 243.60000610351562,
        "1": 110
      },
      "flags": {},
      "order": 12,
      "mode": 0,
      "inputs": [
        {
          "name": "image",
          "type": "IMAGE",
          "link": 32
        }
      ],
      "outputs": [
        {
          "name": "IMAGE",
          "type": "IMAGE",
          "links": [
            87
          ],
          "shape": 3,
          "slot_index": 0
        }
      ],
      "properties": {
        "Node name for S&R": "PrepImageForClipVision"
      },
      "widgets_values": [
        "LANCZOS",
        "top",
        0
      ],
      "color": "#223",
      "bgcolor": "#335"
    },
    {
      "id": 51,
      "type": "IPAdapterApply",
      "pos": [
        760,
        -96
      ],
      "size": {
        "0": 210,
        "1": 190
      },
      "flags": {},
      "order": 17,
      "mode": 0,
      "inputs": [
        {
          "name": "ipadapter",
          "type": "IPADAPTER",
          "link": 85
        },
        {
          "name": "clip_vision",
          "type": "CLIP_VISION",
          "link": 86
        },
        {
          "name": "image",
          "type": "IMAGE",
          "link": 87
        },
        {
          "name": "model",
          "type": "MODEL",
          "link": 88
        },
        {
          "name": "attn_mask",
          "type": "MASK",
          "link": 112
        }
      ],
      "outputs": [
        {
          "name": "MODEL",
          "type": "MODEL",
          "links": [
            90
          ],
          "shape": 3,
          "slot_index": 0
        }
      ],
      "properties": {
        "Node name for S&R": "IPAdapterApply"
      },
      "widgets_values": [
        0.75,
        0.33,
        "original"
      ],
      "color": "#223",
      "bgcolor": "#335"
    },
    {
      "id": 27,
      "type": "LoadImage",
      "pos": [
        1051,
        -4
      ],
      "size": {
        "0": 240,
        "1": 330
      },
      "flags": {},
      "order": 9,
      "mode": 0,
      "outputs": [
        {
          "name": "IMAGE",
          "type": "IMAGE",
          "links": [
            93
          ],
          "shape": 3,
          "slot_index": 0
        },
        {
          "name": "MASK",
          "type": "MASK",
          "links": [],
          "shape": 3,
          "slot_index": 1
        }
      ],
      "properties": {
        "Node name for S&R": "LoadImage"
      },
      "widgets_values": [
        "Women_Fashion_Clothing_21 (1).jpg",
        "image"
      ],
      "color": "#223",
      "bgcolor": "#335"
    },
    {
      "id": 52,
      "type": "PrepImageForClipVision",
      "pos": [
        1324,
        -58
      ],
      "size": {
        "0": 243.60000610351562,
        "1": 110
      },
      "flags": {},
      "order": 15,
      "mode": 0,
      "inputs": [
        {
          "name": "image",
          "type": "IMAGE",
          "link": 93
        }
      ],
      "outputs": [
        {
          "name": "IMAGE",
          "type": "IMAGE",
          "links": [
            94
          ],
          "shape": 3,
          "slot_index": 0
        }
      ],
      "properties": {
        "Node name for S&R": "PrepImageForClipVision"
      },
      "widgets_values": [
        "LANCZOS",
        "top",
        0
      ],
      "color": "#223",
      "bgcolor": "#335"
    },
    {
      "id": 50,
      "type": "IPAdapterApply",
      "pos": [
        1593,
        -205
      ],
      "size": {
        "0": 210,
        "1": 190
      },
      "flags": {},
      "order": 18,
      "mode": 0,
      "inputs": [
        {
          "name": "ipadapter",
          "type": "IPADAPTER",
          "link": 79
        },
        {
          "name": "clip_vision",
          "type": "CLIP_VISION",
          "link": 80
        },
        {
          "name": "image",
          "type": "IMAGE",
          "link": 94
        },
        {
          "name": "model",
          "type": "MODEL",
          "link": 90
        },
        {
          "name": "attn_mask",
          "type": "MASK",
          "link": 113
        }
      ],
      "outputs": [
        {
          "name": "MODEL",
          "type": "MODEL",
          "links": [
            122
          ],
          "shape": 3,
          "slot_index": 0
        }
      ],
      "properties": {
        "Node name for S&R": "IPAdapterApply"
      },
      "widgets_values": [
        0.75,
        0.33,
        "original"
      ],
      "color": "#223",
      "bgcolor": "#335"
    },
    {
      "id": 66,
      "type": "LoadImage",
      "pos": [
        1283,
        -655
      ],
      "size": {
        "0": 240,
        "1": 330
      },
      "flags": {},
      "order": 10,
      "mode": 0,
      "outputs": [
        {
          "name": "IMAGE",
          "type": "IMAGE",
          "links": [
            119
          ],
          "shape": 3,
          "slot_index": 0
        },
        {
          "name": "MASK",
          "type": "MASK",
          "links": [],
          "shape": 3,
          "slot_index": 1
        }
      ],
      "properties": {
        "Node name for S&R": "LoadImage"
      },
      "widgets_values": [
        "picasso-starry-night-1024x811 (1).jpg",
        "image"
      ],
      "color": "#223",
      "bgcolor": "#335"
    },
    {
      "id": 68,
      "type": "PrepImageForClipVision",
      "pos": [
        1582,
        -524
      ],
      "size": {
        "0": 243.60000610351562,
        "1": 110
      },
      "flags": {},
      "order": 16,
      "mode": 0,
      "inputs": [
        {
          "name": "image",
          "type": "IMAGE",
          "link": 119
        }
      ],
      "outputs": [
        {
          "name": "IMAGE",
          "type": "IMAGE",
          "links": [
            116
          ],
          "shape": 3,
          "slot_index": 0
        }
      ],
      "properties": {
        "Node name for S&R": "PrepImageForClipVision"
      },
      "widgets_values": [
        "LANCZOS",
        "center",
        0
      ],
      "color": "#223",
      "bgcolor": "#335"
    },
    {
      "id": 67,
      "type": "IPAdapterApply",
      "pos": [
        1860,
        -351
      ],
      "size": {
        "0": 210,
        "1": 190
      },
      "flags": {},
      "order": 19,
      "mode": 0,
      "inputs": [
        {
          "name": "ipadapter",
          "type": "IPADAPTER",
          "link": 114
        },
        {
          "name": "clip_vision",
          "type": "CLIP_VISION",
          "link": 115
        },
        {
          "name": "image",
          "type": "IMAGE",
          "link": 116
        },
        {
          "name": "model",
          "type": "MODEL",
          "link": 122
        },
        {
          "name": "attn_mask",
          "type": "MASK",
          "link": 120
        }
      ],
      "outputs": [
        {
          "name": "MODEL",
          "type": "MODEL",
          "links": [
            121,
            123
          ],
          "shape": 3,
          "slot_index": 0
        }
      ],
      "properties": {
        "Node name for S&R": "IPAdapterApply"
      },
      "widgets_values": [
        0.75,
        0.33,
        "original"
      ],
      "color": "#223",
      "bgcolor": "#335"
    },
    {
      "id": 3,
      "type": "EmptyLatentImage",
      "pos": [
        1332,
        825
      ],
      "size": {
        "0": 210,
        "1": 110
      },
      "flags": {},
      "order": 11,
      "mode": 0,
      "outputs": [
        {
          "name": "LATENT",
          "type": "LATENT",
          "links": [
            4
          ],
          "slot_index": 0
        }
      ],
      "properties": {
        "Node name for S&R": "EmptyLatentImage"
      },
      "widgets_values": [
        768,
        512,
        1
      ]
    },
    {
      "id": 6,
      "type": "VAEDecode",
      "pos": [
        1945,
        392
      ],
      "size": {
        "0": 140,
        "1": 50
      },
      "flags": {},
      "order": 21,
      "mode": 0,
      "inputs": [
        {
          "name": "samples",
          "type": "LATENT",
          "link": 7
        },
        {
          "name": "vae",
          "type": "VAE",
          "link": 8
        }
      ],
      "outputs": [
        {
          "name": "IMAGE",
          "type": "IMAGE",
          "links": [
            9,
            127
          ],
          "slot_index": 0
        }
      ],
      "properties": {
        "Node name for S&R": "VAEDecode"
      }
    },
    {
      "id": 54,
      "type": "ImageUpscaleWithModel",
      "pos": [
        2249,
        -556
      ],
      "size": {
        "0": 230,
        "1": 50
      },
      "flags": {},
      "order": 24,
      "mode": 0,
      "inputs": [
        {
          "name": "upscale_model",
          "type": "UPSCALE_MODEL",
          "link": 95
        },
        {
          "name": "image",
          "type": "IMAGE",
          "link": 96,
          "slot_index": 1
        }
      ],
      "outputs": [
        {
          "name": "IMAGE",
          "type": "IMAGE",
          "links": [
            98
          ],
          "shape": 3,
          "slot_index": 0
        }
      ],
      "properties": {
        "Node name for S&R": "ImageUpscaleWithModel"
      },
      "color": "#2a363b",
      "bgcolor": "#3f5159"
    },
    {
      "id": 56,
      "type": "ImageScaleBy",
      "pos": [
        2302,
        -444
      ],
      "size": [
        236.50462890625022,
        87.57596343994146
      ],
      "flags": {},
      "order": 25,
      "mode": 0,
      "inputs": [
        {
          "name": "image",
          "type": "IMAGE",
          "link": 98
        }
      ],
      "outputs": [
        {
          "name": "IMAGE",
          "type": "IMAGE",
          "links": [
            126
          ],
          "shape": 3,
          "slot_index": 0
        }
      ],
      "properties": {
        "Node name for S&R": "ImageScaleBy"
      },
      "widgets_values": [
        "lanczos",
        0.5
      ],
      "color": "#2a363b",
      "bgcolor": "#3f5159"
    },
    {
      "id": 55,
      "type": "VAEEncode",
      "pos": [
        2415,
        -306
      ],
      "size": {
        "0": 140,
        "1": 50
      },
      "flags": {},
      "order": 26,
      "mode": 0,
      "inputs": [
        {
          "name": "pixels",
          "type": "IMAGE",
          "link": 126
        },
        {
          "name": "vae",
          "type": "VAE",
          "link": 109
        }
      ],
      "outputs": [
        {
          "name": "LATENT",
          "type": "LATENT",
          "links": [
            128
          ],
          "shape": 3,
          "slot_index": 0
        }
      ],
      "properties": {
        "Node name for S&R": "VAEEncode"
      },
      "color": "#2a363b",
      "bgcolor": "#3f5159"
    },
    {
      "id": 59,
      "type": "KSampler",
      "pos": [
        2621,
        -206
      ],
      "size": {
        "0": 240,
        "1": 262
      },
      "flags": {},
      "order": 27,
      "mode": 0,
      "inputs": [
        {
          "name": "model",
          "type": "MODEL",
          "link": 123
        },
        {
          "name": "positive",
          "type": "CONDITIONING",
          "link": 102
        },
        {
          "name": "negative",
          "type": "CONDITIONING",
          "link": 103
        },
        {
          "name": "latent_image",
          "type": "LATENT",
          "link": 128
        }
      ],
      "outputs": [
        {
          "name": "LATENT",
          "type": "LATENT",
          "links": [
            106
          ],
          "slot_index": 0
        }
      ],
      "properties": {
        "Node name for S&R": "KSampler"
      },
      "widgets_values": [
        667,
        "fixed",
        20,
        7,
        "dpmpp_2m",
        "karras",
        0.35000000000000003
      ]
    }
  ],
  "links": [
    [
      2,
      4,
      0,
      1,
      1,
      "CONDITIONING"
    ],
    [
      3,
      5,
      0,
      1,
      2,
      "CONDITIONING"
    ],
    [
      4,
      3,
      0,
      1,
      3,
      "LATENT"
    ],
    [
      5,
      2,
      1,
      4,
      0,
      "CLIP"
    ],
    [
      6,
      2,
      1,
      5,
      0,
      "CLIP"
    ],
    [
      7,
      1,
      0,
      6,
      0,
      "LATENT"
    ],
    [
      8,
      7,
      0,
      6,
      1,
      "VAE"
    ],
    [
      9,
      6,
      0,
      8,
      0,
      "IMAGE"
    ],
    [
      32,
      12,
      0,
      13,
      0,
      "IMAGE"
    ],
    [
      79,
      10,
      0,
      50,
      0,
      "IPADAPTER"
    ],
    [
      80,
      11,
      0,
      50,
      1,
      "CLIP_VISION"
    ],
    [
      85,
      10,
      0,
      51,
      0,
      "IPADAPTER"
    ],
    [
      86,
      11,
      0,
      51,
      1,
      "CLIP_VISION"
    ],
    [
      87,
      13,
      0,
      51,
      2,
      "IMAGE"
    ],
    [
      88,
      2,
      0,
      51,
      3,
      "MODEL"
    ],
    [
      90,
      51,
      0,
      50,
      3,
      "MODEL"
    ],
    [
      93,
      27,
      0,
      52,
      0,
      "IMAGE"
    ],
    [
      94,
      52,
      0,
      50,
      2,
      "IMAGE"
    ],
    [
      95,
      53,
      0,
      54,
      0,
      "UPSCALE_MODEL"
    ],
    [
      96,
      57,
      0,
      54,
      1,
      "IMAGE"
    ],
    [
      98,
      54,
      0,
      56,
      0,
      "IMAGE"
    ],
    [
      102,
      4,
      0,
      59,
      1,
      "CONDITIONING"
    ],
    [
      103,
      5,
      0,
      59,
      2,
      "CONDITIONING"
    ],
    [
      106,
      59,
      0,
      60,
      0,
      "LATENT"
    ],
    [
      107,
      7,
      0,
      60,
      1,
      "VAE"
    ],
    [
      109,
      7,
      0,
      55,
      1,
      "VAE"
    ],
    [
      112,
      63,
      0,
      51,
      4,
      "MASK"
    ],
    [
      113,
      64,
      0,
      50,
      4,
      "MASK"
    ],
    [
      114,
      10,
      0,
      67,
      0,
      "IPADAPTER"
    ],
    [
      115,
      11,
      0,
      67,
      1,
      "CLIP_VISION"
    ],
    [
      116,
      68,
      0,
      67,
      2,
      "IMAGE"
    ],
    [
      119,
      66,
      0,
      68,
      0,
      "IMAGE"
    ],
    [
      120,
      65,
      0,
      67,
      4,
      "MASK"
    ],
    [
      121,
      67,
      0,
      1,
      0,
      "MODEL"
    ],
    [
      122,
      50,
      0,
      67,
      3,
      "MODEL"
    ],
    [
      123,
      67,
      0,
      59,
      0,
      "MODEL"
    ],
    [
      126,
      56,
      0,
      55,
      0,
      "IMAGE"
    ],
    [
      127,
      6,
      0,
      57,
      0,
      "*"
    ],
    [
      128,
      55,
      0,
      59,
      3,
      "LATENT"
    ],
    [
      129,
      60,
      0,
      70,
      0,
      "IMAGE"
    ]
  ],
  "groups": [],
  "config": {},
  "extra": {},
  "version": 0.4
}