{
  "last_node_id": 70,
  "last_link_id": 127,
  "nodes": [
    {
      "id": 34,
      "type": "IPAdapterModelLoader",
      "pos": [
        1404,
        -594
      ],
      "size": {
        "0": 315,
        "1": 58
      },
      "flags": {},
      "order": 0,
      "mode": 0,
      "outputs": [
        {
          "name": "IPADAPTER",
          "type": "IPADAPTER",
          "links": [
            55,
            71
          ],
          "shape": 3
        }
      ],
      "properties": {
        "Node name for S&R": "IPAdapterModelLoader"
      },
      "widgets_values": [
        "ip-adapter-plus_sd15.bin"
      ]
    },
    {
      "id": 62,
      "type": "ControlNetLoaderAdvanced",
      "pos": [
        1297,
        625
      ],
      "size": [
        435.69981114661255,
        87.54774322415949
      ],
      "flags": {},
      "order": 9,
      "mode": 0,
      "inputs": [
        {
          "name": "timestep_keyframe",
          "type": "TIMESTEP_KEYFRAME",
          "link": 127,
          "slot_index": 0
        }
      ],
      "outputs": [
        {
          "name": "CONTROL_NET",
          "type": "CONTROL_NET",
          "links": [
            118
          ],
          "shape": 3,
          "slot_index": 0
        }
      ],
      "properties": {
        "Node name for S&R": "ControlNetLoaderAdvanced"
      },
      "widgets_values": [
        "control_v11f1e_sd15_tile_fp16.safetensors"
      ]
    },
    {
      "id": 70,
      "type": "ScaledSoftControlNetWeights",
      "pos": [
        927,
        662
      ],
      "size": {
        "0": 327.6000061035156,
        "1": 102
      },
      "flags": {},
      "order": 1,
      "mode": 0,
      "outputs": [
        {
          "name": "CONTROL_NET_WEIGHTS",
          "type": "CONTROL_NET_WEIGHTS",
          "links": null,
          "shape": 3
        },
        {
          "name": "TIMESTEP_KEYFRAME",
          "type": "TIMESTEP_KEYFRAME",
          "links": [
            127
          ],
          "shape": 3
        }
      ],
      "properties": {
        "Node name for S&R": "ScaledSoftControlNetWeights"
      },
      "widgets_values": [
        0.9,
        false
      ]
    },
    {
      "id": 7,
      "type": "CLIPTextEncode",
      "pos": [
        1204,
        360
      ],
      "size": {
        "0": 370,
        "1": 160
      },
      "flags": {},
      "order": 12,
      "mode": 0,
      "inputs": [
        {
          "name": "clip",
          "type": "CLIP",
          "link": 5
        }
      ],
      "outputs": [
        {
          "name": "CONDITIONING",
          "type": "CONDITIONING",
          "links": [
            94
          ],
          "slot_index": 0
        }
      ],
      "title": "CLIP Text Encode (Negative)",
      "properties": {
        "Node name for S&R": "CLIPTextEncode"
      },
      "widgets_values": [
        "blurry, horror, "
      ],
      "color": "#322",
      "bgcolor": "#533"
    },
    {
      "id": 6,
      "type": "CLIPTextEncode",
      "pos": [
        1175,
        156
      ],
      "size": {
        "0": 370,
        "1": 160
      },
      "flags": {},
      "order": 11,
      "mode": 0,
      "inputs": [
        {
          "name": "clip",
          "type": "CLIP",
          "link": 3
        }
      ],
      "outputs": [
        {
          "name": "CONDITIONING",
          "type": "CONDITIONING",
          "links": [
            95
          ],
          "slot_index": 0
        }
      ],
      "title": "CLIP Text Encode (Positive)",
      "properties": {
        "Node name for S&R": "CLIPTextEncode"
      },
      "widgets_values": [
        "a logo morphing into an eye\n\n(flat white background:1.3)"
      ],
      "color": "#232",
      "bgcolor": "#353"
    },
    {
      "id": 11,
      "type": "VAELoader",
      "pos": [
        2349,
        339
      ],
      "size": [
        389.33077575683456,
        58.68045532226472
      ],
      "flags": {},
      "order": 2,
      "mode": 0,
      "outputs": [
        {
          "name": "VAE",
          "type": "VAE",
          "links": [
            12
          ],
          "shape": 3,
          "slot_index": 0
        }
      ],
      "properties": {
        "Node name for S&R": "VAELoader"
      },
      "widgets_values": [
        "vae-ft-mse-840000-ema-pruned.safetensors"
      ]
    },
    {
      "id": 4,
      "type": "CheckpointLoaderSimple",
      "pos": [
        738,
        335
      ],
      "size": {
        "0": 340,
        "1": 100
      },
      "flags": {},
      "order": 3,
      "mode": 0,
      "outputs": [
        {
          "name": "MODEL",
          "type": "MODEL",
          "links": [
            90
          ],
          "slot_index": 0
        },
        {
          "name": "CLIP",
          "type": "CLIP",
          "links": [
            3,
            5
          ],
          "slot_index": 1
        },
        {
          "name": "VAE",
          "type": "VAE",
          "links": [],
          "slot_index": 2
        }
      ],
      "properties": {
        "Node name for S&R": "CheckpointLoaderSimple"
      },
      "widgets_values": [
        "Deliberate_v4.safetensors"
      ]
    },
    {
      "id": 50,
      "type": "ADE_AnimateDiffLoaderWithContext",
      "pos": [
        831,
        -27
      ],
      "size": {
        "0": 323.760009765625,
        "1": 190
      },
      "flags": {},
      "order": 10,
      "mode": 0,
      "inputs": [
        {
          "name": "model",
          "type": "MODEL",
          "link": 90
        },
        {
          "name": "context_options",
          "type": "CONTEXT_OPTIONS",
          "link": null
        },
        {
          "name": "motion_lora",
          "type": "MOTION_LORA",
          "link": null
        },
        {
          "name": "motion_model_settings",
          "type": "MOTION_MODEL_SETTINGS",
          "link": null
        }
      ],
      "outputs": [
        {
          "name": "MODEL",
          "type": "MODEL",
          "links": [
            89
          ],
          "shape": 3,
          "slot_index": 0
        }
      ],
      "properties": {
        "Node name for S&R": "ADE_AnimateDiffLoaderWithContext"
      },
      "widgets_values": [
        "mm_sd_v15_v2.ckpt",
        "sqrt_linear (AnimateDiff)",
        1,
        false
      ]
    },
    {
      "id": 41,
      "type": "VHS_LoadImages",
      "pos": [
        775,
        -609
      ],
      "size": {
        "0": 243.60000610351562,
        "1": 194
      },
      "flags": {},
      "order": 4,
      "mode": 0,
      "outputs": [
        {
          "name": "IMAGE",
          "type": "IMAGE",
          "links": [
            68
          ],
          "shape": 3,
          "slot_index": 0
        },
        {
          "name": "MASK",
          "type": "MASK",
          "links": null,
          "shape": 3
        },
        {
          "name": "INT",
          "type": "INT",
          "links": null,
          "shape": 3
        }
      ],
      "properties": {
        "Node name for S&R": "VHS_LoadImages"
      },
      "widgets_values": {
        "directory": "zoom-16",
        "image_load_cap": 0,
        "skip_first_images": 0,
        "select_every_nth": 1,
        "choose folder to upload": "image"
      }
    },
    {
      "id": 42,
      "type": "ImageToMask",
      "pos": [
        900,
        -304
      ],
      "size": {
        "0": 210,
        "1": 58
      },
      "flags": {},
      "order": 13,
      "mode": 0,
      "inputs": [
        {
          "name": "image",
          "type": "IMAGE",
          "link": 68
        }
      ],
      "outputs": [
        {
          "name": "MASK",
          "type": "MASK",
          "links": [
            81,
            93
          ],
          "shape": 3,
          "slot_index": 0
        }
      ],
      "properties": {
        "Node name for S&R": "ImageToMask"
      },
      "widgets_values": [
        "red"
      ]
    },
    {
      "id": 35,
      "type": "CLIPVisionLoader",
      "pos": [
        1399,
        -480
      ],
      "size": [
        347.0718298037184,
        124.47488882521935
      ],
      "flags": {},
      "order": 5,
      "mode": 0,
      "outputs": [
        {
          "name": "CLIP_VISION",
          "type": "CLIP_VISION",
          "links": [
            56,
            72
          ],
          "shape": 3
        }
      ],
      "properties": {
        "Node name for S&R": "CLIPVisionLoader"
      },
      "widgets_values": [
        "IP Adapter encoder 1-5.safetensors"
      ]
    },
    {
      "id": 36,
      "type": "LoadImage",
      "pos": [
        1158,
        -414
      ],
      "size": {
        "0": 210,
        "1": 314
      },
      "flags": {},
      "order": 6,
      "mode": 0,
      "outputs": [
        {
          "name": "IMAGE",
          "type": "IMAGE",
          "links": [
            58,
            99
          ],
          "shape": 3,
          "slot_index": 0
        },
        {
          "name": "MASK",
          "type": "MASK",
          "links": null,
          "shape": 3
        }
      ],
      "properties": {
        "Node name for S&R": "LoadImage"
      },
      "widgets_values": [
        "LV-logo-appo.png",
        "image"
      ]
    },
    {
      "id": 37,
      "type": "PrepImageForClipVision",
      "pos": [
        1446,
        -169
      ],
      "size": {
        "0": 243.60000610351562,
        "1": 106
      },
      "flags": {},
      "order": 14,
      "mode": 0,
      "inputs": [
        {
          "name": "image",
          "type": "IMAGE",
          "link": 58
        }
      ],
      "outputs": [
        {
          "name": "IMAGE",
          "type": "IMAGE",
          "links": [
            59
          ],
          "shape": 3,
          "slot_index": 0
        }
      ],
      "properties": {
        "Node name for S&R": "PrepImageForClipVision"
      },
      "widgets_values": [
        "LANCZOS",
        "center",
        0
      ]
    },
    {
      "id": 45,
      "type": "LoadImage",
      "pos": [
        1817,
        -646
      ],
      "size": {
        "0": 210,
        "1": 314
      },
      "flags": {},
      "order": 7,
      "mode": 0,
      "outputs": [
        {
          "name": "IMAGE",
          "type": "IMAGE",
          "links": [
            79
          ],
          "shape": 3,
          "slot_index": 0
        },
        {
          "name": "MASK",
          "type": "MASK",
          "links": null,
          "shape": 3
        }
      ],
      "properties": {
        "Node name for S&R": "LoadImage"
      },
      "widgets_values": [
        "ComfyUI_temp_lcyzu_00073__2 (1).png",
        "image"
      ]
    },
    {
      "id": 46,
      "type": "PrepImageForClipVision",
      "pos": [
        2098,
        -501
      ],
      "size": {
        "0": 243.60000610351562,
        "1": 106
      },
      "flags": {},
      "order": 15,
      "mode": 0,
      "inputs": [
        {
          "name": "image",
          "type": "IMAGE",
          "link": 79
        }
      ],
      "outputs": [
        {
          "name": "IMAGE",
          "type": "IMAGE",
          "links": [
            80
          ],
          "shape": 3,
          "slot_index": 0
        }
      ],
      "properties": {
        "Node name for S&R": "PrepImageForClipVision"
      },
      "widgets_values": [
        "LANCZOS",
        "center",
        0
      ]
    },
    {
      "id": 47,
      "type": "InvertMask",
      "pos": [
        1131,
        -541
      ],
      "size": {
        "0": 210,
        "1": 26
      },
      "flags": {},
      "order": 16,
      "mode": 0,
      "inputs": [
        {
          "name": "mask",
          "type": "MASK",
          "link": 81
        }
      ],
      "outputs": [
        {
          "name": "MASK",
          "type": "MASK",
          "links": [
            92,
            122
          ],
          "shape": 3,
          "slot_index": 0
        }
      ],
      "properties": {
        "Node name for S&R": "InvertMask"
      }
    },
    {
      "id": 33,
      "type": "IPAdapterApply",
      "pos": [
        1786,
        -226
      ],
      "size": {
        "0": 210,
        "1": 278
      },
      "flags": {},
      "order": 17,
      "mode": 0,
      "inputs": [
        {
          "name": "ipadapter",
          "type": "IPADAPTER",
          "link": 55,
          "slot_index": 0
        },
        {
          "name": "clip_vision",
          "type": "CLIP_VISION",
          "link": 56,
          "slot_index": 1
        },
        {
          "name": "image",
          "type": "IMAGE",
          "link": 59,
          "slot_index": 2
        },
        {
          "name": "model",
          "type": "MODEL",
          "link": 89
        },
        {
          "name": "attn_mask",
          "type": "MASK",
          "link": 92
        },
        {
          "name": "ad",
          "type": "AD",
          "link": null
        }
      ],
      "outputs": [
        {
          "name": "MODEL",
          "type": "MODEL",
          "links": [
            77
          ],
          "shape": 3,
          "slot_index": 0
        }
      ],
      "properties": {
        "Node name for S&R": "IPAdapterApply"
      },
      "widgets_values": [
        0.8,
        0.4,
        "original",
        0,
        1,
        false
      ]
    },
    {
      "id": 44,
      "type": "IPAdapterApply",
      "pos": [
        2139,
        -310
      ],
      "size": {
        "0": 210,
        "1": 278
      },
      "flags": {},
      "order": 19,
      "mode": 0,
      "inputs": [
        {
          "name": "ipadapter",
          "type": "IPADAPTER",
          "link": 71,
          "slot_index": 0
        },
        {
          "name": "clip_vision",
          "type": "CLIP_VISION",
          "link": 72,
          "slot_index": 1
        },
        {
          "name": "image",
          "type": "IMAGE",
          "link": 80,
          "slot_index": 2
        },
        {
          "name": "model",
          "type": "MODEL",
          "link": 77
        },
        {
          "name": "attn_mask",
          "type": "MASK",
          "link": 93
        },
        {
          "name": "ad",
          "type": "AD",
          "link": null
        }
      ],
      "outputs": [
        {
          "name": "MODEL",
          "type": "MODEL",
          "links": [
            78
          ],
          "shape": 3,
          "slot_index": 0
        }
      ],
      "properties": {
        "Node name for S&R": "IPAdapterApply"
      },
      "widgets_values": [
        1,
        0.63,
        "channel penalty",
        0,
        1,
        false
      ]
    },
    {
      "id": 51,
      "type": "ACN_AdvancedControlNetApply",
      "pos": [
        1737,
        159
      ],
      "size": {
        "0": 315,
        "1": 246
      },
      "flags": {},
      "order": 18,
      "mode": 0,
      "inputs": [
        {
          "name": "positive",
          "type": "CONDITIONING",
          "link": 95
        },
        {
          "name": "negative",
          "type": "CONDITIONING",
          "link": 94
        },
        {
          "name": "control_net",
          "type": "CONTROL_NET",
          "link": 118,
          "slot_index": 2
        },
        {
          "name": "image",
          "type": "IMAGE",
          "link": 99
        },
        {
          "name": "mask_optional",
          "type": "MASK",
          "link": 122
        },
        {
          "name": "timestep_kf",
          "type": "TIMESTEP_KEYFRAME",
          "link": null
        },
        {
          "name": "latent_kf_override",
          "type": "LATENT_KEYFRAME",
          "link": null
        },
        {
          "name": "weights_override",
          "type": "CONTROL_NET_WEIGHTS",
          "link": null
        }
      ],
      "outputs": [
        {
          "name": "positive",
          "type": "CONDITIONING",
          "links": [
            116
          ],
          "shape": 3,
          "slot_index": 0
        },
        {
          "name": "negative",
          "type": "CONDITIONING",
          "links": [
            119
          ],
          "shape": 3,
          "slot_index": 1
        }
      ],
      "properties": {
        "Node name for S&R": "ACN_AdvancedControlNetApply"
      },
      "widgets_values": [
        1,
        0,
        0.75
      ]
    },
    {
      "id": 5,
      "type": "EmptyLatentImage",
      "pos": [
        2095,
        235
      ],
      "size": {
        "0": 220,
        "1": 106
      },
      "flags": {},
      "order": 8,
      "mode": 0,
      "outputs": [
        {
          "name": "LATENT",
          "type": "LATENT",
          "links": [
            2
          ],
          "slot_index": 0
        }
      ],
      "properties": {
        "Node name for S&R": "EmptyLatentImage"
      },
      "widgets_values": [
        512,
        512,
        16
      ]
    },
    {
      "id": 3,
      "type": "KSampler",
      "pos": [
        2385,
        -21
      ],
      "size": {
        "0": 300,
        "1": 262
      },
      "flags": {},
      "order": 20,
      "mode": 0,
      "inputs": [
        {
          "name": "model",
          "type": "MODEL",
          "link": 78
        },
        {
          "name": "positive",
          "type": "CONDITIONING",
          "link": 116
        },
        {
          "name": "negative",
          "type": "CONDITIONING",
          "link": 119
        },
        {
          "name": "latent_image",
          "type": "LATENT",
          "link": 2
        }
      ],
      "outputs": [
        {
          "name": "LATENT",
          "type": "LATENT",
          "links": [
            125
          ],
          "slot_index": 0
        }
      ],
      "properties": {
        "Node name for S&R": "KSampler"
      },
      "widgets_values": [
        32,
        "fixed",
        25,
        5,
        "dpmpp_2m_sde_gpu",
        "exponential",
        1
      ]
    },
    {
      "id": 8,
      "type": "VAEDecode",
      "pos": [
        2727,
        -17
      ],
      "size": {
        "0": 140,
        "1": 60
      },
      "flags": {},
      "order": 21,
      "mode": 0,
      "inputs": [
        {
          "name": "samples",
          "type": "LATENT",
          "link": 125
        },
        {
          "name": "vae",
          "type": "VAE",
          "link": 12
        }
      ],
      "outputs": [
        {
          "name": "IMAGE",
          "type": "IMAGE",
          "links": [
            53
          ],
          "slot_index": 0
        }
      ],
      "properties": {
        "Node name for S&R": "VAEDecode"
      }
    },
    {
      "id": 30,
      "type": "VHS_VideoCombine",
      "pos": [
        2905,
        -26
      ],
      "size": [
        430,
        654
      ],
      "flags": {},
      "order": 22,
      "mode": 0,
      "inputs": [
        {
          "name": "images",
          "type": "IMAGE",
          "link": 53
        }
      ],
      "outputs": [],
      "properties": {
        "Node name for S&R": "VHS_VideoCombine"
      },
      "widgets_values": {
        "frame_rate": 8,
        "loop_count": 0,
        "filename_prefix": "AnimateDiff",
        "format": "video/h264-mp4",
        "pingpong": false,
        "save_image": true,
        "crf": 20,
        "save_metadata": false,
        "audio_file": "",
        "videopreview": {
          "hidden": false,
          "paused": false,
          "params": {
            "filename": "AnimateDiff_00044.mp4",
            "subfolder": "",
            "type": "output",
            "format": "video/h264-mp4"
          }
        }
      }
    }
  ],
  "links": [
    [
      2,
      5,
      0,
      3,
      3,
      "LATENT"
    ],
    [
      3,
      4,
      1,
      6,
      0,
      "CLIP"
    ],
    [
      5,
      4,
      1,
      7,
      0,
      "CLIP"
    ],
    [
      12,
      11,
      0,
      8,
      1,
      "VAE"
    ],
    [
      53,
      8,
      0,
      30,
      0,
      "IMAGE"
    ],
    [
      55,
      34,
      0,
      33,
      0,
      "IPADAPTER"
    ],
    [
      56,
      35,
      0,
      33,
      1,
      "CLIP_VISION"
    ],
    [
      58,
      36,
      0,
      37,
      0,
      "IMAGE"
    ],
    [
      59,
      37,
      0,
      33,
      2,
      "IMAGE"
    ],
    [
      68,
      41,
      0,
      42,
      0,
      "IMAGE"
    ],
    [
      71,
      34,
      0,
      44,
      0,
      "IPADAPTER"
    ],
    [
      72,
      35,
      0,
      44,
      1,
      "CLIP_VISION"
    ],
    [
      77,
      33,
      0,
      44,
      3,
      "MODEL"
    ],
    [
      78,
      44,
      0,
      3,
      0,
      "MODEL"
    ],
    [
      79,
      45,
      0,
      46,
      0,
      "IMAGE"
    ],
    [
      80,
      46,
      0,
      44,
      2,
      "IMAGE"
    ],
    [
      81,
      42,
      0,
      47,
      0,
      "MASK"
    ],
    [
      89,
      50,
      0,
      33,
      3,
      "MODEL"
    ],
    [
      90,
      4,
      0,
      50,
      0,
      "MODEL"
    ],
    [
      92,
      47,
      0,
      33,
      4,
      "MASK"
    ],
    [
      93,
      42,
      0,
      44,
      4,
      "MASK"
    ],
    [
      94,
      7,
      0,
      51,
      1,
      "CONDITIONING"
    ],
    [
      95,
      6,
      0,
      51,
      0,
      "CONDITIONING"
    ],
    [
      99,
      36,
      0,
      51,
      3,
      "IMAGE"
    ],
    [
      116,
      51,
      0,
      3,
      1,
      "CONDITIONING"
    ],
    [
      118,
      62,
      0,
      51,
      2,
      "CONTROL_NET"
    ],
    [
      119,
      51,
      1,
      3,
      2,
      "CONDITIONING"
    ],
    [
      122,
      47,
      0,
      51,
      4,
      "MASK"
    ],
    [
      125,
      3,
      0,
      8,
      0,
      "LATENT"
    ],
    [
      127,
      70,
      1,
      62,
      0,
      "TIMESTEP_KEYFRAME"
    ]
  ],
  "groups": [],
  "config": {},
  "extra": {},
  "version": 0.4
}